flight_id,flight_no,airline,date,time,destination,status,status_code,flight_type,last_updated
ET 3785_2026-06-26,ET 3785,ETH,2026-06-26,00:00,"MCT, MAD",Cancelled,,departure,
ET 3793_2026-06-26,ET 3793,ETH,2026-06-26,00:10,"BUD, ADD",Dep 08:17,,departure,
RH 4568_2026-06-26,RH 4568,HKC,2026-06-26,00:15,TPE,Dep 00:58,,departure,
RH 829_2026-06-26,RH 829,HKC,2026-06-26,00:15,PVG,Dep 07:43,,departure,
QR 8401_2026-06-26,QR 8401,QTR,2026-06-26,00:30,DOH,Dep 00:15,,departure,
CX 006_2026-06-26,CX 006,CPA,2026-06-26,00:50,NRT,Dep 01:34,,departure,
2U 8051_2026-06-26,2U 8051,FKH,2026-06-26,01:10,NQZ,Cancelled,,departure,
CX 096_2026-06-26,CX 096,CPA,2026-06-26,01:30,"ANC, NLU",Dep 05:17,,departure,
KZ 202_2026-06-26,KZ 202,NCA,2026-06-26,02:25,NRT,Dep 02:24,,departure,
KJ 974_2026-06-26,KJ 974,AIH,2026-06-26,02:40,ICN,Dep 04:21,,departure,
C6 7634_2026-06-26,C6 7634,MFX,2026-06-26,03:00,TAS,Dep 03:23,,departure,
CI 5826_2026-06-26,CI 5826,CAL,2026-06-26,03:00,TPE,Dep 04:13,,departure,
CX 3031_2026-06-26,CX 3031,CPA,2026-06-26,03:00,AMS,Dep 03:02,,departure,
KE 314_2026-06-26,KE 314,KAL,2026-06-26,03:10,ICN,Dep 02:50,,departure,
LD 204_2026-06-26,LD 204,AHK,2026-06-26,03:15,KIX,Dep 03:15,,departure,
LD 128_2026-06-26,LD 128,AHK,2026-06-26,03:20,ICN,Dep 03:21,,departure,
BR 6538_2026-06-26,BR 6538,EVA,2026-06-26,03:20,TPE,Dep 04:52,,departure,
LD 208_2026-06-26,LD 208,AHK,2026-06-26,03:25,NRT,Dep 03:30,,departure,
LD 327_2026-06-26,LD 327,AHK,2026-06-26,03:25,SIN,Dep 04:10,,departure,
LD 768_2026-06-26,LD 768,AHK,2026-06-26,03:25,PEK,Dep 03:39,,departure,
LD 216_2026-06-26,LD 216,AHK,2026-06-26,03:30,NGO,Dep 03:41,,departure,
8K 526_2026-06-26,8K 526,KMI,2026-06-26,03:30,BKK,Dep 03:49,,departure,
LD 457_2026-06-26,LD 457,AHK,2026-06-26,03:35,"MNL, CEB",Dep 03:56,,departure,
LD 782_2026-06-26,LD 782,AHK,2026-06-26,03:40,PVG,Dep 03:54,,departure,
LD 831_2026-06-26,LD 831,AHK,2026-06-26,03:40,BKK,Dep 03:58,,departure,
LD 561_2026-06-26,LD 561,AHK,2026-06-26,03:45,SGN,Dep 04:07,,departure,
TH 3508_2026-06-26,TH 3508,RMY,2026-06-26,03:45,KUL,Dep 04:22,,departure,
NH 8512_2026-06-26,NH 8512,ANA,2026-06-26,03:50,NRT,Dep 03:45,,departure,
3S 500_2026-06-26,3S 500,BOX,2026-06-26,04:00,LAX,Dep 04:14,,departure,
3Y 6011_2026-06-26,3Y 6011,MYU,2026-06-26,04:00,CGK,Dep 04:22,,departure,
LD 720_2026-06-26,LD 720,AHK,2026-06-26,04:05,CTU,Dep 04:31,,departure,
CX 072_2026-06-26,CX 072,CPA,2026-06-26,04:10,"ANC, MIA",Dep 04:45,,departure,
QR 8407_2026-06-26,QR 8407,QTR,2026-06-26,04:10,DOH,Dep 05:06,,departure,
TH 3091_2026-06-26,TH 3091,RMY,2026-06-26,04:15,PEN,Dep 04:44,,departure,
LD 680_2026-06-26,LD 680,AHK,2026-06-26,04:20,TPE,Dep 04:37,,departure,
SV 987_2026-06-26,SV 987,SVA,2026-06-26,04:40,RUH,Dep 05:29,,departure,
ET 3769_2026-06-26,ET 3769,ETH,2026-06-26,05:00,"EMA, IST",Cancelled,,departure,
QR 8415_2026-06-26,QR 8415,QTR,2026-06-26,05:30,DOH,Dep 05:22,,departure,
3S 713_2026-06-26,3S 713,BOX,2026-06-26,05:35,"DXB, LEJ",Dep 05:49,,departure,
3S 735_2026-06-26,3S 735,BOX,2026-06-26,05:40,"BLR, LEJ",Dep 05:47,,departure,
ES 728_2026-06-26,ES 728,DHX,2026-06-26,05:40,BAH,Dep 05:55,,departure,
FX 5217_2026-06-26,FX 5217,FDX,2026-06-26,06:05,"IST, LGG, CDG, MEM",Dep 06:05,,departure,
RH 9493_2026-06-26,RH 9493,HKC,2026-06-26,06:20,"ALA, IST",Dep 10:33 (27/06/2026),,departure,
D0 591_2026-06-26,D0 591,DHK,2026-06-26,06:40,"DEL, EMA",Dep 06:54,,departure,
CX 2058_2026-06-26,CX 2058,CPA,2026-06-26,06:45,PVG,Dep 17:23,,departure,
ET 3035_2026-06-26,ET 3035,ETH,2026-06-26,06:55,ADD,Cancelled,,departure,
QR 8409_2026-06-26,QR 8409,QTR,2026-06-26,06:55,DOH,Dep 06:37,,departure,
K4 243_2026-06-26,K4 243,CKS,2026-06-26,07:00,"ANC, MIA",Dep 07:07,,departure,
RH 331_2026-06-26,RH 331,HKC,2026-06-26,07:00,BKK,Dep 08:01,,departure,
3S 711_2026-06-26,3S 711,BOX,2026-06-26,07:00,LEJ,Dep 06:53,,departure,
5C 852_2026-06-26,5C 852,ICL,2026-06-26,07:00,TLV,Dep 07:15,,departure,
QR 8411_2026-06-26,QR 8411,QTR,2026-06-26,07:00,DOH,Dep 06:51,,departure,
5Y 5528_2026-06-26,5Y 5528,GTI,2026-06-26,07:00,ICN,Cancelled,,departure,
CX 037_2026-06-26,CX 037,CPA,2026-06-26,07:05,"BLR, LHR",Dep 07:10,,departure,
K4 272_2026-06-26,K4 272,CKS,2026-06-26,07:15,"DWC, LGG",Dep 11:11,,departure,
5C 850_2026-06-26,5C 850,ICL,2026-06-26,07:30,"DWC, TLV",Cancelled,,departure,
CI 6842_2026-06-26,CI 6842,CAL,2026-06-26,07:35,TPE,Dep 10:28,,departure,
O3 152_2026-06-26,O3 152,CSS,2026-06-26,07:55,EHU,Dep 07:37,,departure,
K4 209_2026-06-26,K4 209,CKS,2026-06-26,08:15,"ANC, CVG",Dep 08:04,,departure,
RH 371_2026-06-26,RH 371,HKC,2026-06-26,08:40,SIN,Dep 08:34,,departure,
3S 503_2026-06-26,3S 503,BOX,2026-06-26,09:50,LEJ,Dep 09:58,,departure,
QY 675_2026-06-26,QY 675,BCS,2026-06-26,09:50,"ALA, LEJ",Dep 09:51,,departure,
O3 268_2026-06-26,O3 268,CSS,2026-06-26,09:55,NGB,Dep 10:10,,departure,
QY 517_2026-06-26,QY 517,BCS,2026-06-26,10:00,"ALA, LEJ",Dep 11:47,,departure,
CX 2073_2026-06-26,CX 2073,CPA,2026-06-26,10:05,SIN,Dep 12:21,,departure,
CV 7955_2026-06-26,CV 7955,CLX,2026-06-26,10:15,"NQZ, LUX",Dep 12:17,,departure,
QR 8435_2026-06-26,QR 8435,QTR,2026-06-26,10:15,DOH,Dep 10:16,,departure,
3S 707_2026-06-26,3S 707,BOX,2026-06-26,10:25,"BAH, LEJ",Dep 10:33,,departure,
EK 9843_2026-06-26,EK 9843,UAE,2026-06-26,10:45,DWC,Dep 10:54,,departure,
EK 9791_2026-06-26,EK 9791,UAE,2026-06-26,10:55,DWC,Dep 07:21 (27/06/2026),,departure,
5X 003_2026-06-26,5X 003,UPS,2026-06-26,11:25,"CGN, PHL",Dep 11:22,,departure,
CX 3408_2026-06-26,CX 3408,CPA,2026-06-26,11:35,"ANC, ORD, DFW",Dep 13:57,,departure,
CV 272_2026-06-26,CV 272,CLX,2026-06-26,11:40,"ANC, ORD, LUX",Dep 17:11,,departure,
EY 932_2026-06-26,EY 932,ETD,2026-06-26,11:55,AUH,Dep 14:17,,departure,
T8 4702_2026-06-26,T8 4702,TVR,2026-06-26,12:00,SHJ,Dep 12:42,,departure,
T8 4704_2026-06-26,T8 4704,TVR,2026-06-26,12:00,DMM,Dep 13:26,,departure,
QR 8405_2026-06-26,QR 8405,QTR,2026-06-26,12:05,DOH,Dep 12:31,,departure,
3V 400_2026-06-26,3V 400,TAY,2026-06-26,12:25,"ALA, LGG",Dep 15:14,,departure,
MP 9442_2026-06-26,MP 9442,MPH,2026-06-26,12:30,"ALA, AMS",Cancelled,,departure,
EY 930_2026-06-26,EY 930,ETD,2026-06-26,12:55,AUH,Dep 14:05,,departure,
KJ 970_2026-06-26,KJ 970,AIH,2026-06-26,13:30,ICN,Dep 14:06,,departure,
7L 1923_2026-06-26,7L 1923,AZG,2026-06-26,14:00,DWC,Dep 19:06,,departure,
TK 6259_2026-06-26,TK 6259,THY,2026-06-26,14:20,IST,Dep 19:45,,departure,
5X 067_2026-06-26,5X 067,UPS,2026-06-26,14:20,"ANC, SDF",Dep 14:27,,departure,
K4 551_2026-06-26,K4 551,CKS,2026-06-26,14:40,"NRT, ORD",Dep 17:36,,departure,
CX 039_2026-06-26,CX 039,CPA,2026-06-26,14:45,BOM,Dep 14:49,,departure,
EK 9853_2026-06-26,EK 9853,UAE,2026-06-26,14:45,DWC,Dep 14:28,,departure,
WW 862_2026-06-26,WW 862,KXP,2026-06-26,15:20,KUL,Dep 23:18,,departure,
KE 8314_2026-06-26,KE 8314,KAL,2026-06-26,15:50,ICN,Dep 15:43,,departure,
5Y 612_2026-06-26,5Y 612,GTI,2026-06-26,15:55,"ANC, HSV, MIA",Dep 19:01,,departure,
RH 317_2026-06-26,RH 317,HKC,2026-06-26,15:55,HAN,Dep 09:13 (28/06/2026),,departure,
CX 094_2026-06-26,CX 094,CPA,2026-06-26,16:00,"ANC, JFK",Dep 16:29,,departure,
5X 061_2026-06-26,5X 061,UPS,2026-06-26,16:05,"TPE, ANC, SDF",Dep 17:22,,departure,
P9 881D_2026-06-26,P9 881D,MGE,2026-06-26,16:10,GUM,Dep 00:44 (27/06/2026),,departure,
TK 6321_2026-06-26,TK 6321,THY,2026-06-26,16:25,IST,Dep 16:36,,departure,
5X 169_2026-06-26,5X 169,UPS,2026-06-26,16:25,"SIN, SDF",Dep 17:00,,departure,
3S 507_2026-06-26,3S 507,BOX,2026-06-26,16:35,LEJ,Dep 16:56,,departure,
3S 519_2026-06-26,3S 519,BOX,2026-06-26,16:45,LEJ,Dep 17:34,,departure,
CX 2049_2026-06-26,CX 2049,CPA,2026-06-26,16:55,HAN,Dep 17:09,,departure,
RH 9375_2026-06-26,RH 9375,HKC,2026-06-26,17:00,MAA,Dep 19:18,,departure,
QR 8475_2026-06-26,QR 8475,QTR,2026-06-26,17:15,DOH,Dep 19:25,,departure,
5Y 8139_2026-06-26,5Y 8139,GTI,2026-06-26,17:55,"DEL, ANC",Dep 03:23 (27/06/2026),,departure,
CX 2026_2026-06-26,CX 2026,CPA,2026-06-26,18:05,TPE,Dep 18:15,,departure,
7L 247_2026-06-26,7L 247,AZG,2026-06-26,18:10,GYD,Cancelled,,departure,
RH 9457_2026-06-26,RH 9457,HKC,2026-06-26,18:10,DEL,Dep 18:38,,departure,
7L 572_2026-06-26,7L 572,AZG,2026-06-26,18:35,GYD,Cancelled,,departure,
EK 9847_2026-06-26,EK 9847,UAE,2026-06-26,18:45,DWC,Dep 20:19,,departure,
HE 719_2026-06-26,HE 719,HGO,2026-06-26,18:50,AUH,Dep 21:27,,departure,
SQ 7859_2026-06-26,SQ 7859,SIA,2026-06-26,18:55,SIN,Dep 19:13,,departure,
CI 6844_2026-06-26,CI 6844,CAL,2026-06-26,19:20,TPE,Dep 21:43,,departure,
5X 063_2026-06-26,5X 063,UPS,2026-06-26,19:25,"ANC, SDF",Dep 19:34,,departure,
TH 641_2026-06-26,TH 641,RMY,2026-06-26,19:30,KUL,Dep 19:57,,departure,
TH 641D_2026-06-26,TH 641D,RMY,2026-06-26,19:30,KUL,Dep 21:32,,departure,
QR 8423_2026-06-26,QR 8423,QTR,2026-06-26,19:30,DOH,Dep 19:49,,departure,
WW 866_2026-06-26,WW 866,KXP,2026-06-26,19:35,HKG,Cancelled,,departure,
AK 8542_2026-06-26,AK 8542,AXM,2026-06-26,19:45,KUL,Dep 10:07 (28/06/2026),,departure,
SV 977_2026-06-26,SV 977,SVA,2026-06-26,19:45,JED,Cancelled,,departure,
5X 059_2026-06-26,5X 059,UPS,2026-06-26,19:45,"ANC, ONT",Dep 19:57,,departure,
FX 5991_2026-06-26,FX 5991,FDX,2026-06-26,19:50,"KIX, OAK, MEM",Dep 20:20,,departure,
SR 815_2026-06-26,SR 815,XKY,2026-06-26,20:35,CRK,Cancelled,,departure,
K4 704_2026-06-26,K4 704,CKS,2026-06-26,20:45,"DWC, TLV",Dep 21:24,,departure,
CX 3147_2026-06-26,CX 3147,CPA,2026-06-26,21:00,HAN,Dep 02:56 (27/06/2026),,departure,
CX 090_2026-06-26,CX 090,CPA,2026-06-26,21:05,"ANC, LAX, DFW",Dep 01:33 (27/06/2026),,departure,
RH 351_2026-06-26,RH 351,HKC,2026-06-26,21:20,MNL,Dep 22:28,,departure,
EK 9775_2026-06-26,EK 9775,UAE,2026-06-26,21:25,DWC,Cancelled,,departure,
Y9 2562_2026-06-26,Y9 2562,SGA,2026-06-26,21:40,"DAC, DOH",Cancelled,,departure,
MH 6113_2026-06-26,MH 6113,MAS,2026-06-26,21:50,KUL,Dep 17:07 (28/06/2026),,departure,
AK 8535_2026-06-26,AK 8535,AXM,2026-06-26,21:55,KUL,Dep 23:45 (27/06/2026),,departure,
CV 293_2026-06-26,CV 293,CLX,2026-06-26,22:15,"ANC, NLU, GDL, LUX",Dep 22:44,,departure,
HJ 022_2026-06-26,HJ 022,TMN,2026-06-26,22:35,SYD,Dep 22:57,,departure,
C6 7632_2026-06-26,C6 7632,MFX,2026-06-26,23:00,TAS,Dep 00:14 (27/06/2026),,departure,
QF 7526_2026-06-26,QF 7526,QFA,2026-06-26,23:55,SYD,Dep 00:20 (27/06/2026),,departure,
RH 4568_2026-06-27,RH 4568,HKC,2026-06-27,00:15,TPE,Dep 06:13,,departure,
RH 829_2026-06-27,RH 829,HKC,2026-06-27,00:15,PVG,Dep 13:23,,departure,
QR 8429_2026-06-27,QR 8429,QTR,2026-06-27,00:30,DOH,Dep 00:34,,departure,
CX 006_2026-06-27,CX 006,CPA,2026-06-27,00:50,NRT,Dep 04:43,,departure,
CX 086_2026-06-27,CX 086,CPA,2026-06-27,01:30,"ANC, NLU",Dep 08:58,,departure,
BR 6090_2026-06-27,BR 6090,EVA,2026-06-27,01:30,TPE,Dep 01:12,,departure,
KJ 972_2026-06-27,KJ 972,AIH,2026-06-27,02:20,ICN,Dep 02:33,,departure,
KZ 202_2026-06-27,KZ 202,NCA,2026-06-27,02:25,NRT,Dep 03:20,,departure,
NH 8512_2026-06-27,NH 8512,ANA,2026-06-27,02:25,NRT,Dep 02:09,,departure,
Y9 2562_2026-06-27,Y9 2562,SGA,2026-06-27,02:40,"DAC, DOH",Dep 07:01,,departure,
CX 056_2026-06-27,CX 056,CPA,2026-06-27,02:40,PVG,Dep 08:05,,departure,
ET 3219_2026-06-27,ET 3219,ETH,2026-06-27,02:40,ADD,Cancelled,,departure,
SV 983_2026-06-27,SV 983,SVA,2026-06-27,02:55,RUH,Dep 06:43,,departure,
CI 5836_2026-06-27,CI 5836,CAL,2026-06-27,03:00,TPE,Dep 03:01,,departure,
KE 314_2026-06-27,KE 314,KAL,2026-06-27,03:10,ICN,Dep 02:50,,departure,
BR 6536_2026-06-27,BR 6536,EVA,2026-06-27,03:20,TPE,Dep 03:15,,departure,
LD 457_2026-06-27,LD 457,AHK,2026-06-27,03:35,"MNL, CEB",Dep 03:43,,departure,
QR 8421_2026-06-27,QR 8421,QTR,2026-06-27,03:35,DOH,Dep 03:26,,departure,
8K 526_2026-06-27,8K 526,KMI,2026-06-27,03:40,BKK,Dep 04:05,,departure,
LD 591_2026-06-27,LD 591,AHK,2026-06-27,03:45,PEN,Dep 03:47,,departure,
LD 128_2026-06-27,LD 128,AHK,2026-06-27,03:50,ICN,Dep 03:57,,departure,
LD 208_2026-06-27,LD 208,AHK,2026-06-27,03:55,NRT,Dep 03:57,,departure,
CX 050_2026-06-27,CX 050,CPA,2026-06-27,04:00,CGO,Dep 11:19,,departure,
LD 831_2026-06-27,LD 831,AHK,2026-06-27,04:05,BKK,Dep 04:03,,departure,
SQ 7412_2026-06-27,SQ 7412,SIA,2026-06-27,04:05,"NGO, CVG",Dep 03:53,,departure,
TC 503_2026-06-27,TC 503,ATC,2026-06-27,04:10,MCT,Cancelled,,departure,
LD 782_2026-06-27,LD 782,AHK,2026-06-27,04:15,PVG,Dep 04:11,,departure,
ET 3707_2026-06-27,ET 3707,ETH,2026-06-27,04:25,"BUD, ADD",Dep 01:35,,departure,
ET 3793_2026-06-27,ET 3793,ETH,2026-06-27,04:30,"BUD, ADD",Dep 09:46,,departure,
LD 317_2026-06-27,LD 317,AHK,2026-06-27,04:35,SIN,Dep 04:38,,departure,
CV 352_2026-06-27,CV 352,CLX,2026-06-27,04:40,"GYD, BUD, LUX",Est at 06:50,,departure,
LD 680_2026-06-27,LD 680,AHK,2026-06-27,04:45,TPE,Dep 04:48,,departure,
CX 061_2026-06-27,CX 061,CPA,2026-06-27,05:00,"BLR, FRA",Dep 05:08,,departure,
MB 382_2026-06-27,MB 382,MNB,2026-06-27,05:15,"SHJ, IST",Dep 05:57,,departure,
3S 715_2026-06-27,3S 715,BOX,2026-06-27,05:35,"DXB, LEJ",Dep 06:07,,departure,
EK 9831_2026-06-27,EK 9831,UAE,2026-06-27,05:35,DWC,Dep 05:29,,departure,
3S 733_2026-06-27,3S 733,BOX,2026-06-27,05:40,"BLR, EMA, LEJ",Dep 06:17,,departure,
ES 720_2026-06-27,ES 720,DHX,2026-06-27,05:40,BAH,Dep 21:07,,departure,
3S 545_2026-06-27,3S 545,BOX,2026-06-27,05:55,"BRU, FRA",Dep 06:10,,departure,
K4 287_2026-06-27,K4 287,CKS,2026-06-27,06:00,"LAX, LEJ",Dep 06:42,,departure,
7L 247_2026-06-27,7L 247,AZG,2026-06-27,06:00,GYD,Dep 07:03,,departure,
QR 8403_2026-06-27,QR 8403,QTR,2026-06-27,06:00,DOH,Dep 06:08,,departure,
FX 021_2026-06-27,FX 021,FDX,2026-06-27,06:05,"IST, CDG, MXP, MEM",Dep 06:01,,departure,
CV 352_2026-06-27,CV 352,CLX,2026-06-27,06:50,"ASB, BUD, LUX",Dep 06:50,,departure,
CC 3575_2026-06-27,CC 3575,ABD,2026-06-27,06:50,"CMB, JNB",Dep 11:31,,departure,
K4 253_2026-06-27,K4 253,CKS,2026-06-27,06:55,"ANC, JFK, CVG",Dep 07:09,,departure,
3S 709_2026-06-27,3S 709,BOX,2026-06-27,06:55,"BAH, LEJ",Dep 07:18,,departure,
CT 126_2026-06-27,CT 126,AAE,2026-06-27,06:55,"KGF, OTP",Dep 18:24,,departure,
K4 241_2026-06-27,K4 241,CKS,2026-06-27,07:00,"ANC, MIA, CVG",Dep 07:18,,departure,
RH 331_2026-06-27,RH 331,HKC,2026-06-27,07:00,BKK,Dep 06:14 (28/06/2026),,departure,
HE 775_2026-06-27,HE 775,HGO,2026-06-27,07:00,"ALA, EMA",Dep 07:29,,departure,
N8 531_2026-06-27,N8 531,NCR,2026-06-27,07:00,"AUH, RUH",Dep 10:40,,departure,
CK 264_2026-06-27,CK 264,CKK,2026-06-27,07:00,CKG,Dep 16:52,,departure,
EK 9215_2026-06-27,EK 9215,UAE,2026-06-27,07:00,"ALA, BUD",Dep 12:31,,departure,
RH 392_2026-06-27,RH 392,HKC,2026-06-27,07:05,"ALA, BUD",Dep 05:04 (29/06/2026),,departure,
ET 3601_2026-06-27,ET 3601,ETH,2026-06-27,07:10,ADD,Cancelled,,departure,
TK 6303_2026-06-27,TK 6303,THY,2026-06-27,07:20,"CIT, IST",Dep 07:32,,departure,
HJ 026_2026-06-27,HJ 026,TMN,2026-06-27,07:20,SYD,Dep 07:43,,departure,
K4 531_2026-06-27,K4 531,CKS,2026-06-27,07:30,"ICN, ANC, ORD",Dep 10:44,,departure,
HE 898_2026-06-27,HE 898,HGO,2026-06-27,07:30,RUH,Cancelled,,departure,
2U 8874_2026-06-27,2U 8874,FKH,2026-06-27,07:30,"NQZ, RIX",Dep 12:17,,departure,
CX 3549_2026-06-27,CX 3549,CPA,2026-06-27,08:05,BKK,Dep 07:57,,departure,
CX 3073_2026-06-27,CX 3073,CPA,2026-06-27,08:20,PEN,Dep 08:55,,departure,
RH 371_2026-06-27,RH 371,HKC,2026-06-27,08:40,SIN,Dep 15:04,,departure,
5C 850_2026-06-27,5C 850,ICL,2026-06-27,08:40,"DWC, TLV",Dep 09:52,,departure,
P9 881_2026-06-27,P9 881,MGE,2026-06-27,09:00,GUM,Dep 01:30 (28/06/2026),,departure,
KJ 952_2026-06-27,KJ 952,AIH,2026-06-27,09:20,ICN,Dep 13:16,,departure,
EK 9833_2026-06-27,EK 9833,UAE,2026-06-27,09:40,DWC,Dep 10:13,,departure,
RH 9375_2026-06-27,RH 9375,HKC,2026-06-27,09:50,MAA,Dep 22:45,,departure,
CV 251_2026-06-27,CV 251,CLX,2026-06-27,09:55,"ANC, ORD, DFW, LUX",Dep 12:04,,departure,
O3 268_2026-06-27,O3 268,CSS,2026-06-27,09:55,NGB,Dep 11:25,,departure,
RH 6651_2026-06-27,RH 6651,HKC,2026-06-27,09:55,DAC,Dep 17:08,,departure,
LH 8461_2026-06-27,LH 8461,GEC,2026-06-27,10:20,"IST, FRA",Dep 11:37,,departure,
SQ 7980_2026-06-27,SQ 7980,SIA,2026-06-27,10:30,"ANC, DFW",Dep 12:21,,departure,
CV 292_2026-06-27,CV 292,CLX,2026-06-27,10:30,"GYD, LUX",Dep 11:51,,departure,
5C 852_2026-06-27,5C 852,ICL,2026-06-27,10:35,TLV,Cancelled,,departure,
D0 593_2026-06-27,D0 593,DHK,2026-06-27,11:55,"DEL, EMA",Dep 14:03,,departure,
T8 4702_2026-06-27,T8 4702,TVR,2026-06-27,12:00,DMM,Dep 13:10,,departure,
T8 4704_2026-06-27,T8 4704,TVR,2026-06-27,12:00,SHJ,Dep 13:32,,departure,
RH 9489_2026-06-27,RH 9489,HKC,2026-06-27,12:05,"ALA, IST",Dep 18:07 (28/06/2026),,departure,
CX 084_2026-06-27,CX 084,CPA,2026-06-27,12:10,"ANC, LAX, PDX",Dep 14:31,,departure,
5Y 8052_2026-06-27,5Y 8052,GTI,2026-06-27,12:30,"ANC, MIA",Dep 14:04,,departure,
CX 049_2026-06-27,CX 049,CPA,2026-06-27,13:15,DAC,Dep 13:56,,departure,
MH 6104_2026-06-27,MH 6104,MAS,2026-06-27,13:20,KUL,Cancelled,,departure,
MH 6105_2026-06-27,MH 6105,MAS,2026-06-27,13:20,KUL,Dep 21:54 (28/06/2026),,departure,
KJ 968_2026-06-27,KJ 968,AIH,2026-06-27,13:30,ICN,Dep 14:38,,departure,
CX 3241_2026-06-27,CX 3241,CPA,2026-06-27,14:30,DEL,Dep 14:33,,departure,
WW 862_2026-06-27,WW 862,KXP,2026-06-27,14:45,KUL,Cancelled,,departure,
EK 9845_2026-06-27,EK 9845,UAE,2026-06-27,14:45,DWC,Dep 15:00 (28/06/2026),,departure,
CP 156_2026-06-27,CP 156,LSI,2026-06-27,14:50,"GYD, FCO",Dep 14:54,,departure,
5X 069_2026-06-27,5X 069,UPS,2026-06-27,14:55,"ANC, SDF",Dep 15:06,,departure,
SR 815_2026-06-27,SR 815,XKY,2026-06-27,15:00,CRK,Dep 15:15,,departure,
CX 3032_2026-06-27,CX 3032,CPA,2026-06-27,15:10,ICN,Dep 15:31,,departure,
EY 926_2026-06-27,EY 926,ETD,2026-06-27,15:35,AUH,Dep 15:23,,departure,
RH 317_2026-06-27,RH 317,HKC,2026-06-27,15:55,HAN,Dep 12:00 (29/06/2026),,departure,
MP 9452_2026-06-27,MP 9452,MPH,2026-06-27,16:00,"ALA, AMS",Dep 18:37,,departure,
CX 080_2026-06-27,CX 080,CPA,2026-06-27,16:05,"ANC, ORD",Dep 19:14,,departure,
F5 7625_2026-06-27,F5 7625,ATG,2026-06-27,16:30,"DWC, TLV",Dep 21:25,,departure,
EK 9793_2026-06-27,EK 9793,UAE,2026-06-27,16:50,DWC,Dep 17:26,,departure,
5Y 8137_2026-06-27,5Y 8137,GTI,2026-06-27,17:15,"DEL, ANC",Dep 23:07,,departure,
C8 762_2026-06-27,C8 762,ICV,2026-06-27,17:25,"ASB, MXP",Dep 17:46,,departure,
KE 9314_2026-06-27,KE 9314,KAL,2026-06-27,17:30,ICN,Dep 17:37,,departure,
EK 9841_2026-06-27,EK 9841,UAE,2026-06-27,18:00,DWC,Dep 03:52 (28/06/2026),,departure,
5Y 4356_2026-06-27,5Y 4356,GTI,2026-06-27,18:05,"SHJ, LGG",Cancelled,,departure,
7L 624_2026-06-27,7L 624,AZG,2026-06-27,18:25,GYD,Cancelled,,departure,
CI 5824_2026-06-27,CI 5824,CAL,2026-06-27,18:50,TPE,Dep 18:35,,departure,
5Y 638_2026-06-27,5Y 638,GTI,2026-06-27,19:10,"ANC, LAX",Dep 19:22,,departure,
CI 5838_2026-06-27,CI 5838,CAL,2026-06-27,19:20,TPE,Dep 19:33,,departure,
2C 575_2026-06-27,2C 575,CMA,2026-06-27,19:25,"NVI, CDG",Dep 19:16,,departure,
TH 641_2026-06-27,TH 641,RMY,2026-06-27,19:30,KUL,Dep 19:50,,departure,
AK 8546_2026-06-27,AK 8546,AXM,2026-06-27,19:45,KUL,Dep 01:42 (29/06/2026),,departure,
3S 631_2026-06-27,3S 631,BOX,2026-06-27,19:45,"BLR, FRA",Dep 19:42,,departure,
SV 973_2026-06-27,SV 973,SVA,2026-06-27,19:45,RUH,Dep 20:30,,departure,
SQ 7867_2026-06-27,SQ 7867,SIA,2026-06-27,19:45,SIN,Dep 19:31,,departure,
CX 067_2026-06-27,CX 067,CPA,2026-06-27,19:55,"MAA, FRA",Dep 20:15,,departure,
FX 5012_2026-06-27,FX 5012,FDX,2026-06-27,20:45,"ANC, MEM",Dep 20:48,,departure,
5X 059_2026-06-27,5X 059,UPS,2026-06-27,21:00,"ANC, SDF",Dep 20:51,,departure,
CV 309_2026-06-27,CV 309,CLX,2026-06-27,21:10,"GYD, LUX",Dep 21:13,,departure,
RH 351_2026-06-27,RH 351,HKC,2026-06-27,21:20,MNL,Dep 22:16,,departure,
7L 648_2026-06-27,7L 648,AZG,2026-06-27,21:55,GYD,Cancelled,,departure,
CX 3262_2026-06-27,CX 3262,CPA,2026-06-27,22:00,CKG,Dep 22:14,,departure,
CV 244_2026-06-27,CV 244,CLX,2026-06-27,22:15,"ANC, LAX, LUX",Dep 07:38 (28/06/2026),,departure,
QR 8441_2026-06-27,QR 8441,QTR,2026-06-27,22:15,DOH,Dep 22:24,,departure,
SR 822_2026-06-27,SR 822,XKY,2026-06-27,22:30,CRK,Dep 22:31,,departure,
MB 578_2026-06-27,MB 578,MNB,2026-06-27,22:45,SHJ,Cancelled,,departure,
EY 938_2026-06-27,EY 938,ETD,2026-06-27,23:05,AUH,Dep 23:16,,departure,
CX 3238_2026-06-27,CX 3238,CPA,2026-06-27,23:10,XMN,Dep 23:04,,departure,
BR 6820_2026-06-27,BR 6820,EVA,2026-06-27,23:15,TPE,Dep 22:50,,departure,
CX 054_2026-06-27,CX 054,CPA,2026-06-27,23:30,PVG,Dep 08:36 (28/06/2026),,departure,
5X 061_2026-06-27,5X 061,UPS,2026-06-27,23:30,"TPE, ANC, SDF",Dep 23:22,,departure,
RH 4568_2026-06-28,RH 4568,HKC,2026-06-28,00:15,TPE,Dep 02:10,,departure,
RH 829_2026-06-28,RH 829,HKC,2026-06-28,00:15,PVG,Dep 15:22 (29/06/2026),,departure,
ET 3785_2026-06-28,ET 3785,ETH,2026-06-28,00:15,"MCT, MAD",Cancelled,,departure,
CV 597_2026-06-28,CV 597,CLX,2026-06-28,00:35,"GYD, LUX",Dep 07:18,,departure,
CX 006_2026-06-28,CX 006,CPA,2026-06-28,00:50,NRT,Dep 01:36,,departure,
RH 9489_2026-06-28,RH 9489,HKC,2026-06-28,01:00,"ALA, IST",Cancelled,,departure,
CX 096_2026-06-28,CX 096,CPA,2026-06-28,01:30,"ANC, NLU",Dep 02:59,,departure,
SV 987_2026-06-28,SV 987,SVA,2026-06-28,02:10,RUH,Dep 05:38,,departure,
MB 530_2026-06-28,MB 530,MNB,2026-06-28,02:15,"NVI, IST",Dep 05:55,,departure,
QR 8465_2026-06-28,QR 8465,QTR,2026-06-28,02:20,DOH,Dep 02:34,,departure,
QY 671_2026-06-28,QY 671,BCS,2026-06-28,02:20,ALA,Dep 05:05,,departure,
KZ 202D_2026-06-28,KZ 202D,NCA,2026-06-28,02:25,NRT,Dep 04:55 (29/06/2026),,departure,
5X 063_2026-06-28,5X 063,UPS,2026-06-28,02:35,"ANC, SDF",Dep 02:26,,departure,
QR 8419_2026-06-28,QR 8419,QTR,2026-06-28,02:40,DOH,Dep 02:37,,departure,
CI 5826_2026-06-28,CI 5826,CAL,2026-06-28,03:00,TPE,Dep 02:23,,departure,
KE 314_2026-06-28,KE 314,KAL,2026-06-28,03:10,ICN,Dep 03:14,,departure,
5X 001_2026-06-28,5X 001,UPS,2026-06-28,03:15,"CGN, PHL",Dep 03:05,,departure,
LD 457_2026-06-28,LD 457,AHK,2026-06-28,03:35,"MNL, CEB",Dep 03:30,,departure,
LD 768_2026-06-28,LD 768,AHK,2026-06-28,03:35,PEK,Dep 03:33,,departure,
LD 831_2026-06-28,LD 831,AHK,2026-06-28,03:40,BKK,Dep 03:47,,departure,
8K 526_2026-06-28,8K 526,KMI,2026-06-28,03:40,BKK,Dep 03:41,,departure,
ET 3769_2026-06-28,ET 3769,ETH,2026-06-28,03:50,"EMA, ADD",Cancelled,,departure,
LD 216_2026-06-28,LD 216,AHK,2026-06-28,03:55,NGO,Dep 04:02,,departure,
LD 327_2026-06-28,LD 327,AHK,2026-06-28,03:55,SIN,Dep 04:16,,departure,
D0 897_2026-06-28,D0 897,DHK,2026-06-28,03:55,"BAH, LEJ",Dep 03:51,,departure,
LD 204_2026-06-28,LD 204,AHK,2026-06-28,04:00,KIX,Dep 04:19,,departure,
QR 8407_2026-06-28,QR 8407,QTR,2026-06-28,04:00,DOH,Dep 04:06,,departure,
LD 208_2026-06-28,LD 208,AHK,2026-06-28,04:05,NRT,Dep 04:14,,departure,
LD 720_2026-06-28,LD 720,AHK,2026-06-28,04:05,CTU,Dep 04:18,,departure,
CP 128_2026-06-28,CP 128,LSI,2026-06-28,04:15,"GYD, MST",Dep 06:12,,departure,
LD 782_2026-06-28,LD 782,AHK,2026-06-28,04:15,PVG,Dep 04:28,,departure,
TH 3091_2026-06-28,TH 3091,RMY,2026-06-28,04:15,PEN,Dep 04:28,,departure,
LD 128_2026-06-28,LD 128,AHK,2026-06-28,04:50,ICN,Dep 04:45,,departure,
MH 6013_2026-06-28,MH 6013,MAS,2026-06-28,04:55,KUL,Cancelled,,departure,
LD 561_2026-06-28,LD 561,AHK,2026-06-28,05:00,"SGN, PEN",Dep 05:01,,departure,
MS 510_2026-06-28,MS 510,MSR,2026-06-28,05:00,BKK,Dep 06:24,,departure,
ES 736_2026-06-28,ES 736,DHX,2026-06-28,05:00,"BLR, BAH",Dep 15:00,,departure,
TH 3508_2026-06-28,TH 3508,RMY,2026-06-28,05:00,KUL,Dep 04:47,,departure,
QR 8473_2026-06-28,QR 8473,QTR,2026-06-28,05:15,DOH,Dep 05:11,,departure,
3S 713_2026-06-28,3S 713,BOX,2026-06-28,05:35,"DXB, LEJ",Dep 05:57,,departure,
ET 3793_2026-06-28,ET 3793,ETH,2026-06-28,05:45,"BUD, ADD",Dep 05:20,,departure,
QR 8453_2026-06-28,QR 8453,QTR,2026-06-28,05:45,DOH,Dep 05:48,,departure,
QY 677_2026-06-28,QY 677,BCS,2026-06-28,05:55,"ALA, LEJ",Dep 06:19,,departure,
3S 500_2026-06-28,3S 500,BOX,2026-06-28,06:00,LAX,Dep 06:03,,departure,
QR 8431_2026-06-28,QR 8431,QTR,2026-06-28,06:00,DOH,Dep 05:29,,departure,
CX 007_2026-06-28,CX 007,CPA,2026-06-28,06:05,"BOM, LHR",Dep 06:50,,departure,
QY 651_2026-06-28,QY 651,BCS,2026-06-28,06:30,"BAH, MXP, LEJ",Dep 06:40,,departure,
CX 072_2026-06-28,CX 072,CPA,2026-06-28,06:40,"ANC, MIA, IAH",Dep 06:53,,departure,
K4 255_2026-06-28,K4 255,CKS,2026-06-28,06:55,"ANC, JFK, CVG",Dep 07:09,,departure,
CC 4030_2026-06-28,CC 4030,ABD,2026-06-28,06:55,CMB,Dep 20:19,,departure,
K4 235_2026-06-28,K4 235,CKS,2026-06-28,07:00,"ANC, MIA, CVG",Dep 07:26,,departure,
RH 331_2026-06-28,RH 331,HKC,2026-06-28,07:00,BKK,Dep 19:13,,departure,
HE 898_2026-06-28,HE 898,HGO,2026-06-28,07:00,AUH,Dep 07:10,,departure,
F5 7628_2026-06-28,F5 7628,ATG,2026-06-28,07:00,DWC,Cancelled,,departure,
5X 003_2026-06-28,5X 003,UPS,2026-06-28,07:00,"CGN, PHL",Dep 06:54,,departure,
QY 517_2026-06-28,QY 517,BCS,2026-06-28,07:00,"ALA, LEJ",Dep 07:38,,departure,
CK 264_2026-06-28,CK 264,CKK,2026-06-28,07:10,CKG,Dep 06:56,,departure,
3S 507_2026-06-28,3S 507,BOX,2026-06-28,07:15,LEJ,Dep 07:18,,departure,
CI 5834_2026-06-28,CI 5834,CAL,2026-06-28,07:20,TPE,Dep 14:46,,departure,
CV 708_2026-06-28,CV 708,CLX,2026-06-28,07:20,"GYD, BUD, LUX",Dep 09:16 (29/06/2026),,departure,
HJ 024_2026-06-28,HJ 024,TMN,2026-06-28,07:25,SYD,Dep 07:55,,departure,
3S 721_2026-06-28,3S 721,BOX,2026-06-28,07:35,"DEL, LEJ",Dep 07:41,,departure,
K4 223_2026-06-28,K4 223,CKS,2026-06-28,07:40,ANC,Dep 06:11,,departure,
K4 201_2026-06-28,K4 201,CKS,2026-06-28,08:15,"ANC, ORD, CVG",Dep 08:41,,departure,
3S 547_2026-06-28,3S 547,BOX,2026-06-28,08:20,"BRU, LEJ",Dep 08:09,,departure,
ES 696_2026-06-28,ES 696,DHX,2026-06-28,08:25,BAH,Cancelled,,departure,
RH 371_2026-06-28,RH 371,HKC,2026-06-28,08:40,SIN,Dep 00:32 (29/06/2026),,departure,
K4 273_2026-06-28,K4 273,CKS,2026-06-28,08:55,"ANC, CVG",Dep 11:39,,departure,
QY 675_2026-06-28,QY 675,BCS,2026-06-28,08:55,ALA,Dep 09:28,,departure,
FX 018_2026-06-28,FX 018,FDX,2026-06-28,09:15,"SIN, ANC, MEM",Dep 09:54,,departure,
KJ 954_2026-06-28,KJ 954,AIH,2026-06-28,09:20,ICN,Dep 10:48,,departure,
K4 702_2026-06-28,K4 702,CKS,2026-06-28,09:30,"DWC, TLV",Dep 12:46,,departure,
3S 509_2026-06-28,3S 509,BOX,2026-06-28,09:30,LEJ,Dep 11:38,,departure,
D0 511_2026-06-28,D0 511,DHK,2026-06-28,09:30,"LEJ, EMA",Cancelled,,departure,
HJ 032_2026-06-28,HJ 032,TMN,2026-06-28,09:35,MEL,Dep 11:28,,departure,
EK 9861_2026-06-28,EK 9861,UAE,2026-06-28,09:35,DWC,Dep 20:51,,departure,
QR 8433_2026-06-28,QR 8433,QTR,2026-06-28,09:45,DOH,Dep 11:02,,departure,
CX 3249_2026-06-28,CX 3249,CPA,2026-06-28,09:50,CGK,Dep 15:25,,departure,
RH 962_2026-06-28,RH 962,HKC,2026-06-28,09:55,KIX,Dep 13:21,,departure,
7L 1648_2026-06-28,7L 1648,AZG,2026-06-28,10:00,GYD,Dep 12:21,,departure,
LH 8463_2026-06-28,LH 8463,GEC,2026-06-28,10:15,"IST, FRA",Dep 11:23,,departure,
CX 079_2026-06-28,CX 079,CPA,2026-06-28,10:40,SIN,Dep 12:21,,departure,
K4 538_2026-06-28,K4 538,CKS,2026-06-28,11:00,"ICN, ANC, ORD",Dep 13:41,,departure,
MP 9462_2026-06-28,MP 9462,MPH,2026-06-28,11:15,"ALA, AMS",Dep 16:23,,departure,
3V 400D_2026-06-28,3V 400D,TAY,2026-06-28,11:25,"ALA, LEJ, LGG",Dep 07:54 (06/07/2026),,departure,
T8 4702_2026-06-28,T8 4702,TVR,2026-06-28,11:30,SHJ,Dep 13:11,,departure,
CX 3194_2026-06-28,CX 3194,CPA,2026-06-28,11:55,"ANC, JFK",Dep 13:06,,departure,
T8 4704_2026-06-28,T8 4704,TVR,2026-06-28,12:00,SHJ,Dep 15:44,,departure,
N8 534_2026-06-28,N8 534,NCR,2026-06-28,12:20,"AUH, RUH",Dep 17:55,,departure,
LD 8915_2026-06-28,LD 8915,AHK,2026-06-28,13:10,CGK,Dep 14:52,,departure,
TK 6691_2026-06-28,TK 6691,THY,2026-06-28,13:15,"CIT, IST",Dep 14:51,,departure,
KJ 970_2026-06-28,KJ 970,AIH,2026-06-28,13:15,ICN,Dep 15:14,,departure,
EK 9859_2026-06-28,EK 9859,UAE,2026-06-28,13:25,DWC,Dep 14:51 (29/06/2026),,departure,
EK 9887_2026-06-28,EK 9887,UAE,2026-06-28,13:35,DWC,Cancelled,,departure,
N8 525_2026-06-28,N8 525,NCR,2026-06-28,14:00,KWI,Dep 09:35 (30/06/2026),,departure,
CV 942_2026-06-28,CV 942,CLX,2026-06-28,14:00,"GYD, LUX",Dep 01:11 (29/06/2026),,departure,
CB 859_2026-06-28,CB 859,ABB,2026-06-28,14:00,NVI,Dep 17:27,,departure,
CC 4101_2026-06-28,CC 4101,ABD,2026-06-28,14:00,"SHJ, LGG",Dep 07:20 (29/06/2026),,departure,
K4 551_2026-06-28,K4 551,CKS,2026-06-28,14:40,"NRT, ANC, ORD",Dep 17:55,,departure,
CV 209_2026-06-28,CV 209,CLX,2026-06-28,14:45,"ANC, ORD, LUX",Dep 20:34,,departure,
5Y 8373_2026-06-28,5Y 8373,GTI,2026-06-28,15:00,"ANC, MIA",Dep 18:48,,departure,
EK 9839_2026-06-28,EK 9839,UAE,2026-06-28,15:05,DWC,Cancelled,,departure,
KZ 206_2026-06-28,KZ 206,NCA,2026-06-28,15:30,NRT,Dep 17:48,,departure,
NH 8514_2026-06-28,NH 8514,ANA,2026-06-28,15:40,NRT,Dep 17:05,,departure,
P9 881_2026-06-28,P9 881,MGE,2026-06-28,16:10,GUM,Dep 18:00,,departure,
CV 342_2026-06-28,CV 342,CLX,2026-06-28,16:30,"ANC, MIA, LUX",Dep 18:51,,departure,
K4 527_2026-06-28,K4 527,CKS,2026-06-28,16:30,"ANC, LAX",Dep 17:41,,departure,
HE 721_2026-06-28,HE 721,HGO,2026-06-28,16:40,AUH,Dep 09:27 (29/06/2026),,departure,
5Y 654_2026-06-28,5Y 654,GTI,2026-06-28,16:50,"ANC, ORD, MIA",Dep 17:53,,departure,
KE 8314_2026-06-28,KE 8314,KAL,2026-06-28,16:55,ICN,Dep 17:21,,departure,
RH 9375_2026-06-28,RH 9375,HKC,2026-06-28,17:00,MAA,Dep 23:10 (01/07/2026),,departure,
7L 923_2026-06-28,7L 923,AZG,2026-06-28,17:20,GYD,Cancelled,,departure,
FX 9017_2026-06-28,FX 9017,FDX,2026-06-28,18:05,HAN,Dep 18:15,,departure,
RH 9457_2026-06-28,RH 9457,HKC,2026-06-28,18:10,DEL,Dep 19:11,,departure,
MH 6107_2026-06-28,MH 6107,MAS,2026-06-28,18:20,KUL,Dep 04:58 (01/07/2026),,departure,
7L 621_2026-06-28,7L 621,AZG,2026-06-28,18:25,GYD,Cancelled,,departure,
AK 8542_2026-06-28,AK 8542,AXM,2026-06-28,18:30,KUL,Dep 13:46 (29/06/2026),,departure,
CV 226_2026-06-28,CV 226,CLX,2026-06-28,18:35,"JFK, ANC, LUX",Dep 04:07 (29/06/2026),,departure,
CX 043_2026-06-28,CX 043,CPA,2026-06-28,18:55,MAA,Dep 19:10,,departure,
C8 513_2026-06-28,C8 513,ICV,2026-06-28,19:15,"ASB, MXP",Dep 19:39,,departure,
CX 2098_2026-06-28,CX 2098,CPA,2026-06-28,20:05,"ANC, ORD",Dep 20:13,,departure,
F5 6527_2026-06-28,F5 6527,ATG,2026-06-28,20:30,RUH,Dep 06:58 (29/06/2026),,departure,
5Y 8523_2026-06-28,5Y 8523,GTI,2026-06-28,20:40,"ANC, ORD",Dep 23:20,,departure,
RH 394_2026-06-28,RH 394,HKC,2026-06-28,20:50,"ALA, ATH",Cancelled,,departure,
3G 807_2026-06-28,3G 807,WCM,2026-06-28,21:05,KUL,Cancelled,,departure,
7L 692_2026-06-28,7L 692,AZG,2026-06-28,21:20,GYD,Cancelled,,departure,
MB 580_2026-06-28,MB 580,MNB,2026-06-28,21:25,"NVI, IST",Dep 02:00 (29/06/2026),,departure,
CX 037_2026-06-28,CX 037,CPA,2026-06-28,21:30,"DEL, FRA",Dep 21:44,,departure,
AK 8535_2026-06-28,AK 8535,AXM,2026-06-28,21:55,KUL,Cancelled,,departure,
QR 8455_2026-06-28,QR 8455,QTR,2026-06-28,22:05,DOH,Dep 21:58,,departure,
QR 8477_2026-06-28,QR 8477,QTR,2026-06-28,22:10,DOH,Dep 23:10,,departure,
CX 3129_2026-06-28,CX 3129,CPA,2026-06-28,22:50,SYD,Dep 22:54,,departure,
CI 5832_2026-06-28,CI 5832,CAL,2026-06-28,23:00,TPE,Dep 00:39 (29/06/2026),,departure,
SR 813_2026-06-28,SR 813,XKY,2026-06-28,23:15,MNL,Dep 23:17,,departure,
2U 8062_2026-06-28,2U 8062,FKH,2026-06-28,23:20,NQZ,Cancelled,,departure,
QF 7526_2026-06-28,QF 7526,QFA,2026-06-28,23:45,SYD,Dep 23:39,,departure,
WW 862_2026-06-28,WW 862,KXP,2026-06-28,23:55,KUL,Dep 23:59,,departure,
CX 3290_2026-06-28,CX 3290,CPA,2026-06-28,23:55,"ANC, DFW, ATL",Dep 23:56,,departure,
EY 948_2026-06-29,EY 948,ETD,2026-06-29,00:15,AUH,Dep 00:08,,departure,
CV 7957_2026-06-29,CV 7957,CLX,2026-06-29,00:40,"NQZ, LUX",Dep 01:33,,departure,
ET 3219X_2026-06-29,ET 3219X,ETH,2026-06-29,00:45,ADD,Cancelled,,departure,
CX 096_2026-06-29,CX 096,CPA,2026-06-29,01:30,"ANC, NLU",Dep 02:37,,departure,
5X 169_2026-06-29,5X 169,UPS,2026-06-29,01:35,"SIN, SDF",Dep 01:30,,departure,
TK 6257_2026-06-29,TK 6257,THY,2026-06-29,01:40,IST,Dep 01:49,,departure,
KZ 202_2026-06-29,KZ 202,NCA,2026-06-29,02:25,NRT,Dep 04:07,,departure,
QR 8411_2026-06-29,QR 8411,QTR,2026-06-29,02:30,DOH,Dep 03:28,,departure,
LD 680_2026-06-29,LD 680,AHK,2026-06-29,02:40,TPE,Dep 04:07,,departure,
SV 969_2026-06-29,SV 969,SVA,2026-06-29,02:55,"BOM, RUH",Dep 03:45,,departure,
KE 314_2026-06-29,KE 314,KAL,2026-06-29,03:10,ICN,Dep 02:54,,departure,
CV 226_2026-06-29,CV 226,CLX,2026-06-29,03:30,"ANC, JFK",Cancelled,,departure,
QR 8415_2026-06-29,QR 8415,QTR,2026-06-29,03:35,DOH,Dep 07:08,,departure,
BR 6530_2026-06-29,BR 6530,EVA,2026-06-29,03:50,TPE,Dep 03:50,,departure,
ET 3034_2026-06-29,ET 3034,ETH,2026-06-29,05:00,"LGG, ADD",Cancelled,,departure,
ET 3039_2026-06-29,ET 3039,ETH,2026-06-29,05:00,ADD,Cancelled,,departure,
QR 8435_2026-06-29,QR 8435,QTR,2026-06-29,05:00,DOH,Dep 04:55,,departure,
EK 9863_2026-06-29,EK 9863,UAE,2026-06-29,05:25,DWC,Dep 08:45,,departure,
MB 630_2026-06-29,MB 630,MNB,2026-06-29,05:30,"NVI, IST",Dep 16:16,,departure,
Y9 2564_2026-06-29,Y9 2564,SGA,2026-06-29,06:00,"DAC, DAC",Dep 07:24,,departure,
3S 633_2026-06-29,3S 633,BOX,2026-06-29,06:00,"BLR, FRA",Dep 05:54,,departure,
K4 253_2026-06-29,K4 253,CKS,2026-06-29,06:55,"ANC, CVG",Dep 07:29,,departure,
CX 3286_2026-06-29,CX 3286,CPA,2026-06-29,06:55,"ANC, JFK",Dep 12:46,,departure,
K4 563_2026-06-29,K4 563,CKS,2026-06-29,07:00,"ICN, ANC, LAX",Dep 12:04,,departure,
CK 264_2026-06-29,CK 264,CKK,2026-06-29,07:00,CKG,Cancelled,,departure,
CT 128_2026-06-29,CT 128,AAE,2026-06-29,07:00,"HSA, LGG",Dep 14:34,,departure,
EK 9797_2026-06-29,EK 9797,UAE,2026-06-29,07:00,DWC,Dep 07:10,,departure,
CI 5828_2026-06-29,CI 5828,CAL,2026-06-29,07:05,TPE,Dep 06:13,,departure,
RH 392_2026-06-29,RH 392,HKC,2026-06-29,07:05,"CIT, BUD",Dep 21:00 (30/06/2026),,departure,
CX 2049_2026-06-29,CX 2049,CPA,2026-06-29,07:15,HAN,Dep 08:29,,departure,
CX 3245_2026-06-29,CX 3245,CPA,2026-06-29,07:20,DEL,Dep 10:27,,departure,
7L 621_2026-06-29,7L 621,AZG,2026-06-29,07:30,GYD,Dep 10:41,,departure,
ET 3219_2026-06-29,ET 3219,ETH,2026-06-29,08:25,ADD,Dep 09:16,,departure,
RH 9485_2026-06-29,RH 9485,HKC,2026-06-29,08:40,"ALA, IST",Cancelled,,departure,
3S 515_2026-06-29,3S 515,BOX,2026-06-29,08:45,LEJ,Cancelled,,departure,
HE 801_2026-06-29,HE 801,HGO,2026-06-29,09:00,RUH,Dep 09:29,,departure,
CX 098_2026-06-29,CX 098,CPA,2026-06-29,09:50,"ANC, ORD",Dep 11:11,,departure,
RH 394_2026-06-29,RH 394,HKC,2026-06-29,10:00,"ALA, ATH",Dep 01:30 (30/06/2026),,departure,
QR 8409_2026-06-29,QR 8409,QTR,2026-06-29,10:10,DOH,Dep 12:42,,departure,
5X 065_2026-06-29,5X 065,UPS,2026-06-29,10:15,"ANC, SDF",Dep 12:01,,departure,
RH 6651_2026-06-29,RH 6651,HKC,2026-06-29,10:20,DAC,Dep 19:34,,departure,
TK 6301_2026-06-29,TK 6301,THY,2026-06-29,10:30,"CIT, IST",Dep 10:16,,departure,
SQ 7976_2026-06-29,SQ 7976,SIA,2026-06-29,10:40,"ANC, DFW",Dep 15:09 (30/06/2026),,departure,
EK 9849_2026-06-29,EK 9849,UAE,2026-06-29,10:40,DXB,Dep 15:33,,departure,
CV 9931_2026-06-29,CV 9931,CLX,2026-06-29,11:35,"NQZ, LUX",Dep 04:19 (30/06/2026),,departure,
5Y 8230_2026-06-29,5Y 8230,GTI,2026-06-29,11:50,"ANC, MIA",Dep 12:01,,departure,
T8 4704_2026-06-29,T8 4704,TVR,2026-06-29,12:00,DMM,Dep 11:50,,departure,
T8 4726_2026-06-29,T8 4726,TVR,2026-06-29,12:00,DMM,Dep 14:11,,departure,
KE 9314_2026-06-29,KE 9314,KAL,2026-06-29,12:10,ICN,Dep 11:53,,departure,
CV 283_2026-06-29,CV 283,CLX,2026-06-29,13:10,"ANC, GDL, NLU, LUX",Dep 14:00,,departure,
MP 9472_2026-06-29,MP 9472,MPH,2026-06-29,13:30,"ALA, AMS",Cancelled,,departure,
3S 719_2026-06-29,3S 719,BOX,2026-06-29,14:05,LEJ,Dep 14:27,,departure,
SV 983_2026-06-29,SV 983,SVA,2026-06-29,14:15,RUH,Dep 14:42,,departure,
EK 9839_2026-06-29,EK 9839,UAE,2026-06-29,14:35,DWC,Dep 14:50,,departure,
KZ 206_2026-06-29,KZ 206,NCA,2026-06-29,14:40,NRT,Dep 15:24,,departure,
WW 862_2026-06-29,WW 862,KXP,2026-06-29,14:45,KUL,Cancelled,,departure,
EK 9781_2026-06-29,EK 9781,UAE,2026-06-29,14:45,DWC,Dep 12:08 (30/06/2026),,departure,
CX 2084_2026-06-29,CX 2084,CPA,2026-06-29,15:30,"ANC, LAX, PDX",Dep 15:51,,departure,
5X 001_2026-06-29,5X 001,UPS,2026-06-29,15:40,"CGN, PHL",Cancelled,,departure,
EK 9851_2026-06-29,EK 9851,UAE,2026-06-29,15:45,DWC,Dep 19:30,,departure,
5X 061_2026-06-29,5X 061,UPS,2026-06-29,16:05,"TPE, ANC, SDF",Dep 16:19,,departure,
P9 881_2026-06-29,P9 881,MGE,2026-06-29,16:10,GUM,Dep 20:47,,departure,
ET 3685_2026-06-29,ET 3685,ETH,2026-06-29,16:25,ADD,Dep 14:34 (30/06/2026),,departure,
KE 312_2026-06-29,KE 312,KAL,2026-06-29,16:40,ICN,Dep 16:24,,departure,
EK 9841_2026-06-29,EK 9841,UAE,2026-06-29,16:50,DWC,Dep 22:01,,departure,
CX 049_2026-06-29,CX 049,CPA,2026-06-29,16:55,BOM,Dep 17:04,,departure,
HE 992_2026-06-29,HE 992,HGO,2026-06-29,17:00,SHJ,Dep 09:31 (30/06/2026),,departure,
3S 519_2026-06-29,3S 519,BOX,2026-06-29,17:15,LEJ,Dep 18:25,,departure,
QR 8401_2026-06-29,QR 8401,QTR,2026-06-29,17:15,DOH,Dep 17:15,,departure,
QR 8413_2026-06-29,QR 8413,QTR,2026-06-29,17:20,DOH,Dep 17:12,,departure,
CV 278_2026-06-29,CV 278,CLX,2026-06-29,17:50,"ANC, ORD, LUX",Dep 17:36,,departure,
F5 7628_2026-06-29,F5 7628,ATG,2026-06-29,18:00,"DWC, TLV",Dep 06:58 (30/06/2026),,departure,
CX 2041_2026-06-29,CX 2041,CPA,2026-06-29,18:20,MAA,Dep 18:39,,departure,
N8 513_2026-06-29,N8 513,NCR,2026-06-29,19:00,"AUH, LGG",Dep 21:14,,departure,
5X 063_2026-06-29,5X 063,UPS,2026-06-29,19:05,"ANC, SDF",Dep 19:02,,departure,
CP 192_2026-06-29,CP 192,LSI,2026-06-29,19:25,"GYD, FCO",Dep 19:03,,departure,
SV 3961_2026-06-29,SV 3961,SVA,2026-06-29,19:30,RUH,Dep 19:29,,departure,
WW 866_2026-06-29,WW 866,KXP,2026-06-29,19:35,HKG,Cancelled,,departure,
AK 8546_2026-06-29,AK 8546,AXM,2026-06-29,19:45,KUL,Cancelled,,departure,
TH 641_2026-06-29,TH 641,RMY,2026-06-29,19:45,KUL,Dep 18:08,,departure,
5X 059_2026-06-29,5X 059,UPS,2026-06-29,19:45,"ANC, ONT",Dep 19:44,,departure,
SQ 7873_2026-06-29,SQ 7873,SIA,2026-06-29,19:45,SIN,Dep 21:22,,departure,
FX 5991_2026-06-29,FX 5991,FDX,2026-06-29,19:50,"KIX, OAK",Dep 19:53,,departure,
AK 8535_2026-06-29,AK 8535,AXM,2026-06-29,19:55,KUL,Dep 20:13,,departure,
7L 147_2026-06-29,7L 147,AZG,2026-06-29,20:25,GYD,Cancelled,,departure,
K4 704_2026-06-29,K4 704,CKS,2026-06-29,20:30,"DWC, TLV",Dep 21:44,,departure,
CX 054_2026-06-29,CX 054,CPA,2026-06-29,20:45,"CGO, PVG",Dep 05:08 (30/06/2026),,departure,
QY 539_2026-06-29,QY 539,BCS,2026-06-29,20:50,"ALA, LEJ",Dep 21:05,,departure,
3V 400_2026-06-29,3V 400,TAY,2026-06-29,20:50,"ALA, LGG",Cancelled,,departure,
5Y 8523_2026-06-29,5Y 8523,GTI,2026-06-29,21:00,ANC,Cancelled,,departure,
5Y 8692_2026-06-29,5Y 8692,GTI,2026-06-29,21:05,ANC,Dep 23:19,,departure,
RH 351_2026-06-29,RH 351,HKC,2026-06-29,21:20,MNL,Cancelled,,departure,
CV 962_2026-06-29,CV 962,CLX,2026-06-29,21:25,"GYD, LUX",Dep 04:04 (30/06/2026),,departure,
3S 704_2026-06-29,3S 704,BOX,2026-06-29,21:40,CVG,Dep 21:42,,departure,
EK 9837_2026-06-29,EK 9837,UAE,2026-06-29,21:40,DWC,Cancelled,,departure,
QR 8431_2026-06-29,QR 8431,QTR,2026-06-29,22:05,DOH,Dep 21:45,,departure,
TK 6065_2026-06-29,TK 6065,THY,2026-06-29,23:05,"CIT, IST",Dep 23:28,,departure,
RH 4568_2026-06-30,RH 4568,HKC,2026-06-30,00:15,TPE,Cancelled,,departure,
RH 9491_2026-06-30,RH 9491,HKC,2026-06-30,00:15,"ALA, IST",Cancelled,,departure,
5Y 8331_2026-06-30,5Y 8331,GTI,2026-06-30,00:40,"GYD, CDG",Dep 01:18,,departure,
CX 2023_2026-06-30,CX 2023,CPA,2026-06-30,00:40,SYD,Dep 01:04,,departure,
CX 006_2026-06-30,CX 006,CPA,2026-06-30,00:50,NRT,Dep 10:22,,departure,
MS 510_2026-06-30,MS 510,MSR,2026-06-30,01:00,BKK,Dep 03:04,,departure,
7L 692_2026-06-30,7L 692,AZG,2026-06-30,01:25,GYD,Dep 01:36,,departure,
CX 086_2026-06-30,CX 086,CPA,2026-06-30,01:30,"ANC, NLU",Dep 10:07,,departure,
KZ 202_2026-06-30,KZ 202,NCA,2026-06-30,02:25,NRT,Dep 02:23,,departure,
NH 8512_2026-06-30,NH 8512,ANA,2026-06-30,02:25,NRT,Dep 02:38,,departure,
KJ 972_2026-06-30,KJ 972,AIH,2026-06-30,02:40,ICN,Dep 02:38,,departure,
7L 625_2026-06-30,7L 625,AZG,2026-06-30,02:40,GYD,Dep 06:40,,departure,
CV 9931_2026-06-30,CV 9931,CLX,2026-06-30,02:45,"NQZ, LUX",Cancelled,,departure,
CI 5836_2026-06-30,CI 5836,CAL,2026-06-30,03:00,TPE,Dep 05:10,,departure,
HE 803_2026-06-30,HE 803,HGO,2026-06-30,03:00,RUH,Dep 03:12,,departure,
KE 314_2026-06-30,KE 314,KAL,2026-06-30,03:10,ICN,Dep 02:55,,departure,
LD 204_2026-06-30,LD 204,AHK,2026-06-30,03:15,KIX,Dep 03:22,,departure,
LD 128_2026-06-30,LD 128,AHK,2026-06-30,03:20,ICN,Dep 03:19,,departure,
BR 6536_2026-06-30,BR 6536,EVA,2026-06-30,03:20,TPE,Dep 03:47,,departure,
LD 208_2026-06-30,LD 208,AHK,2026-06-30,03:25,NRT,Dep 03:32,,departure,
LD 327_2026-06-30,LD 327,AHK,2026-06-30,03:25,SIN,Dep 03:28,,departure,
LD 768_2026-06-30,LD 768,AHK,2026-06-30,03:25,PEK,Dep 03:31,,departure,
LD 216_2026-06-30,LD 216,AHK,2026-06-30,03:30,NGO,Dep 03:39,,departure,
8K 526_2026-06-30,8K 526,KMI,2026-06-30,03:30,BKK,Dep 03:35,,departure,
LD 457_2026-06-30,LD 457,AHK,2026-06-30,03:35,"MNL, CEB",Dep 03:39,,departure,
LD 782_2026-06-30,LD 782,AHK,2026-06-30,03:40,PVG,Dep 03:52,,departure,
LD 831_2026-06-30,LD 831,AHK,2026-06-30,03:40,BKK,Dep 03:55,,departure,
LD 561_2026-06-30,LD 561,AHK,2026-06-30,03:45,SGN,Dep 03:54,,departure,
TH 3508_2026-06-30,TH 3508,RMY,2026-06-30,03:45,KUL,Dep 04:04,,departure,
TK 6209_2026-06-30,TK 6209,THY,2026-06-30,04:00,"CIT, IST",Dep 04:00,,departure,
K4 245_2026-06-30,K4 245,CKS,2026-06-30,04:00,LAX,Dep 04:18,,departure,
3S 582_2026-06-30,3S 582,BOX,2026-06-30,04:00,LAX,Dep 04:18,,departure,
3Y 6011_2026-06-30,3Y 6011,MYU,2026-06-30,04:00,"BKI, CGK",Dep 04:31,,departure,
HJ 022_2026-06-30,HJ 022,TMN,2026-06-30,04:00,SYD,Dep 04:21,,departure,
LD 720_2026-06-30,LD 720,AHK,2026-06-30,04:05,CTU,Dep 04:07,,departure,
TH 3091_2026-06-30,TH 3091,RMY,2026-06-30,04:15,PEN,Dep 04:31,,departure,
LD 680_2026-06-30,LD 680,AHK,2026-06-30,04:20,TPE,Dep 04:18,,departure,
QR 8467_2026-06-30,QR 8467,QTR,2026-06-30,04:20,DOH,Dep 04:36,,departure,
ET 3039_2026-06-30,ET 3039,ETH,2026-06-30,05:00,ADD,Cancelled,,departure,
ET 3707_2026-06-30,ET 3707,ETH,2026-06-30,05:20,"BUD, ADD",Cancelled,,departure,
ET 3767_2026-06-30,ET 3767,ETH,2026-06-30,05:20,"ATH, ADD",Dep 08:16,,departure,
MB 779_2026-06-30,MB 779,MNB,2026-06-30,05:30,"SHJ, IST",Cancelled,,departure,
3S 715_2026-06-30,3S 715,BOX,2026-06-30,05:35,"DXB, LEJ",Dep 06:12,,departure,
3S 733_2026-06-30,3S 733,BOX,2026-06-30,05:40,"BLR, LEJ",Dep 06:18,,departure,
ES 720_2026-06-30,ES 720,DHX,2026-06-30,05:40,BAH,Dep 05:43,,departure,
3S 525_2026-06-30,3S 525,BOX,2026-06-30,05:45,"BAH, LEJ",Dep 06:01,,departure,
EK 9821_2026-06-30,EK 9821,UAE,2026-06-30,05:45,DWC,Dep 05:40,,departure,
FX 5217_2026-06-30,FX 5217,FDX,2026-06-30,06:20,"IST, CDG, LGG, MEM",Dep 06:27,,departure,
K4 255_2026-06-30,K4 255,CKS,2026-06-30,06:40,"YHM, JFK, CVG",Dep 06:51,,departure,
D0 593_2026-06-30,D0 593,DHK,2026-06-30,06:40,"DEL, EMA",Dep 06:42,,departure,
CX 3258_2026-06-30,CX 3258,CPA,2026-06-30,06:45,PVG,Dep 09:41,,departure,
CX 3284_2026-06-30,CX 3284,CPA,2026-06-30,06:50,"ANC, LAX, PDX",Dep 08:16,,departure,
K4 891_2026-06-30,K4 891,CKS,2026-06-30,06:55,"ICN, ANC, ORD",Dep 20:20,,departure,
K4 241_2026-06-30,K4 241,CKS,2026-06-30,07:00,"ANC, MIA",Dep 06:56,,departure,
RH 331_2026-06-30,RH 331,HKC,2026-06-30,07:00,BKK,Dep 08:57,,departure,
5C 1850_2026-06-30,5C 1850,ICL,2026-06-30,07:00,"DWC, TLV",Cancelled,,departure,
CK 264_2026-06-30,CK 264,CKK,2026-06-30,07:00,CKG,Dep 06:55,,departure,
5C 850_2026-06-30,5C 850,ICL,2026-06-30,07:00,"DWC, TLV",Dep 15:26,,departure,
F5 7630_2026-06-30,F5 7630,ATG,2026-06-30,07:00,DWC,Cancelled,,departure,
SR 815_2026-06-30,SR 815,XKY,2026-06-30,07:15,CRK,Dep 07:38,,departure,
3S 507_2026-06-30,3S 507,BOX,2026-06-30,07:25,LEJ,Cancelled,,departure,
SV 963_2026-06-30,SV 963,SVA,2026-06-30,07:30,RUH,Dep 07:29,,departure,
CI 6842_2026-06-30,CI 6842,CAL,2026-06-30,07:35,TPE,Dep 07:50,,departure,
QR 8407_2026-06-30,QR 8407,QTR,2026-06-30,07:40,DOH,Dep 07:22,,departure,
O3 152_2026-06-30,O3 152,CSS,2026-06-30,07:55,EHU,Dep 08:07,,departure,
K4 903_2026-06-30,K4 903,CKS,2026-06-30,08:20,"ICN, ANC",Dep 08:18,,departure,
5Y 8050_2026-06-30,5Y 8050,GTI,2026-06-30,08:25,"ANC, MIA",Dep 17:18,,departure,
3S 503_2026-06-30,3S 503,BOX,2026-06-30,08:30,LEJ,Dep 08:51,,departure,
RH 371_2026-06-30,RH 371,HKC,2026-06-30,08:40,SIN,Cancelled,,departure,
CC 4600_2026-06-30,CC 4600,ABD,2026-06-30,09:40,"CMB, JNB",Dep 13:24,,departure,
O3 268_2026-06-30,O3 268,CSS,2026-06-30,09:55,NGB,Dep 09:23,,departure,
HE 1710_2026-06-30,HE 1710,HGO,2026-06-30,10:00,GYD,Dep 07:51,,departure,
CV 9522_2026-06-30,CV 9522,CLX,2026-06-30,10:00,"NQZ, LUX",Dep 15:03,,departure,
5X 067_2026-06-30,5X 067,UPS,2026-06-30,10:15,"ICN, ANC, SDF",Dep 10:31,,departure,
TK 6267_2026-06-30,TK 6267,THY,2026-06-30,10:30,IST,Dep 11:41,,departure,
5Y 654_2026-06-30,5Y 654,GTI,2026-06-30,11:15,"ANC, MIA",Dep 11:13,,departure,
MP 9412_2026-06-30,MP 9412,MPH,2026-06-30,11:15,AMS,Dep 11:04,,departure,
5X 003_2026-06-30,5X 003,UPS,2026-06-30,11:25,"CGN, PHL",Dep 11:49,,departure,
T8 4704_2026-06-30,T8 4704,TVR,2026-06-30,12:00,DMM,Dep 11:50,,departure,
T8 4726_2026-06-30,T8 4726,TVR,2026-06-30,12:00,DMM,Dep 12:12,,departure,
QY 671_2026-06-30,QY 671,BCS,2026-06-30,12:20,"ALA, LEJ",Cancelled,,departure,
QY 674_2026-06-30,QY 674,BCS,2026-06-30,12:20,"BAH, LEJ",Dep 12:36,,departure,
2U 8011_2026-06-30,2U 8011,FKH,2026-06-30,12:30,NQZ,Cancelled,,departure,
RH 6651_2026-06-30,RH 6651,HKC,2026-06-30,12:30,DAC,Cancelled,,departure,
CX 2045_2026-06-30,CX 2045,CPA,2026-06-30,13:10,DEL,Dep 19:22,,departure,
CX 049_2026-06-30,CX 049,CPA,2026-06-30,13:15,DAC,Dep 15:46,,departure,
KJ 968_2026-06-30,KJ 968,AIH,2026-06-30,13:30,ICN,Dep 14:08,,departure,
CX 3298_2026-06-30,CX 3298,CPA,2026-06-30,13:50,"ANC, JFK",Dep 03:11 (01/07/2026),,departure,
EK 9839_2026-06-30,EK 9839,UAE,2026-06-30,14:05,DWC,Dep 13:52,,departure,
WW 862_2026-06-30,WW 862,KXP,2026-06-30,14:40,KUL,Dep 23:43,,departure,
TC 503_2026-06-30,TC 503,ATC,2026-06-30,14:55,MCT,Cancelled,,departure,
CX 3032_2026-06-30,CX 3032,CPA,2026-06-30,15:10,ICN,Dep 20:31,,departure,
5X 001_2026-06-30,5X 001,UPS,2026-06-30,15:40,"CGN, PHL",Cancelled,,departure,
MH 6105_2026-06-30,MH 6105,MAS,2026-06-30,15:45,KUL,Dep 02:17 (02/07/2026),,departure,
RH 317_2026-06-30,RH 317,HKC,2026-06-30,15:55,HAN,Dep 18:32,,departure,
5X 061_2026-06-30,5X 061,UPS,2026-06-30,16:05,"TPE, ANC, SDF",Dep 16:20,,departure,
P9 881_2026-06-30,P9 881,MGE,2026-06-30,16:10,GUM,Dep 00:30 (01/07/2026),,departure,
5X 166_2026-06-30,5X 166,UPS,2026-06-30,16:10,"SIN, SDF",Dep 16:16,,departure,
EK 9863_2026-06-30,EK 9863,UAE,2026-06-30,16:25,DWC,Dep 16:45,,departure,
EK 9799_2026-06-30,EK 9799,UAE,2026-06-30,16:30,DWC,Dep 16:36,,departure,
CT 122_2026-06-30,CT 122,AAE,2026-06-30,17:00,"HSA, LGG",Dep 07:14 (01/07/2026),,departure,
3S 519_2026-06-30,3S 519,BOX,2026-06-30,17:10,LEJ,Dep 17:02,,departure,
KE 9314_2026-06-30,KE 9314,KAL,2026-06-30,17:10,ICN,Dep 16:46,,departure,
FX 9128_2026-06-30,FX 9128,FDX,2026-06-30,18:05,KIX,Dep 17:52,,departure,
7L 247_2026-06-30,7L 247,AZG,2026-06-30,18:15,GYD,Cancelled,,departure,
CX 2026_2026-06-30,CX 2026,CPA,2026-06-30,18:15,TPE,Dep 18:18,,departure,
C8 736_2026-06-30,C8 736,ICV,2026-06-30,18:20,"ASB, MXP",Dep 18:15,,departure,
LH 8461_2026-06-30,LH 8461,GEC,2026-06-30,18:25,"IST, FRA",Dep 19:22,,departure,
7L 572_2026-06-30,7L 572,AZG,2026-06-30,18:35,"DWC, GYD",Dep 15:46,,departure,
5Y 3152_2026-06-30,5Y 3152,GTI,2026-06-30,19:00,"NGO, LAX",Dep 20:43,,departure,
7L 1247_2026-06-30,7L 1247,AZG,2026-06-30,19:00,GYD,Dep 19:09,,departure,
5X 063_2026-06-30,5X 063,UPS,2026-06-30,19:05,"ANC, SDF",Dep 19:59,,departure,
CI 5838_2026-06-30,CI 5838,CAL,2026-06-30,19:20,TPE,Dep 22:22,,departure,
RH 394_2026-06-30,RH 394,HKC,2026-06-30,19:25,"ALA, ATH",Cancelled,,departure,
EK 9847_2026-06-30,EK 9847,UAE,2026-06-30,19:25,DWC,Dep 00:59 (01/07/2026),,departure,
AK 8542_2026-06-30,AK 8542,AXM,2026-06-30,19:45,KUL,Dep 21:41,,departure,
TH 641_2026-06-30,TH 641,RMY,2026-06-30,19:45,KUL,Dep 18:20 (01/07/2026),,departure,
5X 059_2026-06-30,5X 059,UPS,2026-06-30,19:45,"ANC, ONT",Dep 20:54,,departure,
TK 6314_2026-06-30,TK 6314,THY,2026-06-30,19:50,"CIT, IST",Dep 07:33 (02/07/2026),,departure,
FX 5991_2026-06-30,FX 5991,FDX,2026-06-30,19:50,"KIX, OAK",Dep 20:11,,departure,
GH 1022_2026-06-30,GH 1022,IGT,2026-06-30,19:50,NVI,Dep 20:16,,departure,
7L 621_2026-06-30,7L 621,AZG,2026-06-30,20:00,GYD,Cancelled,,departure,
EK 9785_2026-06-30,EK 9785,UAE,2026-06-30,20:05,DWC,Dep 20:09,,departure,
CX 2033_2026-06-30,CX 2033,CPA,2026-06-30,20:55,MAA,Dep 20:55,,departure,
CX 3260_2026-06-30,CX 3260,CPA,2026-06-30,21:00,CKG,Dep 06:21 (01/07/2026),,departure,
SV 983_2026-06-30,SV 983,SVA,2026-06-30,21:30,RUH,Dep 21:46,,departure,
3S 506_2026-06-30,3S 506,BOX,2026-06-30,21:35,CVG,Cancelled,,departure,
D0 009_2026-06-30,D0 009,DHK,2026-06-30,21:40,"CVG, EMA",Cancelled,,departure,
3S 722_2026-06-30,3S 722,BOX,2026-06-30,21:40,CVG,Cancelled,,departure,
AK 8535_2026-06-30,AK 8535,AXM,2026-06-30,21:55,KUL,Cancelled,,departure,
7L 648_2026-06-30,7L 648,AZG,2026-06-30,21:55,GYD,Cancelled,,departure,
CX 3238_2026-06-30,CX 3238,CPA,2026-06-30,22:20,"XMN, PVG",Dep 10:56 (01/07/2026),,departure,
CP 136_2026-06-30,CP 136,LSI,2026-06-30,22:25,"GYD, BUD",Cancelled,,departure,
EY 934_2026-06-30,EY 934,ETD,2026-06-30,23:00,AUH,Dep 22:50,,departure,
CX 050_2026-06-30,CX 050,CPA,2026-06-30,23:05,PVG,Dep 09:21 (01/07/2026),,departure,
SR 813_2026-06-30,SR 813,XKY,2026-06-30,23:15,MNL,Dep 23:04,,departure,
ET 3447_2026-06-30,ET 3447,ETH,2026-06-30,23:30,ADD,Cancelled,,departure,
QR 8421_2026-06-30,QR 8421,QTR,2026-06-30,23:40,DOH,Dep 23:39,,departure,
ET 3785_2026-07-01,ET 3785,ETH,2026-07-01,00:00,"MCT, MAD",Cancelled,,departure,
ET 3791_2026-07-01,ET 3791,ETH,2026-07-01,00:00,LGG,Cancelled,,departure,
RH 4568_2026-07-01,RH 4568,HKC,2026-07-01,00:15,TPE,Dep 01:36,,departure,
RH 829_2026-07-01,RH 829,HKC,2026-07-01,00:15,PVG,Cancelled,,departure,
QR 8441_2026-07-01,QR 8441,QTR,2026-07-01,00:40,DOH,Dep 00:48,,departure,
ET 3229_2026-07-01,ET 3229,ETH,2026-07-01,00:55,ADD,Dep 01:54,,departure,
EK 9833_2026-07-01,EK 9833,UAE,2026-07-01,00:55,DWC,Dep 01:20,,departure,
QR 8429_2026-07-01,QR 8429,QTR,2026-07-01,01:00,DOH,Dep 01:09,,departure,
EK 9839_2026-07-01,EK 9839,UAE,2026-07-01,01:20,DWC,Cancelled,,departure,
KZ 202_2026-07-01,KZ 202,NCA,2026-07-01,01:25,NRT,Dep 01:38,,departure,
CX 096_2026-07-01,CX 096,CPA,2026-07-01,01:30,"ANC, NLU",Dep 04:20,,departure,
ET 3707_2026-07-01,ET 3707,ETH,2026-07-01,01:40,"BUD, ADD",Dep 02:08 (02/07/2026),,departure,
HE 805_2026-07-01,HE 805,HGO,2026-07-01,02:00,RUH,Cancelled,,departure,
QR 8439_2026-07-01,QR 8439,QTR,2026-07-01,02:00,DOH,Dep 02:01,,departure,
SV 985_2026-07-01,SV 985,SVA,2026-07-01,02:05,RUH,Cancelled,,departure,
NH 8512_2026-07-01,NH 8512,ANA,2026-07-01,02:25,NRT,Dep 02:04,,departure,
KJ 974_2026-07-01,KJ 974,AIH,2026-07-01,02:40,ICN,Dep 02:28,,departure,
MB 510_2026-07-01,MB 510,MNB,2026-07-01,02:45,"NVI, IST",Dep 10:00,,departure,
CI 5826_2026-07-01,CI 5826,CAL,2026-07-01,03:00,TPE,Dep 03:38,,departure,
KE 314_2026-07-01,KE 314,KAL,2026-07-01,03:10,ICN,Dep 03:00,,departure,
LD 204_2026-07-01,LD 204,AHK,2026-07-01,03:15,KIX,Dep 03:14,,departure,
LD 128_2026-07-01,LD 128,AHK,2026-07-01,03:20,ICN,Dep 03:19,,departure,
BR 6538_2026-07-01,BR 6538,EVA,2026-07-01,03:20,TPE,Dep 04:29,,departure,
LD 208_2026-07-01,LD 208,AHK,2026-07-01,03:25,NRT,Dep 03:30,,departure,
LD 327_2026-07-01,LD 327,AHK,2026-07-01,03:25,SIN,Dep 03:27,,departure,
LD 768_2026-07-01,LD 768,AHK,2026-07-01,03:25,PEK,Dep 03:24,,departure,
LD 216_2026-07-01,LD 216,AHK,2026-07-01,03:30,NGO,Dep 03:31,,departure,
8K 526_2026-07-01,8K 526,KMI,2026-07-01,03:30,BKK,Dep 03:37,,departure,
LD 457_2026-07-01,LD 457,AHK,2026-07-01,03:35,"MNL, CEB",Dep 03:41,,departure,
TK 6241_2026-07-01,TK 6241,THY,2026-07-01,03:35,IST,Dep 03:44,,departure,
LD 782_2026-07-01,LD 782,AHK,2026-07-01,03:40,PVG,Dep 03:52,,departure,
LD 831_2026-07-01,LD 831,AHK,2026-07-01,03:40,BKK,Dep 03:48,,departure,
LD 561_2026-07-01,LD 561,AHK,2026-07-01,03:45,SGN,Dep 03:49,,departure,
TH 3508_2026-07-01,TH 3508,RMY,2026-07-01,03:45,KUL,Dep 03:54,,departure,
3S 738_2026-07-01,3S 738,BOX,2026-07-01,04:00,LAX,Dep 04:58,,departure,
3Y 6011_2026-07-01,3Y 6011,MYU,2026-07-01,04:00,CGK,Dep 04:14,,departure,
HJ 022_2026-07-01,HJ 022,TMN,2026-07-01,04:00,SYD,Dep 04:00,,departure,
LD 720_2026-07-01,LD 720,AHK,2026-07-01,04:05,CTU,Dep 04:08,,departure,
TH 3091_2026-07-01,TH 3091,RMY,2026-07-01,04:15,PEN,Dep 04:53,,departure,
LD 680_2026-07-01,LD 680,AHK,2026-07-01,04:20,TPE,Dep 04:21,,departure,
CX 2090_2026-07-01,CX 2090,CPA,2026-07-01,04:25,"ANC, LAX, DFW",Dep 12:16,,departure,
K4 348_2026-07-01,K4 348,CKS,2026-07-01,04:50,"ANC, CVG",Dep 04:45,,departure,
TK 6347_2026-07-01,TK 6347,THY,2026-07-01,05:20,"CIT, IST",Dep 07:47,,departure,
EK 9831_2026-07-01,EK 9831,UAE,2026-07-01,05:30,DWC,Dep 06:01,,departure,
3S 713_2026-07-01,3S 713,BOX,2026-07-01,05:35,"DXB, LEJ",Dep 06:16,,departure,
3S 735_2026-07-01,3S 735,BOX,2026-07-01,05:40,"BLR, LEJ",Dep 06:10,,departure,
ES 728_2026-07-01,ES 728,DHX,2026-07-01,05:40,BAH,Dep 05:54,,departure,
3S 523_2026-07-01,3S 523,BOX,2026-07-01,05:45,"BAH, LEJ",Dep 06:34,,departure,
QR 8411_2026-07-01,QR 8411,QTR,2026-07-01,05:45,DOH,Dep 05:47,,departure,
FX 5023_2026-07-01,FX 5023,FDX,2026-07-01,06:00,"IST, CDG, LGG, MEM",Dep 06:20,,departure,
MB 480_2026-07-01,MB 480,MNB,2026-07-01,06:00,AMD,Dep 06:08,,departure,
Y9 2562_2026-07-01,Y9 2562,SGA,2026-07-01,06:15,"DAC, DOH",Dep 07:24,,departure,
K4 253_2026-07-01,K4 253,CKS,2026-07-01,06:40,"YHM, JFK, CVG",Dep 06:42,,departure,
D0 591_2026-07-01,D0 591,DHK,2026-07-01,06:40,"DEL, EMA",Dep 06:52,,departure,
CP 166_2026-07-01,CP 166,LSI,2026-07-01,06:45,"GYD, MXP",Dep 06:49,,departure,
K4 288_2026-07-01,K4 288,CKS,2026-07-01,06:50,"LEJ, CVG",Cancelled,,departure,
K4 243_2026-07-01,K4 243,CKS,2026-07-01,07:00,"ANC, MIA, CVG",Dep 07:44,,departure,
RH 331_2026-07-01,RH 331,HKC,2026-07-01,07:00,BKK,Cancelled,,departure,
HE 772_2026-07-01,HE 772,HGO,2026-07-01,07:00,"KGF, EMA",Dep 07:14,,departure,
N8 510_2026-07-01,N8 510,NCR,2026-07-01,07:00,"AUH, LGG",Dep 07:23 (03/07/2026),,departure,
CK 264_2026-07-01,CK 264,CKK,2026-07-01,07:00,CKG,Cancelled,,departure,
K4 531_2026-07-01,K4 531,CKS,2026-07-01,07:10,"ICN, ANC, DFW",Dep 08:59,,departure,
ET 3767_2026-07-01,ET 3767,ETH,2026-07-01,07:10,LGG,Cancelled,,departure,
SR 815_2026-07-01,SR 815,XKY,2026-07-01,07:15,CRK,Dep 07:04,,departure,
5C 1850_2026-07-01,5C 1850,ICL,2026-07-01,07:35,"DWC, TLV",Cancelled,,departure,
CX 2075_2026-07-01,CX 2075,CPA,2026-07-01,08:15,SIN,Dep 08:30,,departure,
3S 515_2026-07-01,3S 515,BOX,2026-07-01,08:30,LEJ,Dep 10:01,,departure,
5Y 8030_2026-07-01,5Y 8030,GTI,2026-07-01,08:50,"ANC, MIA",Dep 10:18,,departure,
KJ 952_2026-07-01,KJ 952,AIH,2026-07-01,09:20,ICN,Dep 09:41,,departure,
RH 9487_2026-07-01,RH 9487,HKC,2026-07-01,09:20,"ALA, IST",Cancelled,,departure,
K4 702_2026-07-01,K4 702,CKS,2026-07-01,09:30,"DWC, TLV",Dep 10:48,,departure,
QR 8403_2026-07-01,QR 8403,QTR,2026-07-01,09:35,DOH,Dep 11:18,,departure,
K4 704_2026-07-01,K4 704,CKS,2026-07-01,09:40,"DWC, TLV",Cancelled,,departure,
QY 674_2026-07-01,QY 674,BCS,2026-07-01,09:50,"BAH, LEJ",Dep 10:54,,departure,
QY 675_2026-07-01,QY 675,BCS,2026-07-01,09:50,"ALA, LEJ",Cancelled,,departure,
O3 268_2026-07-01,O3 268,CSS,2026-07-01,09:55,NGB,Dep 09:25,,departure,
NJ 6530_2026-07-01,NJ 6530,RCR,2026-07-01,10:00,SHJ,Cancelled,,departure,
QY 517_2026-07-01,QY 517,BCS,2026-07-01,10:00,"ALA, LEJ",Dep 12:52,,departure,
5X 067_2026-07-01,5X 067,UPS,2026-07-01,10:15,"ANC, SDF",Dep 10:21,,departure,
CX 3174_2026-07-01,CX 3174,CPA,2026-07-01,10:25,"ANC, MIA, ATL",Dep 12:07,,departure,
EK 9837_2026-07-01,EK 9837,UAE,2026-07-01,10:25,DWC,Dep 11:08,,departure,
7L 1148_2026-07-01,7L 1148,AZG,2026-07-01,10:30,GYD,Dep 13:36,,departure,
F5 6530_2026-07-01,F5 6530,ATG,2026-07-01,10:30,SHJ,Dep 16:47,,departure,
CV 515_2026-07-01,CV 515,CLX,2026-07-01,10:35,"GYD, BUD, LUX",Dep 11:38,,departure,
Z7 322_2026-07-01,Z7 322,CMS,2026-07-01,10:45,"CCU, TBS",Dep 14:33,,departure,
CX 3241_2026-07-01,CX 3241,CPA,2026-07-01,10:45,CGK,Dep 10:48,,departure,
5X 003_2026-07-01,5X 003,UPS,2026-07-01,11:25,"CGN, PHL",Dep 11:50,,departure,
QR 8465_2026-07-01,QR 8465,QTR,2026-07-01,11:25,DOH,Dep 15:10,,departure,
F5 6529_2026-07-01,F5 6529,ATG,2026-07-01,11:45,SHJ,Dep 14:18,,departure,
T8 4708_2026-07-01,T8 4708,TVR,2026-07-01,12:00,DMM,Dep 14:00,,departure,
T8 4726_2026-07-01,T8 4726,TVR,2026-07-01,12:00,DMM,Dep 15:29,,departure,
3V 400_2026-07-01,3V 400,TAY,2026-07-01,12:25,"ALA, LGG",Dep 09:09 (02/07/2026),,departure,
5Y 8131_2026-07-01,5Y 8131,GTI,2026-07-01,12:40,"DEL, ANC",Dep 07:20 (02/07/2026),,departure,
CV 261_2026-07-01,CV 261,CLX,2026-07-01,12:55,"ANC, MIA, JFK, LUX",Dep 18:48,,departure,
TK 6237_2026-07-01,TK 6237,THY,2026-07-01,13:15,IST,Dep 14:52,,departure,
KJ 970_2026-07-01,KJ 970,AIH,2026-07-01,13:15,ICN,Dep 13:23,,departure,
CX 3294_2026-07-01,CX 3294,CPA,2026-07-01,13:30,"ANC, JFK",Dep 18:08,,departure,
EK 9859_2026-07-01,EK 9859,UAE,2026-07-01,14:00,DWC,Dep 19:33,,departure,
K4 551_2026-07-01,K4 551,CKS,2026-07-01,14:15,"NRT, ANC, ORD",Dep 14:42,,departure,
WW 862_2026-07-01,WW 862,KXP,2026-07-01,14:45,KUL,Cancelled,,departure,
EK 9781_2026-07-01,EK 9781,UAE,2026-07-01,14:45,DWC,Dep 14:42,,departure,
EY 9726_2026-07-01,EY 9726,ETD,2026-07-01,14:50,AUH,Dep 15:38,,departure,
CX 045_2026-07-01,CX 045,CPA,2026-07-01,15:20,BOM,Dep 19:26,,departure,
KZ 206_2026-07-01,KZ 206,NCA,2026-07-01,15:30,NRT,Dep 15:31,,departure,
5X 001_2026-07-01,5X 001,UPS,2026-07-01,15:40,CGN,Cancelled,,departure,
RH 317_2026-07-01,RH 317,HKC,2026-07-01,15:55,HAN,Dep 05:56 (02/07/2026),,departure,
5X 061_2026-07-01,5X 061,UPS,2026-07-01,16:05,"TPE, ANC, SDF",Dep 16:08,,departure,
P9 881_2026-07-01,P9 881,MGE,2026-07-01,16:10,GUM,Cancelled,,departure,
5X 166_2026-07-01,5X 166,UPS,2026-07-01,16:10,"SIN, SDF",Dep 16:15,,departure,
ET 3629_2026-07-01,ET 3629,ETH,2026-07-01,16:15,ADD,Dep 20:26,,departure,
CX 3037_2026-07-01,CX 3037,CPA,2026-07-01,16:15,HAN,Dep 16:16,,departure,
K4 270_2026-07-01,K4 270,CKS,2026-07-01,16:30,"DWC, LGG",Dep 15:52,,departure,
3S 519_2026-07-01,3S 519,BOX,2026-07-01,17:00,LEJ,Dep 17:07,,departure,
CX 041_2026-07-01,CX 041,CPA,2026-07-01,17:05,DEL,Dep 17:26,,departure,
7L 923_2026-07-01,7L 923,AZG,2026-07-01,17:20,GYD,Cancelled,,departure,
SV 975_2026-07-01,SV 975,SVA,2026-07-01,17:30,JED,Cancelled,,departure,
KE 8314_2026-07-01,KE 8314,KAL,2026-07-01,17:30,ICN,Dep 16:47,,departure,
SQ 7988_2026-07-01,SQ 7988,SIA,2026-07-01,17:35,"ANC, LAX",Dep 18:28,,departure,
RH 9457_2026-07-01,RH 9457,HKC,2026-07-01,18:20,DEL,Dep 20:57,,departure,
7L 1923_2026-07-01,7L 1923,AZG,2026-07-01,18:20,GYD,Cancelled,,departure,
LH 8461_2026-07-01,LH 8461,GEC,2026-07-01,18:25,"IST, FRA",Dep 18:17,,departure,
7L 624_2026-07-01,7L 624,AZG,2026-07-01,18:25,GYD,Cancelled,,departure,
5Y 825_2026-07-01,5Y 825,GTI,2026-07-01,18:35,"ANC, MIA",Cancelled,,departure,
CX 3349_2026-07-01,CX 3349,CPA,2026-07-01,18:40,BKK,Dep 04:18 (02/07/2026),,departure,
CV 245_2026-07-01,CV 245,CLX,2026-07-01,18:55,"ANC, NLU, GDL, LUX",Dep 19:08,,departure,
2U 8021_2026-07-01,2U 8021,FKH,2026-07-01,18:55,"NQZ, RIX",Dep 18:57,,departure,
5X 063_2026-07-01,5X 063,UPS,2026-07-01,19:05,"ANC, SDF",Dep 19:08,,departure,
CI 6844_2026-07-01,CI 6844,CAL,2026-07-01,19:20,TPE,Dep 20:03,,departure,
SQ 7861_2026-07-01,SQ 7861,SIA,2026-07-01,19:30,SIN,Dep 19:34,,departure,
WW 866_2026-07-01,WW 866,KXP,2026-07-01,19:35,HKG,Cancelled,,departure,
MH 6103_2026-07-01,MH 6103,MAS,2026-07-01,19:40,KUL,Dep 20:49 (02/07/2026),,departure,
AK 8546_2026-07-01,AK 8546,AXM,2026-07-01,19:45,KUL,Dep 21:47,,departure,
TH 641D_2026-07-01,TH 641D,RMY,2026-07-01,19:45,KUL,Dep 18:05 (02/07/2026),,departure,
5X 1939_2026-07-01,5X 1939,UPS,2026-07-01,19:50,"ANC, ONT",Dep 19:52,,departure,
FX 5991_2026-07-01,FX 5991,FDX,2026-07-01,19:50,"KIX, OAK",Dep 20:21,,departure,
CX 017_2026-07-01,CX 017,CPA,2026-07-01,20:00,MAA,Dep 20:41,,departure,
7L 148_2026-07-01,7L 148,AZG,2026-07-01,20:00,GYD,Cancelled,,departure,
CX 090_2026-07-01,CX 090,CPA,2026-07-01,20:50,"ANC, ORD",Dep 20:58,,departure,
QR 8479_2026-07-01,QR 8479,QTR,2026-07-01,21:00,DOH,Dep 22:28,,departure,
CI 5834_2026-07-01,CI 5834,CAL,2026-07-01,21:20,TPE,Dep 20:19,,departure,
RH 351_2026-07-01,RH 351,HKC,2026-07-01,21:20,MNL,Dep 22:15,,departure,
HE 1710_2026-07-01,HE 1710,HGO,2026-07-01,21:25,GYD,Dep 21:07,,departure,
SV 963_2026-07-01,SV 963,SVA,2026-07-01,21:35,RUH,Dep 21:27,,departure,
D0 007_2026-07-01,D0 007,DHK,2026-07-01,21:40,"CVG, LEJ, EMA",Dep 22:04,,departure,
AK 8535_2026-07-01,AK 8535,AXM,2026-07-01,21:55,KUL,Cancelled,,departure,
EK 9861_2026-07-01,EK 9861,UAE,2026-07-01,21:55,DWC,Dep 22:01,,departure,
CV 531_2026-07-01,CV 531,CLX,2026-07-01,22:40,"NQZ, LUX",Cancelled,,departure,
TK 6239_2026-07-01,TK 6239,THY,2026-07-01,22:50,"CIT, IST",Dep 01:49 (03/07/2026),,departure,
CX 037_2026-07-01,CX 037,CPA,2026-07-01,23:20,"DEL, CDG",Dep 23:34,,departure,
CV 7333_2026-07-01,CV 7333,CLX,2026-07-01,23:30,"NQZ, LUX",Dep 00:52 (02/07/2026),,departure,
QF 7526_2026-07-01,QF 7526,QFA,2026-07-01,23:55,SYD,Dep 23:53,,departure,
MB 350_2026-07-01,MB 350,MNB,2026-07-01,23:55,SHJ,Cancelled,,departure,
CX 050_2026-07-01,CX 050,CPA,2026-07-01,23:55,PVG,Cancelled,,departure,
CX 2062_2026-07-01,CX 2062,CPA,2026-07-01,23:55,CTU,Dep 23:57,,departure,
RH 4568_2026-07-02,RH 4568,HKC,2026-07-02,00:15,TPE,Dep 03:30,,departure,
3G 801_2026-07-02,3G 801,WCM,2026-07-02,00:30,KUL,Cancelled,,departure,
CX 006_2026-07-02,CX 006,CPA,2026-07-02,00:50,NRT,Dep 01:04,,departure,
TK 6239_2026-07-02,TK 6239,THY,2026-07-02,01:40,"CIT, IST",Cancelled,,departure,
CX 3170_2026-07-02,CX 3170,CPA,2026-07-02,01:50,"ANC, MIA, IAH",Dep 04:34,,departure,
SV 981_2026-07-02,SV 981,SVA,2026-07-02,02:00,RUH,Cancelled,,departure,
TK 6265_2026-07-02,TK 6265,THY,2026-07-02,02:10,IST,Dep 03:13,,departure,
MS 510_2026-07-02,MS 510,MSR,2026-07-02,02:15,"BKK, CAI",Dep 01:07,,departure,
KZ 202_2026-07-02,KZ 202,NCA,2026-07-02,02:25,NRT,Dep 02:28,,departure,
NH 8512_2026-07-02,NH 8512,ANA,2026-07-02,02:25,NRT,Dep 02:13,,departure,
KJ 972_2026-07-02,KJ 972,AIH,2026-07-02,02:40,ICN,Dep 02:27,,departure,
CI 5836_2026-07-02,CI 5836,CAL,2026-07-02,03:00,TPE,Dep 04:20,,departure,
CX 3254_2026-07-02,CX 3254,CPA,2026-07-02,03:10,PVG,Dep 03:22,,departure,
KE 314_2026-07-02,KE 314,KAL,2026-07-02,03:10,ICN,Dep 02:31,,departure,
LD 204_2026-07-02,LD 204,AHK,2026-07-02,03:15,KIX,Dep 04:28,,departure,
LD 128_2026-07-02,LD 128,AHK,2026-07-02,03:20,ICN,Dep 03:19,,departure,
BR 6536_2026-07-02,BR 6536,EVA,2026-07-02,03:20,TPE,Dep 02:59,,departure,
LD 208_2026-07-02,LD 208,AHK,2026-07-02,03:25,NRT,Dep 03:24,,departure,
LD 327_2026-07-02,LD 327,AHK,2026-07-02,03:25,SIN,Dep 04:04,,departure,
LD 768_2026-07-02,LD 768,AHK,2026-07-02,03:25,PEK,Dep 03:25,,departure,
LD 216_2026-07-02,LD 216,AHK,2026-07-02,03:30,NGO,Dep 03:33,,departure,
8K 526_2026-07-02,8K 526,KMI,2026-07-02,03:30,BKK,Dep 03:44,,departure,
LD 457_2026-07-02,LD 457,AHK,2026-07-02,03:35,"MNL, CEB",Dep 05:03,,departure,
LD 782_2026-07-02,LD 782,AHK,2026-07-02,03:40,PVG,Dep 03:59,,departure,
LD 831_2026-07-02,LD 831,AHK,2026-07-02,03:40,BKK,Dep 04:48,,departure,
LD 561_2026-07-02,LD 561,AHK,2026-07-02,03:45,SGN,Dep 04:16,,departure,
TH 3508_2026-07-02,TH 3508,RMY,2026-07-02,03:45,KUL,Dep 04:05,,departure,
3S 502_2026-07-02,3S 502,BOX,2026-07-02,04:00,LAX,Dep 04:07,,departure,
3Y 6011_2026-07-02,3Y 6011,MYU,2026-07-02,04:00,"BKI, CGK",Dep 04:21,,departure,
HJ 022_2026-07-02,HJ 022,TMN,2026-07-02,04:00,SYD,Dep 04:07,,departure,
LD 720_2026-07-02,LD 720,AHK,2026-07-02,04:05,CTU,Dep 04:09,,departure,
TH 3091_2026-07-02,TH 3091,RMY,2026-07-02,04:15,PEN,Dep 04:34,,departure,
LD 680_2026-07-02,LD 680,AHK,2026-07-02,04:20,TPE,Dep 04:20,,departure,
K4 915_2026-07-02,K4 915,CKS,2026-07-02,05:00,ANC,Dep 02:59 (03/07/2026),,departure,
7L 247_2026-07-02,7L 247,AZG,2026-07-02,05:10,GYD,Dep 05:22,,departure,
3S 715_2026-07-02,3S 715,BOX,2026-07-02,05:35,"DXB, LEJ",Dep 05:29,,departure,
3S 733_2026-07-02,3S 733,BOX,2026-07-02,05:40,"BLR, LEJ",Dep 05:51,,departure,
ES 720_2026-07-02,ES 720,DHX,2026-07-02,05:40,BAH,Dep 05:45,,departure,
3S 525_2026-07-02,3S 525,BOX,2026-07-02,05:45,"BAH, LEJ",Dep 06:52,,departure,
EK 9835_2026-07-02,EK 9835,UAE,2026-07-02,05:45,DWC,Dep 07:11,,departure,
FX 5025_2026-07-02,FX 5025,FDX,2026-07-02,06:20,"IST, CDG, LGG, MEM",Dep 06:13,,departure,
K4 255_2026-07-02,K4 255,CKS,2026-07-02,06:40,"YHM, CVG",Dep 06:38,,departure,
D0 593_2026-07-02,D0 593,DHK,2026-07-02,06:40,"DEL, EMA",Dep 06:49,,departure,
MB 350_2026-07-02,MB 350,MNB,2026-07-02,06:55,"NVI, SHJ",Dep 08:36,,departure,
K4 241_2026-07-02,K4 241,CKS,2026-07-02,07:00,"ANC, CVG",Dep 07:04,,departure,
RH 331_2026-07-02,RH 331,HKC,2026-07-02,07:00,BKK,Dep 13:28,,departure,
CK 264_2026-07-02,CK 264,CKK,2026-07-02,07:00,"CKG, PVG",Dep 06:45,,departure,
F5 7630_2026-07-02,F5 7630,ATG,2026-07-02,07:00,"DWC, TLV",Dep 09:36,,departure,
CT 124_2026-07-02,CT 124,AAE,2026-07-02,07:00,"HSA, LGG",Dep 17:46,,departure,
RH 392_2026-07-02,RH 392,HKC,2026-07-02,07:05,"ALA, BUD",Dep 14:01,,departure,
MB 430_2026-07-02,MB 430,MNB,2026-07-02,07:10,"NVI, IST",Cancelled,,departure,
5Y 8523_2026-07-02,5Y 8523,GTI,2026-07-02,07:30,"ANC, ORD",Dep 08:03,,departure,
SR 815_2026-07-02,SR 815,XKY,2026-07-02,07:30,CRK,Dep 07:20,,departure,
3S 507_2026-07-02,3S 507,BOX,2026-07-02,07:40,LEJ,Dep 07:50,,departure,
RH 371_2026-07-02,RH 371,HKC,2026-07-02,08:00,SIN,Dep 14:35,,departure,
CX 3280_2026-07-02,CX 3280,CPA,2026-07-02,08:05,"ANC, LAX, PDX",Dep 10:28,,departure,
3S 503_2026-07-02,3S 503,BOX,2026-07-02,08:30,LEJ,Dep 12:17 (03/07/2026),,departure,
QR 8433_2026-07-02,QR 8433,QTR,2026-07-02,08:40,DOH,Dep 08:43,,departure,
CC 4800_2026-07-02,CC 4800,ABD,2026-07-02,09:20,CMB,Cancelled,,departure,
CX 043_2026-07-02,CX 043,CPA,2026-07-02,10:10,DEL,Dep 11:09,,departure,
RH 962_2026-07-02,RH 962,HKC,2026-07-02,10:20,KIX,Dep 11:04,,departure,
5X 067_2026-07-02,5X 067,UPS,2026-07-02,10:25,"ICN, ANC, SDF",Dep 10:43,,departure,
CV 7624_2026-07-02,CV 7624,CLX,2026-07-02,10:30,"NQZ, LUX",Dep 12:34,,departure,
EY 926_2026-07-02,EY 926,ETD,2026-07-02,10:45,AUH,Dep 10:25,,departure,
BR 6530_2026-07-02,BR 6530,EVA,2026-07-02,11:05,TPE,Dep 10:40,,departure,
CI 5832_2026-07-02,CI 5832,CAL,2026-07-02,11:15,TPE,Dep 12:27,,departure,
MP 9432_2026-07-02,MP 9432,MPH,2026-07-02,11:15,"ALA, AMS",Dep 11:15,,departure,
5X 003_2026-07-02,5X 003,UPS,2026-07-02,11:25,"CGN, PHL",Dep 11:44,,departure,
5Y 8030_2026-07-02,5Y 8030,GTI,2026-07-02,11:25,"ANC, MIA",Cancelled,,departure,
CX 036_2026-07-02,CX 036,CPA,2026-07-02,11:55,KIX,Dep 13:36,,departure,
T8 4704_2026-07-02,T8 4704,TVR,2026-07-02,12:00,SHJ,Dep 12:15,,departure,
T8 4726_2026-07-02,T8 4726,TVR,2026-07-02,12:00,DMM,Dep 12:04,,departure,
F5 6502_2026-07-02,F5 6502,ATG,2026-07-02,12:00,SHJ,Dep 14:18,,departure,
QR 8427_2026-07-02,QR 8427,QTR,2026-07-02,12:25,DOH,Dep 12:25,,departure,
KJ 968_2026-07-02,KJ 968,AIH,2026-07-02,12:45,ICN,Dep 13:42,,departure,
5C 850_2026-07-02,5C 850,ICL,2026-07-02,13:00,"DWC, TLV",Dep 13:12,,departure,
EK 9837_2026-07-02,EK 9837,UAE,2026-07-02,13:15,DWC,Dep 14:07,,departure,
EK 9825_2026-07-02,EK 9825,UAE,2026-07-02,13:45,DWC,Dep 13:51,,departure,
CX 3298_2026-07-02,CX 3298,CPA,2026-07-02,13:50,"ANC, JFK",Dep 13:52,,departure,
3S 509_2026-07-02,3S 509,BOX,2026-07-02,14:15,LEJ,Dep 14:11,,departure,
EK 9841_2026-07-02,EK 9841,UAE,2026-07-02,14:30,DWC,Dep 15:35,,departure,
SQ 7952_2026-07-02,SQ 7952,SIA,2026-07-02,14:45,"ANC, DFW",Dep 15:23,,departure,
WW 862_2026-07-02,WW 862,KXP,2026-07-02,14:45,KUL,Dep 05:52 (03/07/2026),,departure,
5X 001_2026-07-02,5X 001,UPS,2026-07-02,15:40,"CGN, PHL",Dep 16:41,,departure,
5Y 825_2026-07-02,5Y 825,GTI,2026-07-02,15:50,"ANC, MIA",Dep 04:32 (03/07/2026),,departure,
ET 3685_2026-07-02,ET 3685,ETH,2026-07-02,15:50,ADD,Dep 15:11,,departure,
RH 317_2026-07-02,RH 317,HKC,2026-07-02,15:55,HAN,Dep 09:51 (03/07/2026),,departure,
CX 3243_2026-07-02,CX 3243,CPA,2026-07-02,16:05,HAN,Dep 18:27,,departure,
5X 061_2026-07-02,5X 061,UPS,2026-07-02,16:05,"TPE, ANC, SDF",Dep 16:26,,departure,
P9 881_2026-07-02,P9 881,MGE,2026-07-02,16:10,GUM,Dep 16:46,,departure,
5X 166_2026-07-02,5X 166,UPS,2026-07-02,16:10,"SIN, SDF",Dep 16:17,,departure,
KE 9314_2026-07-02,KE 9314,KAL,2026-07-02,16:55,ICN,Dep 16:27,,departure,
3S 517_2026-07-02,3S 517,BOX,2026-07-02,17:00,LEJ,Dep 01:24 (04/07/2026),,departure,
3S 519_2026-07-02,3S 519,BOX,2026-07-02,17:00,LEJ,Cancelled,,departure,
3S 590_2026-07-02,3S 590,BOX,2026-07-02,17:00,CVG,Dep 17:32,,departure,
5Y 654_2026-07-02,5Y 654,GTI,2026-07-02,17:25,"ICN, ANC, ORD",Dep 23:49,,departure,
QR 8417_2026-07-02,QR 8417,QTR,2026-07-02,17:30,DOH,Dep 17:36,,departure,
MH 6119_2026-07-02,MH 6119,MAS,2026-07-02,18:10,KUL,Dep 19:40 (03/07/2026),,departure,
LH 8461_2026-07-02,LH 8461,GEC,2026-07-02,18:25,"IST, FRA",Dep 18:17,,departure,
CX 2047_2026-07-02,CX 2047,CPA,2026-07-02,18:30,MAA,Dep 19:06,,departure,
CV 287_2026-07-02,CV 287,CLX,2026-07-02,18:55,"ANC, DFW, MIA, LUX",Dep 19:49,,departure,
RH 9457_2026-07-02,RH 9457,HKC,2026-07-02,18:55,"DEL, HAN",Dep 22:40,,departure,
5X 063_2026-07-02,5X 063,UPS,2026-07-02,19:05,"ANC, SDF",Dep 19:10,,departure,
CI 5838_2026-07-02,CI 5838,CAL,2026-07-02,19:20,TPE,Dep 19:30,,departure,
RH 963_2026-07-02,RH 963,HKC,2026-07-02,19:20,KIX,Cancelled,,departure,
SV 3021_2026-07-02,SV 3021,SVA,2026-07-02,19:30,RUH,Dep 21:15 (03/07/2026),,departure,
TH 641D_2026-07-02,TH 641D,RMY,2026-07-02,19:30,KUL,Dep 22:33 (03/07/2026),,departure,
CP 138_2026-07-02,CP 138,LSI,2026-07-02,19:35,"GYD, MXP",Cancelled,,departure,
AK 8542_2026-07-02,AK 8542,AXM,2026-07-02,19:45,KUL,Dep 21:10,,departure,
5X 1939_2026-07-02,5X 1939,UPS,2026-07-02,19:50,"ANC, ONT",Dep 19:39,,departure,
FX 5991_2026-07-02,FX 5991,FDX,2026-07-02,19:50,"KIX, OAK",Dep 19:51,,departure,
C8 782_2026-07-02,C8 782,ICV,2026-07-02,20:00,"ASB, MXP",Dep 20:38,,departure,
CX 056_2026-07-02,CX 056,CPA,2026-07-02,20:25,PVG,Dep 05:52 (03/07/2026),,departure,
7L 147_2026-07-02,7L 147,AZG,2026-07-02,20:25,GYD,Cancelled,,departure,
CX 054_2026-07-02,CX 054,CPA,2026-07-02,20:45,"CGO, PVG",Dep 22:24,,departure,
RH 351_2026-07-02,RH 351,HKC,2026-07-02,21:20,MNL,Dep 22:05,,departure,
7L 692_2026-07-02,7L 692,AZG,2026-07-02,21:20,GYD,Cancelled,,departure,
D0 009_2026-07-02,D0 009,DHK,2026-07-02,21:40,"CVG, EMA",Dep 22:16,,departure,
HE 805_2026-07-02,HE 805,HGO,2026-07-02,22:00,RUH,Dep 21:52,,departure,
EK 9925_2026-07-02,EK 9925,UAE,2026-07-02,22:45,"ANC, LAX",Cancelled,,departure,
ET 3785_2026-07-03,ET 3785,ETH,2026-07-03,00:00,"MCT, MAD",Cancelled,,departure,
CX 2094_2026-07-03,CX 2094,CPA,2026-07-03,00:10,"ANC, ORD",Dep 12:36,,departure,
RH 4568_2026-07-03,RH 4568,HKC,2026-07-03,00:15,TPE,Dep 02:00,,departure,
RH 829_2026-07-03,RH 829,HKC,2026-07-03,00:15,PVG,Dep 07:08,,departure,
3G 801_2026-07-03,3G 801,WCM,2026-07-03,00:30,KUL,Cancelled,,departure,
QR 8401_2026-07-03,QR 8401,QTR,2026-07-03,00:30,DOH,Dep 00:23,,departure,
CX 006_2026-07-03,CX 006,CPA,2026-07-03,00:50,NRT,Dep 02:42,,departure,
2U 8051_2026-07-03,2U 8051,FKH,2026-07-03,01:10,"NQZ, RIX",Dep 11:55,,departure,
CX 096_2026-07-03,CX 096,CPA,2026-07-03,01:30,"ANC, NLU",Dep 01:59,,departure,
EK 9785_2026-07-03,EK 9785,UAE,2026-07-03,01:35,DWC,Cancelled,,departure,
SV 987_2026-07-03,SV 987,SVA,2026-07-03,02:00,RUH,Dep 00:32,,departure,
KZ 202_2026-07-03,KZ 202,NCA,2026-07-03,02:25,NRT,Dep 02:31,,departure,
KJ 974_2026-07-03,KJ 974,AIH,2026-07-03,02:40,ICN,Dep 02:32,,departure,
CI 5826_2026-07-03,CI 5826,CAL,2026-07-03,03:00,TPE,Dep 03:07,,departure,
CX 3031_2026-07-03,CX 3031,CPA,2026-07-03,03:00,AMS,Dep 03:00,,departure,
KE 314_2026-07-03,KE 314,KAL,2026-07-03,03:10,ICN,Dep 02:55,,departure,
LD 204_2026-07-03,LD 204,AHK,2026-07-03,03:15,KIX,Dep 03:22,,departure,
LD 128_2026-07-03,LD 128,AHK,2026-07-03,03:20,ICN,Dep 03:29,,departure,
BR 6538_2026-07-03,BR 6538,EVA,2026-07-03,03:20,TPE,Dep 03:19,,departure,
LD 208_2026-07-03,LD 208,AHK,2026-07-03,03:25,NRT,Dep 03:34,,departure,
LD 327_2026-07-03,LD 327,AHK,2026-07-03,03:25,SIN,Dep 03:35,,departure,
LD 768_2026-07-03,LD 768,AHK,2026-07-03,03:25,PEK,Dep 03:29,,departure,
LD 216_2026-07-03,LD 216,AHK,2026-07-03,03:30,NGO,Dep 03:45,,departure,
8K 526_2026-07-03,8K 526,KMI,2026-07-03,03:30,BKK,Dep 03:36,,departure,
LD 457_2026-07-03,LD 457,AHK,2026-07-03,03:35,"MNL, CEB",Dep 03:50,,departure,
LD 782_2026-07-03,LD 782,AHK,2026-07-03,03:40,PVG,Dep 04:11,,departure,
LD 831_2026-07-03,LD 831,AHK,2026-07-03,03:40,BKK,Dep 03:55,,departure,
LD 561_2026-07-03,LD 561,AHK,2026-07-03,03:45,SGN,Dep 03:54,,departure,
TH 3508_2026-07-03,TH 3508,RMY,2026-07-03,03:45,KUL,Dep 04:00,,departure,
NH 8512_2026-07-03,NH 8512,ANA,2026-07-03,03:50,NRT,Dep 03:44,,departure,
3S 500_2026-07-03,3S 500,BOX,2026-07-03,04:00,LAX,Dep 04:21,,departure,
3Y 6011_2026-07-03,3Y 6011,MYU,2026-07-03,04:00,CGK,Dep 04:15,,departure,
LD 720_2026-07-03,LD 720,AHK,2026-07-03,04:05,CTU,Dep 04:16,,departure,
CX 072_2026-07-03,CX 072,CPA,2026-07-03,04:10,"ANC, MIA",Dep 09:49,,departure,
TH 3091_2026-07-03,TH 3091,RMY,2026-07-03,04:15,PEN,Dep 04:24,,departure,
LD 680_2026-07-03,LD 680,AHK,2026-07-03,04:20,TPE,Dep 04:34,,departure,
7L 1923_2026-07-03,7L 1923,AZG,2026-07-03,04:30,DWC,Dep 06:38,,departure,
D0 895_2026-07-03,D0 895,DHK,2026-07-03,05:00,BAH,Dep 05:09,,departure,
ET 3769_2026-07-03,ET 3769,ETH,2026-07-03,05:00,"EMA, IST",Cancelled,,departure,
QR 8415_2026-07-03,QR 8415,QTR,2026-07-03,05:30,DOH,Dep 05:32,,departure,
CT 142_2026-07-03,CT 142,AAE,2026-07-03,05:30,"HSA, STN",Dep 04:41 (04/07/2026),,departure,
3S 713_2026-07-03,3S 713,BOX,2026-07-03,05:35,"DXB, LEJ",Dep 05:42,,departure,
3S 735_2026-07-03,3S 735,BOX,2026-07-03,05:40,"BLR, LEJ",Dep 05:51,,departure,
ES 728_2026-07-03,ES 728,DHX,2026-07-03,05:40,BAH,Dep 05:55,,departure,
3S 523_2026-07-03,3S 523,BOX,2026-07-03,05:45,"BAH, LEJ",Dep 05:58,,departure,
MB 352_2026-07-03,MB 352,MNB,2026-07-03,05:50,SHJ,Dep 05:47,,departure,
QY 674_2026-07-03,QY 674,BCS,2026-07-03,06:00,"BAH, LEJ",Dep 06:06,,departure,
QY 679_2026-07-03,QY 679,BCS,2026-07-03,06:00,ALA,Cancelled,,departure,
FX 5217_2026-07-03,FX 5217,FDX,2026-07-03,06:05,"IST, LGG, CDG, MEM",Dep 06:05,,departure,
QR 8407_2026-07-03,QR 8407,QTR,2026-07-03,06:25,DOH,Dep 07:39,,departure,
K4 272_2026-07-03,K4 272,CKS,2026-07-03,06:35,"DWC, LGG",Dep 07:38,,departure,
D0 591_2026-07-03,D0 591,DHK,2026-07-03,06:40,"DEL, EMA",Dep 18:57,,departure,
CX 2058_2026-07-03,CX 2058,CPA,2026-07-03,06:45,PVG,Dep 09:10,,departure,
ET 3035_2026-07-03,ET 3035,ETH,2026-07-03,06:55,ADD,Cancelled,,departure,
QR 8409_2026-07-03,QR 8409,QTR,2026-07-03,06:55,DOH,Dep 06:59,,departure,
K4 243_2026-07-03,K4 243,CKS,2026-07-03,07:00,"ANC, MIA",Dep 07:07,,departure,
RH 331_2026-07-03,RH 331,HKC,2026-07-03,07:00,BKK,Dep 06:39 (04/07/2026),,departure,
7L 148_2026-07-03,7L 148,AZG,2026-07-03,07:00,GYD,Cancelled,,departure,
QR 8411_2026-07-03,QR 8411,QTR,2026-07-03,07:00,DOH,Dep 07:07,,departure,
CC 3571_2026-07-03,CC 3571,ABD,2026-07-03,07:00,CMB,Dep 07:23,,departure,
CX 037_2026-07-03,CX 037,CPA,2026-07-03,07:05,"BLR, LHR",Dep 07:16,,departure,
EK 9843_2026-07-03,EK 9843,UAE,2026-07-03,07:15,DWC,Dep 11:15,,departure,
CI 6842_2026-07-03,CI 6842,CAL,2026-07-03,07:35,TPE,Dep 07:24,,departure,
3S 703_2026-07-03,3S 703,BOX,2026-07-03,07:40,LEJ,Dep 08:13,,departure,
RH 371_2026-07-03,RH 371,HKC,2026-07-03,08:00,SIN,Dep 19:00,,departure,
K4 209_2026-07-03,K4 209,CKS,2026-07-03,08:15,"ANC, CVG",Dep 11:10,,departure,
QY 657_2026-07-03,QY 657,BCS,2026-07-03,09:50,"DWC, LEJ",Dep 11:05,,departure,
QY 675_2026-07-03,QY 675,BCS,2026-07-03,09:50,"ALA, LEJ",Cancelled,,departure,
O3 268_2026-07-03,O3 268,CSS,2026-07-03,09:55,NGB,Dep 10:51,,departure,
QY 517_2026-07-03,QY 517,BCS,2026-07-03,10:00,"DWC, LEJ",Dep 12:52,,departure,
CX 2073_2026-07-03,CX 2073,CPA,2026-07-03,10:05,SIN,Dep 10:18,,departure,
CV 7955_2026-07-03,CV 7955,CLX,2026-07-03,10:15,"NQZ, LUX",Dep 19:21,,departure,
QR 8435_2026-07-03,QR 8435,QTR,2026-07-03,10:15,DOH,Dep 11:39,,departure,
3S 503_2026-07-03,3S 503,BOX,2026-07-03,10:50,LEJ,Dep 11:36,,departure,
EK 9791_2026-07-03,EK 9791,UAE,2026-07-03,10:55,DWC,Cancelled,,departure,
5X 003_2026-07-03,5X 003,UPS,2026-07-03,11:25,"CGN, PHL",Dep 11:28,,departure,
Y9 2564_2026-07-03,Y9 2564,SGA,2026-07-03,11:30,"DAC, DWC",Dep 12:35,,departure,
CV 272_2026-07-03,CV 272,CLX,2026-07-03,11:40,"ANC, ORD, LUX",Dep 19:01,,departure,
EY 932_2026-07-03,EY 932,ETD,2026-07-03,11:55,AUH,Dep 17:04,,departure,
T8 4704_2026-07-03,T8 4704,TVR,2026-07-03,12:00,DMM,Dep 12:09,,departure,
T8 4728_2026-07-03,T8 4728,TVR,2026-07-03,12:00,DMM,Dep 17:59,,departure,
3V 400_2026-07-03,3V 400,TAY,2026-07-03,12:25,"DWC, LGG",Dep 17:34,,departure,
KJ 970_2026-07-03,KJ 970,AIH,2026-07-03,13:15,ICN,Dep 17:27,,departure,
K4 551_2026-07-03,K4 551,CKS,2026-07-03,14:15,"NRT, ORD",Dep 16:24,,departure,
TK 6259_2026-07-03,TK 6259,THY,2026-07-03,14:20,IST,Dep 16:49,,departure,
5X 067_2026-07-03,5X 067,UPS,2026-07-03,14:20,"ANC, SDF",Dep 15:57,,departure,
CX 039_2026-07-03,CX 039,CPA,2026-07-03,14:45,BOM,Dep 09:30 (04/07/2026),,departure,
EK 9853_2026-07-03,EK 9853,UAE,2026-07-03,14:50,DWC,Dep 17:17,,departure,
QR 8405_2026-07-03,QR 8405,QTR,2026-07-03,14:55,DOH,Dep 16:04,,departure,
WW 862_2026-07-03,WW 862,KXP,2026-07-03,15:20,KUL,Dep 00:23 (04/07/2026),,departure,
KE 8314_2026-07-03,KE 8314,KAL,2026-07-03,15:50,ICN,Dep 16:13,,departure,
5Y 612_2026-07-03,5Y 612,GTI,2026-07-03,15:55,"ANC, HSV, MIA",Dep 13:36,,departure,
RH 317_2026-07-03,RH 317,HKC,2026-07-03,15:55,HAN,Dep 13:36 (04/07/2026),,departure,
5X 061_2026-07-03,5X 061,UPS,2026-07-03,16:05,"TPE, ANC, SDF",Dep 16:40,,departure,
P9 881_2026-07-03,P9 881,MGE,2026-07-03,16:10,GUM,Dep 18:39,,departure,
TK 6321_2026-07-03,TK 6321,THY,2026-07-03,16:25,IST,Dep 17:46,,departure,
5X 169_2026-07-03,5X 169,UPS,2026-07-03,16:25,"SIN, SDF",Dep 18:08,,departure,
3S 519_2026-07-03,3S 519,BOX,2026-07-03,16:45,LEJ,Dep 18:20,,departure,
CX 2049_2026-07-03,CX 2049,CPA,2026-07-03,16:55,HAN,Dep 17:48,,departure,
RH 9375_2026-07-03,RH 9375,HKC,2026-07-03,17:00,MAA,Dep 22:56,,departure,
7L 692_2026-07-03,7L 692,AZG,2026-07-03,17:05,GYD,Dep 20:37,,departure,
QR 8475_2026-07-03,QR 8475,QTR,2026-07-03,17:15,DOH,Dep 18:24,,departure,
5Y 8139_2026-07-03,5Y 8139,GTI,2026-07-03,17:55,"DEL, ANC",Dep 05:43 (04/07/2026),,departure,
TH 641_2026-07-03,TH 641,RMY,2026-07-03,18:05,KUL,Dep 22:01,,departure,
CX 2026_2026-07-03,CX 2026,CPA,2026-07-03,18:05,TPE,Dep 04:37 (04/07/2026),,departure,
7L 247_2026-07-03,7L 247,AZG,2026-07-03,18:10,GYD,Cancelled,,departure,
RH 9457_2026-07-03,RH 9457,HKC,2026-07-03,18:20,DEL,Dep 20:56,,departure,
EK 9847_2026-07-03,EK 9847,UAE,2026-07-03,18:25,DWC,Dep 19:32,,departure,
MB 354_2026-07-03,MB 354,MNB,2026-07-03,18:30,"KGF, IST",Dep 04:06 (04/07/2026),,departure,
7L 572_2026-07-03,7L 572,AZG,2026-07-03,18:35,GYD,Cancelled,,departure,
5C 850_2026-07-03,5C 850,ICL,2026-07-03,18:50,"DWC, TLV",Dep 20:56,,departure,
SQ 7859_2026-07-03,SQ 7859,SIA,2026-07-03,18:55,SIN,Dep 19:56,,departure,
CI 6844_2026-07-03,CI 6844,CAL,2026-07-03,19:20,TPE,Dep 20:11,,departure,
5X 063_2026-07-03,5X 063,UPS,2026-07-03,19:25,"ANC, SDF",Dep 20:00,,departure,
QR 8423_2026-07-03,QR 8423,QTR,2026-07-03,19:30,DOH,Dep 20:54,,departure,
AK 8542_2026-07-03,AK 8542,AXM,2026-07-03,19:45,KUL,Dep 00:26 (04/07/2026),,departure,
SV 977_2026-07-03,SV 977,SVA,2026-07-03,19:45,JED,Cancelled,,departure,
5X 059_2026-07-03,5X 059,UPS,2026-07-03,19:45,"ANC, ONT",Cancelled,,departure,
FX 5991_2026-07-03,FX 5991,FDX,2026-07-03,19:50,"KIX, OAK, MEM",Dep 20:19,,departure,
K4 702_2026-07-03,K4 702,CKS,2026-07-03,20:25,"DWC, TLV",Dep 23:36,,departure,
CX 3147_2026-07-03,CX 3147,CPA,2026-07-03,21:00,HAN,Dep 21:02,,departure,
CX 090_2026-07-03,CX 090,CPA,2026-07-03,21:05,"ANC, LAX, DFW",Dep 21:50,,departure,
QR 8471_2026-07-03,QR 8471,QTR,2026-07-03,21:15,DOH,Dep 21:24,,departure,
RH 351_2026-07-03,RH 351,HKC,2026-07-03,21:20,MNL,Dep 22:22,,departure,
EK 9775_2026-07-03,EK 9775,UAE,2026-07-03,21:25,DWC,Cancelled,,departure,
MH 6113_2026-07-03,MH 6113,MAS,2026-07-03,21:50,KUL,Dep 21:51 (04/07/2026),,departure,
AK 8535_2026-07-03,AK 8535,AXM,2026-07-03,21:55,KUL,Cancelled,,departure,
CV 293_2026-07-03,CV 293,CLX,2026-07-03,22:05,"ANC, NLU, GDL, LUX",Dep 22:37,,departure,
HJ 022_2026-07-03,HJ 022,TMN,2026-07-03,22:35,SYD,Dep 22:39,,departure,
QF 7526_2026-07-03,QF 7526,QFA,2026-07-03,23:55,SYD,Dep 00:18 (04/07/2026),,departure,
CX 3272_2026-07-04,CX 3272,CPA,2026-07-04,00:05,"ANC, MIA, ATL",Dep 03:08,,departure,
RH 4568_2026-07-04,RH 4568,HKC,2026-07-04,00:15,TPE,Dep 22:57,,departure,
3G 801_2026-07-04,3G 801,WCM,2026-07-04,00:30,KUL,Cancelled,,departure,
CX 006_2026-07-04,CX 006,CPA,2026-07-04,00:50,NRT,Dep 01:08,,departure,
CX 086_2026-07-04,CX 086,CPA,2026-07-04,01:30,"ANC, NLU",Dep 08:26,,departure,
KJ 972_2026-07-04,KJ 972,AIH,2026-07-04,02:20,ICN,Dep 02:50,,departure,
KZ 202_2026-07-04,KZ 202,NCA,2026-07-04,02:25,NRT,Dep 02:44,,departure,
NH 8512_2026-07-04,NH 8512,ANA,2026-07-04,02:25,NRT,Dep 02:33,,departure,
SV 983_2026-07-04,SV 983,SVA,2026-07-04,02:25,RUH,Dep 03:11,,departure,
CX 056_2026-07-04,CX 056,CPA,2026-07-04,02:40,PVG,Dep 07:19,,departure,
ET 3219_2026-07-04,ET 3219,ETH,2026-07-04,02:40,ADD,Dep 05:54 (06/07/2026),,departure,
CI 5836_2026-07-04,CI 5836,CAL,2026-07-04,03:00,TPE,Dep 02:59,,departure,
KE 314_2026-07-04,KE 314,KAL,2026-07-04,03:10,ICN,Dep 03:09,,departure,
BR 6536_2026-07-04,BR 6536,EVA,2026-07-04,03:20,TPE,Dep 03:24,,departure,
LD 457_2026-07-04,LD 457,AHK,2026-07-04,03:35,"MNL, CEB",Dep 03:38,,departure,
8K 526_2026-07-04,8K 526,KMI,2026-07-04,03:40,BKK,Dep 03:33,,departure,
LD 591_2026-07-04,LD 591,AHK,2026-07-04,03:45,PEN,Dep 03:48,,departure,
LD 128_2026-07-04,LD 128,AHK,2026-07-04,03:50,ICN,Dep 03:46,,departure,
LD 208_2026-07-04,LD 208,AHK,2026-07-04,03:55,NRT,Dep 03:56,,departure,
CX 050_2026-07-04,CX 050,CPA,2026-07-04,04:00,CGO,Dep 04:59,,departure,
LD 831_2026-07-04,LD 831,AHK,2026-07-04,04:05,BKK,Dep 04:13,,departure,
TC 503_2026-07-04,TC 503,ATC,2026-07-04,04:10,MCT,Cancelled,,departure,
LD 782_2026-07-04,LD 782,AHK,2026-07-04,04:15,PVG,Dep 05:02,,departure,
MB 382_2026-07-04,MB 382,MNB,2026-07-04,04:25,"SHJ, IST",Dep 05:53,,departure,
LD 317_2026-07-04,LD 317,AHK,2026-07-04,04:35,SIN,Dep 04:27,,departure,
CV 352_2026-07-04,CV 352,CLX,2026-07-04,04:40,"GYD, BUD, LUX",Dep 06:57,,departure,
LD 680_2026-07-04,LD 680,AHK,2026-07-04,04:45,TPE,Dep 04:52,,departure,
QR 8421_2026-07-04,QR 8421,QTR,2026-07-04,04:45,DOH,Dep 04:29,,departure,
CX 061_2026-07-04,CX 061,CPA,2026-07-04,05:00,"BLR, FRA",Dep 05:09,,departure,
3S 715_2026-07-04,3S 715,BOX,2026-07-04,05:35,"DXB, LEJ",Dep 05:47,,departure,
EK 9831_2026-07-04,EK 9831,UAE,2026-07-04,05:35,DWC,Dep 05:39,,departure,
3S 733_2026-07-04,3S 733,BOX,2026-07-04,05:40,"BLR, EMA, LEJ",Dep 05:42,,departure,
ES 720_2026-07-04,ES 720,DHX,2026-07-04,05:40,BAH,Dep 21:16,,departure,
3S 545_2026-07-04,3S 545,BOX,2026-07-04,05:55,"BRU, FRA",Dep 06:01,,departure,
K4 287_2026-07-04,K4 287,CKS,2026-07-04,06:00,"LAX, LEJ",Dep 06:15,,departure,
FX 021_2026-07-04,FX 021,FDX,2026-07-04,06:05,"IST, CDG, MXP, MEM",Dep 06:07,,departure,
K4 253_2026-07-04,K4 253,CKS,2026-07-04,06:55,"ANC, JFK, CVG",Dep 07:09,,departure,
3S 709_2026-07-04,3S 709,BOX,2026-07-04,06:55,"BAH, LEJ",Dep 20:46,,departure,
CC 3575_2026-07-04,CC 3575,ABD,2026-07-04,06:55,"CMB, JNB",Dep 06:58,,departure,
K4 241_2026-07-04,K4 241,CKS,2026-07-04,07:00,"ANC, MIA, CVG",Dep 07:02,,departure,
CK 264_2026-07-04,CK 264,CKK,2026-07-04,07:00,CKG,Dep 17:02,,departure,
CT 128_2026-07-04,CT 128,AAE,2026-07-04,07:00,"HSA, LGG",Cancelled,,departure,
F5 6603_2026-07-04,F5 6603,ATG,2026-07-04,07:00,"DWC, EMA",Dep 08:46,,departure,
RH 392_2026-07-04,RH 392,HKC,2026-07-04,07:05,"CIT, BUD",Dep 17:15,,departure,
EK 9215_2026-07-04,EK 9215,UAE,2026-07-04,07:05,"ALA, BUD",Cancelled,,departure,
ET 3601_2026-07-04,ET 3601,ETH,2026-07-04,07:10,ADD,Cancelled,,departure,
HJ 026_2026-07-04,HJ 026,TMN,2026-07-04,07:20,SYD,Dep 07:20,,departure,
SR 815_2026-07-04,SR 815,XKY,2026-07-04,07:30,CRK,Dep 20:11,,departure,
EK 9789_2026-07-04,EK 9789,UAE,2026-07-04,08:05,DWC,Dep 08:08,,departure,
TK 6303_2026-07-04,TK 6303,THY,2026-07-04,08:20,"CIT, IST",Dep 09:16,,departure,
CX 3073_2026-07-04,CX 3073,CPA,2026-07-04,08:20,PEN,Dep 08:35,,departure,
MB 502_2026-07-04,MB 502,MNB,2026-07-04,08:30,"AMD, KWI",Dep 08:49,,departure,
QR 8403_2026-07-04,QR 8403,QTR,2026-07-04,08:40,DOH,Dep 08:53,,departure,
RH 9489_2026-07-04,RH 9489,HKC,2026-07-04,08:45,"ALA, IST",Dep 10:38 (05/07/2026),,departure,
KJ 952_2026-07-04,KJ 952,AIH,2026-07-04,09:20,ICN,Dep 09:28,,departure,
EK 9833_2026-07-04,EK 9833,UAE,2026-07-04,09:40,DWC,Dep 09:06,,departure,
CV 251_2026-07-04,CV 251,CLX,2026-07-04,09:55,"ANC, ORD, DFW, LUX",Dep 18:17,,departure,
O3 268_2026-07-04,O3 268,CSS,2026-07-04,09:55,NGB,Dep 09:09,,departure,
RH 6651_2026-07-04,RH 6651,HKC,2026-07-04,09:55,DAC,Dep 10:35,,departure,
LH 8461_2026-07-04,LH 8461,GEC,2026-07-04,10:20,"IST, FRA",Dep 10:18,,departure,
SQ 7980_2026-07-04,SQ 7980,SIA,2026-07-04,10:30,"ANC, DFW",Dep 10:40,,departure,
CV 292_2026-07-04,CV 292,CLX,2026-07-04,10:30,"GYD, LUX",Dep 10:57,,departure,
5C 852_2026-07-04,5C 852,ICL,2026-07-04,10:30,TLV,Dep 10:32,,departure,
N8 530_2026-07-04,N8 530,NCR,2026-07-04,10:50,"AUH, KWI",Dep 22:35 (07/07/2026),,departure,
BR 6522_2026-07-04,BR 6522,EVA,2026-07-04,11:05,TPE,Dep 10:48,,departure,
RH 371_2026-07-04,RH 371,HKC,2026-07-04,11:50,SIN,Dep 15:17,,departure,
CX 036_2026-07-04,CX 036,CPA,2026-07-04,11:55,KIX,Dep 12:04,,departure,
D0 593_2026-07-04,D0 593,DHK,2026-07-04,11:55,"DEL, EMA",Dep 11:51,,departure,
T8 4702_2026-07-04,T8 4702,TVR,2026-07-04,12:00,SHJ,Dep 12:43,,departure,
T8 4708_2026-07-04,T8 4708,TVR,2026-07-04,12:00,BAH,Dep 15:57,,departure,
CX 084_2026-07-04,CX 084,CPA,2026-07-04,12:10,"ANC, LAX, PDX",Dep 12:34,,departure,
5Y 8052_2026-07-04,5Y 8052,GTI,2026-07-04,12:30,"ANC, MIA",Dep 12:53,,departure,
KJ 968_2026-07-04,KJ 968,AIH,2026-07-04,12:45,ICN,Dep 13:39,,departure,
QY 659_2026-07-04,QY 659,BCS,2026-07-04,12:50,"DWC, LEJ",Dep 13:24,,departure,
QY 679_2026-07-04,QY 679,BCS,2026-07-04,12:50,ALA,Cancelled,,departure,
C6 7634_2026-07-04,C6 7634,MFX,2026-07-04,13:00,TAS,Cancelled,,departure,
CX 049_2026-07-04,CX 049,CPA,2026-07-04,13:15,DAC,Dep 14:23,,departure,
MH 6105_2026-07-04,MH 6105,MAS,2026-07-04,14:00,KUL,Dep 22:56 (06/07/2026),,departure,
CP 156_2026-07-04,CP 156,LSI,2026-07-04,14:50,"GYD, FCO",Dep 16:48,,departure,
EK 9845_2026-07-04,EK 9845,UAE,2026-07-04,14:50,DWC,Dep 15:00,,departure,
Z7 322_2026-07-04,Z7 322,CMS,2026-07-04,15:00,"CCU, TBS",Dep 19:07,,departure,
F5 6504_2026-07-04,F5 6504,ATG,2026-07-04,15:00,SHJ,Dep 15:29,,departure,
RH 317_2026-07-04,RH 317,HKC,2026-07-04,15:55,HAN,Dep 06:30 (05/07/2026),,departure,
CX 080_2026-07-04,CX 080,CPA,2026-07-04,16:05,"ANC, ORD",Dep 01:55 (05/07/2026),,departure,
CX 3296_2026-07-04,CX 3296,CPA,2026-07-04,16:30,"ANC, JFK",Dep 19:05,,departure,
EY 926_2026-07-04,EY 926,ETD,2026-07-04,16:40,AUH,Dep 16:32,,departure,
EK 9793_2026-07-04,EK 9793,UAE,2026-07-04,16:50,DWC,Dep 16:53,,departure,
5Y 8137_2026-07-04,5Y 8137,GTI,2026-07-04,16:55,"DEL, ANC",Dep 21:57,,departure,
C8 762_2026-07-04,C8 762,ICV,2026-07-04,17:25,"ASB, MXP",Dep 18:43,,departure,
KE 9314_2026-07-04,KE 9314,KAL,2026-07-04,17:30,ICN,Dep 17:13,,departure,
TH 641_2026-07-04,TH 641,RMY,2026-07-04,18:05,KUL,Dep 03:39 (05/07/2026),,departure,
QR 8473_2026-07-04,QR 8473,QTR,2026-07-04,18:15,DOH,Dep 18:53,,departure,
7L 624_2026-07-04,7L 624,AZG,2026-07-04,18:25,GYD,Cancelled,,departure,
EK 9841_2026-07-04,EK 9841,UAE,2026-07-04,18:25,DWC,Dep 19:37,,departure,
CI 5824_2026-07-04,CI 5824,CAL,2026-07-04,18:50,TPE,Dep 19:19,,departure,
CI 5838_2026-07-04,CI 5838,CAL,2026-07-04,19:20,TPE,Dep 19:57,,departure,
2C 575_2026-07-04,2C 575,CMA,2026-07-04,19:30,NVI,Cancelled,,departure,
AK 8546_2026-07-04,AK 8546,AXM,2026-07-04,19:45,KUL,Dep 23:27,,departure,
SV 973_2026-07-04,SV 973,SVA,2026-07-04,19:45,RUH,Dep 20:20,,departure,
SQ 7867_2026-07-04,SQ 7867,SIA,2026-07-04,19:45,SIN,Dep 21:22,,departure,
CX 067_2026-07-04,CX 067,CPA,2026-07-04,19:55,"MAA, FRA",Cancelled,,departure,
3S 637_2026-07-04,3S 637,BOX,2026-07-04,20:15,"DWC, FRA",Dep 20:12,,departure,
FX 5012_2026-07-04,FX 5012,FDX,2026-07-04,20:45,"ANC, MEM",Dep 21:07,,departure,
5X 059_2026-07-04,5X 059,UPS,2026-07-04,21:00,"ANC, ONT",Dep 21:20,,departure,
5X 059D_2026-07-04,5X 059D,UPS,2026-07-04,21:00,"ANC, ONT",Dep 15:47,,departure,
CV 9936_2026-07-04,CV 9936,CLX,2026-07-04,21:15,"NQZ, LUX",Dep 21:16,,departure,
CV 309_2026-07-04,CV 309,CLX,2026-07-04,21:15,"NQZ, LUX",Cancelled,,departure,
RH 351_2026-07-04,RH 351,HKC,2026-07-04,21:20,MNL,Dep 22:45,,departure,
HE 807_2026-07-04,HE 807,HGO,2026-07-04,21:40,RUH,Dep 23:09,,departure,
7L 648_2026-07-04,7L 648,AZG,2026-07-04,21:55,GYD,Cancelled,,departure,
CV 244_2026-07-04,CV 244,CLX,2026-07-04,22:00,"ANC, LAX, LUX",Dep 21:38,,departure,
CX 3262_2026-07-04,CX 3262,CPA,2026-07-04,22:00,CKG,Dep 23:05,,departure,
CX 3238_2026-07-04,CX 3238,CPA,2026-07-04,23:10,XMN,Dep 05:25 (05/07/2026),,departure,
BR 6820_2026-07-04,BR 6820,EVA,2026-07-04,23:15,TPE,Dep 00:24 (05/07/2026),,departure,
CX 054_2026-07-04,CX 054,CPA,2026-07-04,23:30,PVG,Dep 23:39,,departure,
5X 061_2026-07-04,5X 061,UPS,2026-07-04,23:30,"TPE, ANC, SDF",Dep 23:19,,departure,
RH 458D_2026-07-05,RH 458D,HKC,2026-07-05,00:15,TPE,Dep 03:46,,departure,
RH 4568_2026-07-05,RH 4568,HKC,2026-07-05,00:15,TPE,Cancelled,,departure,
RH 829_2026-07-05,RH 829,HKC,2026-07-05,00:15,PVG,Dep 07:15,,departure,
ET 3785_2026-07-05,ET 3785,ETH,2026-07-05,00:15,"MCT, MAD",Cancelled,,departure,
MB 530_2026-07-05,MB 530,MNB,2026-07-05,00:25,"NVI, IST",Dep 02:38,,departure,
3G 801_2026-07-05,3G 801,WCM,2026-07-05,00:30,KUL,Cancelled,,departure,
CV 597_2026-07-05,CV 597,CLX,2026-07-05,00:35,"GYD, LUX",Dep 07:47,,departure,
CX 006_2026-07-05,CX 006,CPA,2026-07-05,00:50,NRT,Dep 00:59,,departure,
C6 7632_2026-07-05,C6 7632,MFX,2026-07-05,01:30,TAS,Dep 11:02,,departure,
CX 096_2026-07-05,CX 096,CPA,2026-07-05,01:30,"ANC, NLU",Dep 02:26,,departure,
SV 987_2026-07-05,SV 987,SVA,2026-07-05,01:40,RUH,Dep 01:39,,departure,
EY 938_2026-07-05,EY 938,ETD,2026-07-05,01:45,AUH,Dep 02:58,,departure,
QR 8465_2026-07-05,QR 8465,QTR,2026-07-05,02:20,DOH,Dep 02:17,,departure,
KZ 202_2026-07-05,KZ 202,NCA,2026-07-05,02:25,NRT,Dep 03:02,,departure,
5X 063_2026-07-05,5X 063,UPS,2026-07-05,02:35,"ANC, SDF",Dep 03:27,,departure,
QR 8419_2026-07-05,QR 8419,QTR,2026-07-05,02:40,DOH,Cancelled,,departure,
CI 5826_2026-07-05,CI 5826,CAL,2026-07-05,03:00,TPE,Dep 02:23,,departure,
MS 510_2026-07-05,MS 510,MSR,2026-07-05,03:00,BKK,Dep 04:22,,departure,
KE 314_2026-07-05,KE 314,KAL,2026-07-05,03:10,ICN,Dep 02:46,,departure,
5X 001_2026-07-05,5X 001,UPS,2026-07-05,03:15,"CGN, PHL",Dep 03:14,,departure,
LD 457_2026-07-05,LD 457,AHK,2026-07-05,03:35,"MNL, CEB",Dep 03:33,,departure,
LD 768_2026-07-05,LD 768,AHK,2026-07-05,03:35,PEK,Dep 03:46,,departure,
LD 831_2026-07-05,LD 831,AHK,2026-07-05,03:40,BKK,Dep 03:43,,departure,
8K 526_2026-07-05,8K 526,KMI,2026-07-05,03:40,BKK,Dep 03:31,,departure,
ET 3769_2026-07-05,ET 3769,ETH,2026-07-05,03:50,"EMA, OSL",Cancelled,,departure,
LD 216_2026-07-05,LD 216,AHK,2026-07-05,03:55,NGO,Dep 06:17,,departure,
LD 327_2026-07-05,LD 327,AHK,2026-07-05,03:55,SIN,Dep 03:51,,departure,
LD 204_2026-07-05,LD 204,AHK,2026-07-05,04:00,KIX,Dep 04:00,,departure,
QR 8407_2026-07-05,QR 8407,QTR,2026-07-05,04:00,DOH,Dep 04:07,,departure,
LD 208_2026-07-05,LD 208,AHK,2026-07-05,04:05,NRT,Dep 04:01,,departure,
LD 720_2026-07-05,LD 720,AHK,2026-07-05,04:05,CTU,Dep 02:52 (06/07/2026),,departure,
LD 782_2026-07-05,LD 782,AHK,2026-07-05,04:15,PVG,Dep 04:23,,departure,
TH 3091_2026-07-05,TH 3091,RMY,2026-07-05,04:15,PEN,Dep 04:24,,departure,
CX 007_2026-07-05,CX 007,CPA,2026-07-05,04:40,"BLR, LHR",Dep 04:41,,departure,
LD 128_2026-07-05,LD 128,AHK,2026-07-05,04:50,ICN,Dep 04:49,,departure,
K4 223_2026-07-05,K4 223,CKS,2026-07-05,04:55,ANC,Dep 06:39,,departure,
MH 6013_2026-07-05,MH 6013,MAS,2026-07-05,04:55,KUL,Cancelled,,departure,
LD 561_2026-07-05,LD 561,AHK,2026-07-05,05:00,"SGN, PEN",Dep 04:57,,departure,
ES 736_2026-07-05,ES 736,DHX,2026-07-05,05:00,"BLR, BAH",Dep 05:06,,departure,
TH 3508_2026-07-05,TH 3508,RMY,2026-07-05,05:00,KUL,Dep 04:51,,departure,
HE 1710_2026-07-05,HE 1710,HGO,2026-07-05,05:30,GYD,Dep 06:59,,departure,
QR 8441_2026-07-05,QR 8441,QTR,2026-07-05,05:30,DOH,Dep 05:40,,departure,
3S 713_2026-07-05,3S 713,BOX,2026-07-05,05:35,"DXB, LEJ",Dep 06:02,,departure,
3S 707_2026-07-05,3S 707,BOX,2026-07-05,05:45,"BAH, LEJ",Dep 06:07,,departure,
QR 8453_2026-07-05,QR 8453,QTR,2026-07-05,05:45,DOH,Dep 05:36,,departure,
QY 655_2026-07-05,QY 655,BCS,2026-07-05,05:55,"DWC, LEJ",Dep 06:01,,departure,
3S 517_2026-07-05,3S 517,BOX,2026-07-05,06:00,LEJ,Dep 06:15,,departure,
3S 637_2026-07-05,3S 637,BOX,2026-07-05,06:00,"DWC, FRA",Cancelled,,departure,
QR 8431_2026-07-05,QR 8431,QTR,2026-07-05,06:00,DOH,Dep 05:48,,departure,
QY 651_2026-07-05,QY 651,BCS,2026-07-05,06:30,"BAH, MXP, LEJ",Dep 10:40,,departure,
CX 072_2026-07-05,CX 072,CPA,2026-07-05,06:40,"ANC, MIA, IAH",Dep 06:47,,departure,
K4 255_2026-07-05,K4 255,CKS,2026-07-05,06:55,"ANC, JFK, CVG",Dep 06:56,,departure,
CC 4030_2026-07-05,CC 4030,ABD,2026-07-05,06:55,CMB,Dep 07:07,,departure,
K4 235_2026-07-05,K4 235,CKS,2026-07-05,07:00,"ANC, MIA, CVG",Dep 07:19,,departure,
RH 331_2026-07-05,RH 331,HKC,2026-07-05,07:00,BKK,Dep 04:09 (06/07/2026),,departure,
N8 520_2026-07-05,N8 520,NCR,2026-07-05,07:00,"CMB, JNB",Dep 22:37,,departure,
5X 003_2026-07-05,5X 003,UPS,2026-07-05,07:00,"CGN, PHL",Cancelled,,departure,
QY 517_2026-07-05,QY 517,BCS,2026-07-05,07:00,"DWC, LEJ",Dep 07:32,,departure,
CT 128_2026-07-05,CT 128,AAE,2026-07-05,07:00,"HSA, LGG",Dep 06:48,,departure,
CK 264_2026-07-05,CK 264,CKK,2026-07-05,07:10,"CKG, PVG",Dep 16:38,,departure,
CI 5834_2026-07-05,CI 5834,CAL,2026-07-05,07:20,TPE,Dep 14:52,,departure,
CV 708_2026-07-05,CV 708,CLX,2026-07-05,07:20,"GYD, BUD, LUX",Dep 09:42,,departure,
HJ 024_2026-07-05,HJ 024,TMN,2026-07-05,07:25,SYD,Dep 07:21,,departure,
3S 721_2026-07-05,3S 721,BOX,2026-07-05,07:35,"DEL, LEJ",Dep 07:55,,departure,
3S 547_2026-07-05,3S 547,BOX,2026-07-05,08:15,"BRU, LEJ",Dep 08:38,,departure,
K4 201_2026-07-05,K4 201,CKS,2026-07-05,08:25,"ANC, CVG",Dep 22:28,,departure,
ES 696_2026-07-05,ES 696,DHX,2026-07-05,08:25,BAH,Dep 09:05,,departure,
QY 657_2026-07-05,QY 657,BCS,2026-07-05,08:55,"DWC, LEJ",Dep 09:07,,departure,
FX 018_2026-07-05,FX 018,FDX,2026-07-05,09:15,"SIN, ANC, MEM",Dep 09:37,,departure,
MB 505_2026-07-05,MB 505,MNB,2026-07-05,09:20,"SHJ, SHJ",Dep 12:01,,departure,
KJ 954_2026-07-05,KJ 954,AIH,2026-07-05,09:20,ICN,Dep 09:19,,departure,
3S 509_2026-07-05,3S 509,BOX,2026-07-05,09:30,LEJ,Dep 09:35,,departure,
EK 9861_2026-07-05,EK 9861,UAE,2026-07-05,09:30,DWC,Dep 08:58,,departure,
HJ 032_2026-07-05,HJ 032,TMN,2026-07-05,09:35,MEL,Dep 10:14,,departure,
K4 704_2026-07-05,K4 704,CKS,2026-07-05,09:40,"DWC, TLV",Dep 10:17,,departure,
QR 8433_2026-07-05,QR 8433,QTR,2026-07-05,09:45,DOH,Dep 09:50,,departure,
CX 3249_2026-07-05,CX 3249,CPA,2026-07-05,09:50,CGK,Dep 09:59,,departure,
K4 273_2026-07-05,K4 273,CKS,2026-07-05,09:55,"ANC, CVG",Dep 14:03,,departure,
CX 079_2026-07-05,CX 079,CPA,2026-07-05,10:40,SIN,Dep 16:04,,departure,
MP 9462_2026-07-05,MP 9462,MPH,2026-07-05,11:15,AMS,Dep 11:39,,departure,
3V 400_2026-07-05,3V 400,TAY,2026-07-05,11:25,"ALA, LGG",Dep 12:07,,departure,
RH 371_2026-07-05,RH 371,HKC,2026-07-05,11:50,SIN,Cancelled,,departure,
K4 251_2026-07-05,K4 251,CKS,2026-07-05,11:55,"LAX, CVG",Dep 18:24,,departure,
CX 3194_2026-07-05,CX 3194,CPA,2026-07-05,11:55,"ANC, JFK",Dep 14:18,,departure,
T8 4702_2026-07-05,T8 4702,TVR,2026-07-05,12:00,SHJ,Dep 14:20,,departure,
T8 4704_2026-07-05,T8 4704,TVR,2026-07-05,12:00,SHJ,Dep 12:03,,departure,
RH 962_2026-07-05,RH 962,HKC,2026-07-05,12:30,KIX,Dep 17:20,,departure,
KJ 970_2026-07-05,KJ 970,AIH,2026-07-05,13:15,ICN,Dep 13:38,,departure,
D0 895_2026-07-05,D0 895,DHK,2026-07-05,13:30,"BAH, LEJ",Dep 15:02,,departure,
TK 6691_2026-07-05,TK 6691,THY,2026-07-05,13:35,"CIT, IST",Dep 16:21,,departure,
7L 572_2026-07-05,7L 572,AZG,2026-07-05,13:35,DWC,Dep 19:10,,departure,
LD 8915_2026-07-05,LD 8915,AHK,2026-07-05,13:45,CGK,Dep 13:47,,departure,
CC 4100_2026-07-05,CC 4100,ABD,2026-07-05,14:00,"SHJ, LGG",Dep 14:43,,departure,
5C 852_2026-07-05,5C 852,ICL,2026-07-05,14:00,TLV,Dep 14:34,,departure,
EK 9859_2026-07-05,EK 9859,UAE,2026-07-05,14:00,DWC,Dep 14:00,,departure,
K4 551_2026-07-05,K4 551,CKS,2026-07-05,14:15,"NRT, ORD",Dep 10:19 (06/07/2026),,departure,
CV 209_2026-07-05,CV 209,CLX,2026-07-05,14:45,"ANC, ORD",Dep 19:38,,departure,
5Y 8373_2026-07-05,5Y 8373,GTI,2026-07-05,15:00,"ANC, MIA",Dep 17:34,,departure,
EK 9839_2026-07-05,EK 9839,UAE,2026-07-05,15:05,DWC,Dep 06:13,,departure,
KZ 206_2026-07-05,KZ 206,NCA,2026-07-05,15:30,NRT,Dep 16:34,,departure,
CP 182_2026-07-05,CP 182,LSI,2026-07-05,15:35,OTP,Dep 15:40,,departure,
CP 191_2026-07-05,CP 191,LSI,2026-07-05,15:35,OTP,Cancelled,,departure,
NH 8514_2026-07-05,NH 8514,ANA,2026-07-05,15:40,NRT,Dep 15:47,,departure,
P9 881_2026-07-05,P9 881,MGE,2026-07-05,16:10,GUM,Cancelled,,departure,
CV 342_2026-07-05,CV 342,CLX,2026-07-05,16:30,"ANC, MIA",Dep 18:35,,departure,
K4 527_2026-07-05,K4 527,CKS,2026-07-05,16:30,"ICN, ANC, LAX",Dep 16:50,,departure,
5Y 654_2026-07-05,5Y 654,GTI,2026-07-05,16:50,"ANC, ORD, MIA",Dep 17:15,,departure,
KE 8314_2026-07-05,KE 8314,KAL,2026-07-05,16:55,ICN,Dep 17:33,,departure,
RH 9375_2026-07-05,RH 9375,HKC,2026-07-05,17:00,MAA,Dep 23:27,,departure,
7L 923_2026-07-05,7L 923,AZG,2026-07-05,17:20,GYD,Cancelled,,departure,
FX 9017_2026-07-05,FX 9017,FDX,2026-07-05,18:05,HAN,Dep 17:48,,departure,
RH 9457_2026-07-05,RH 9457,HKC,2026-07-05,18:20,DEL,Dep 18:11 (06/07/2026),,departure,
MH 6107_2026-07-05,MH 6107,MAS,2026-07-05,18:20,KUL,Dep 17:29 (07/07/2026),,departure,
7L 621_2026-07-05,7L 621,AZG,2026-07-05,18:25,GYD,Cancelled,,departure,
AK 8542_2026-07-05,AK 8542,AXM,2026-07-05,18:30,KUL,Cancelled,,departure,
CV 226_2026-07-05,CV 226,CLX,2026-07-05,18:35,"ANC, JFK, LUX",Dep 05:40 (06/07/2026),,departure,
CX 043_2026-07-05,CX 043,CPA,2026-07-05,18:55,MAA,Dep 19:01,,departure,
C8 513_2026-07-05,C8 513,ICV,2026-07-05,19:15,"ASB, MXP",Dep 06:55 (06/07/2026),,departure,
2C 575_2026-07-05,2C 575,CMA,2026-07-05,19:45,"NVI, CDG",Dep 19:45,,departure,
CV 942_2026-07-05,CV 942,CLX,2026-07-05,19:45,"ASB, LUX",Dep 22:37,,departure,
CX 2098_2026-07-05,CX 2098,CPA,2026-07-05,20:05,"ANC, ORD",Dep 02:25 (06/07/2026),,departure,
5Y 8523_2026-07-05,5Y 8523,GTI,2026-07-05,20:45,"ANC, ORD",Dep 21:59,,departure,
3G 807_2026-07-05,3G 807,WCM,2026-07-05,21:05,KUL,Cancelled,,departure,
7L 692_2026-07-05,7L 692,AZG,2026-07-05,21:20,GYD,Cancelled,,departure,
CX 037_2026-07-05,CX 037,CPA,2026-07-05,21:30,"DEL, FRA",Dep 08:42 (06/07/2026),,departure,
SV 969_2026-07-05,SV 969,SVA,2026-07-05,21:35,"BOM, RUH",Dep 22:22,,departure,
AK 8535_2026-07-05,AK 8535,AXM,2026-07-05,21:55,KUL,Dep 17:56,,departure,
QR 8455_2026-07-05,QR 8455,QTR,2026-07-05,22:05,DOH,Dep 22:10,,departure,
QR 8477_2026-07-05,QR 8477,QTR,2026-07-05,22:10,DOH,Dep 22:02,,departure,
CX 3129_2026-07-05,CX 3129,CPA,2026-07-05,22:50,SYD,Dep 23:04,,departure,
CI 5832_2026-07-05,CI 5832,CAL,2026-07-05,23:00,TPE,Dep 23:37,,departure,
SR 813_2026-07-05,SR 813,XKY,2026-07-05,23:15,MNL,Dep 23:01,,departure,
QF 7526_2026-07-05,QF 7526,QFA,2026-07-05,23:45,SYD,Dep 23:35,,departure,
WW 862_2026-07-05,WW 862,KXP,2026-07-05,23:55,KUL,Dep 00:10 (06/07/2026),,departure,
CX 3290_2026-07-05,CX 3290,CPA,2026-07-05,23:55,"ANC, DFW, ATL",Dep 00:37 (06/07/2026),,departure,
EY 948_2026-07-06,EY 948,ETD,2026-07-06,00:30,AUH,Dep 01:19,,departure,
WW 862_2026-07-06,WW 862,KXP,2026-07-06,00:35,KUL,Cancelled,,departure,
ET 3767_2026-07-06,ET 3767,ETH,2026-07-06,00:40,LGG,Cancelled,,departure,
CX 096_2026-07-06,CX 096,CPA,2026-07-06,01:30,"ANC, NLU",Dep 04:45,,departure,
5X 169_2026-07-06,5X 169,UPS,2026-07-06,01:35,"SIN, SDF",Dep 01:38,,departure,
KZ 202_2026-07-06,KZ 202,NCA,2026-07-06,02:25,NRT,Dep 02:13,,departure,
TK 6257_2026-07-06,TK 6257,THY,2026-07-06,02:25,IST,Dep 02:23,,departure,
QR 8411_2026-07-06,QR 8411,QTR,2026-07-06,02:30,DOH,Dep 02:29,,departure,
LD 680_2026-07-06,LD 680,AHK,2026-07-06,02:40,TPE,Dep 02:35,,departure,
KE 314_2026-07-06,KE 314,KAL,2026-07-06,03:10,ICN,Dep 02:42,,departure,
7L 625_2026-07-06,7L 625,AZG,2026-07-06,03:30,GYD,Dep 05:33 (07/07/2026),,departure,
QR 8415_2026-07-06,QR 8415,QTR,2026-07-06,03:35,DOH,Dep 03:42,,departure,
BR 6530_2026-07-06,BR 6530,EVA,2026-07-06,03:50,TPE,Dep 03:35,,departure,
SV 983_2026-07-06,SV 983,SVA,2026-07-06,04:05,RUH,Dep 04:04,,departure,
QR 8435_2026-07-06,QR 8435,QTR,2026-07-06,05:00,DOH,Dep 05:02,,departure,
EK 9863_2026-07-06,EK 9863,UAE,2026-07-06,05:25,DWC,Dep 05:11,,departure,
CV 7331_2026-07-06,CV 7331,CLX,2026-07-06,05:30,"NQZ, LUX",Dep 05:23 (07/07/2026),,departure,
3S 637_2026-07-06,3S 637,BOX,2026-07-06,06:00,"DWC, FRA",Dep 05:43,,departure,
MB 507_2026-07-06,MB 507,MNB,2026-07-06,06:40,"NVI, IST",Dep 08:55,,departure,
EY 934_2026-07-06,EY 934,ETD,2026-07-06,06:50,AUH,Dep 06:43,,departure,
CX 3286_2026-07-06,CX 3286,CPA,2026-07-06,06:55,"ANC, JFK",Dep 07:31,,departure,
CK 264_2026-07-06,CK 264,CKK,2026-07-06,07:00,PVG,Cancelled,,departure,
F5 7706_2026-07-06,F5 7706,ATG,2026-07-06,07:00,RUH,Dep 07:15,,departure,
EK 9797_2026-07-06,EK 9797,UAE,2026-07-06,07:00,DWC,Dep 07:00,,departure,
CI 5828_2026-07-06,CI 5828,CAL,2026-07-06,07:05,TPE,Dep 07:32,,departure,
RH 392_2026-07-06,RH 392,HKC,2026-07-06,07:05,"DEL, BUD",Dep 07:14 (10/07/2026),,departure,
SR 815_2026-07-06,SR 815,XKY,2026-07-06,07:15,CRK,Dep 07:16 (07/07/2026),,departure,
CX 2049_2026-07-06,CX 2049,CPA,2026-07-06,07:15,HAN,Dep 07:16,,departure,
CX 3245_2026-07-06,CX 3245,CPA,2026-07-06,07:20,DEL,Dep 09:42,,departure,
K4 253_2026-07-06,K4 253,CKS,2026-07-06,08:25,"ANC, CVG",Dep 08:01,,departure,
TK 6301_2026-07-06,TK 6301,THY,2026-07-06,08:35,"CIT, IST",Dep 10:30,,departure,
3S 515_2026-07-06,3S 515,BOX,2026-07-06,08:45,LEJ,Dep 08:29,,departure,
ET 3035_2026-07-06,ET 3035,ETH,2026-07-06,09:30,ADD,Cancelled,,departure,
CX 098_2026-07-06,CX 098,CPA,2026-07-06,09:50,"ANC, ORD",Dep 10:22,,departure,
QR 8409_2026-07-06,QR 8409,QTR,2026-07-06,10:10,DOH,Dep 09:54,,departure,
HE 809_2026-07-06,HE 809,HGO,2026-07-06,10:30,RUH,Dep 13:47,,departure,
SQ 7974_2026-07-06,SQ 7974,SIA,2026-07-06,10:40,"ANC, LAX",Dep 10:29,,departure,
EK 9849_2026-07-06,EK 9849,UAE,2026-07-06,10:40,DXB,Dep 10:12,,departure,
CV 9931_2026-07-06,CV 9931,CLX,2026-07-06,11:35,"NQZ, LUX",Dep 02:50 (07/07/2026),,departure,
5Y 8230_2026-07-06,5Y 8230,GTI,2026-07-06,11:50,"ANC, MIA",Dep 11:57,,departure,
T8 4728_2026-07-06,T8 4728,TVR,2026-07-06,12:00,DMM,Dep 12:52,,departure,
7L 1572_2026-07-06,7L 1572,AZG,2026-07-06,12:20,GYD,Cancelled,,departure,
RH 6651_2026-07-06,RH 6651,HKC,2026-07-06,12:30,DAC,Dep 06:09 (07/07/2026),,departure,
T8 4726_2026-07-06,T8 4726,TVR,2026-07-06,13:00,DMM,Dep 15:01,,departure,
KE 9314_2026-07-06,KE 9314,KAL,2026-07-06,13:05,ICN,Dep 14:01,,departure,
CV 283_2026-07-06,CV 283,CLX,2026-07-06,13:10,"ANC, GDL, NLU, LUX",Dep 20:44,,departure,
5X 065_2026-07-06,5X 065,UPS,2026-07-06,13:20,"ANC, SDF",Cancelled,,departure,
MP 9472_2026-07-06,MP 9472,MPH,2026-07-06,13:30,"ALA, AMS",Dep 14:35,,departure,
MB 711_2026-07-06,MB 711,MNB,2026-07-06,13:35,"SHJ, IST",Dep 13:28,,departure,
3S 719_2026-07-06,3S 719,BOX,2026-07-06,14:05,LEJ,Dep 15:46,,departure,
KZ 206_2026-07-06,KZ 206,NCA,2026-07-06,14:40,NRT,Dep 15:35,,departure,
WW 862_2026-07-06,WW 862,KXP,2026-07-06,14:45,KUL,Cancelled,,departure,
EK 9781_2026-07-06,EK 9781,UAE,2026-07-06,14:45,DWC,Dep 14:56,,departure,
CX 2084_2026-07-06,CX 2084,CPA,2026-07-06,15:30,"ANC, LAX, PDX",Dep 16:00,,departure,
CV 7957_2026-07-06,CV 7957,CLX,2026-07-06,15:35,"NQZ, LUX",Dep 18:02,,departure,
5X 001_2026-07-06,5X 001,UPS,2026-07-06,15:40,"CGN, PHL",Cancelled,,departure,
EK 9851_2026-07-06,EK 9851,UAE,2026-07-06,15:45,DWC,Dep 15:58,,departure,
5X 061_2026-07-06,5X 061,UPS,2026-07-06,16:05,"TPE, ANC, SDF",Dep 16:08,,departure,
P9 881_2026-07-06,P9 881,MGE,2026-07-06,16:10,GUM,Dep 21:47 (08/07/2026),,departure,
ET 3685_2026-07-06,ET 3685,ETH,2026-07-06,16:25,ADD,Dep 17:45,,departure,
KE 312_2026-07-06,KE 312,KAL,2026-07-06,16:40,ICN,Dep 16:39,,departure,
EK 9841_2026-07-06,EK 9841,UAE,2026-07-06,16:50,DWC,Dep 17:58,,departure,
CX 049_2026-07-06,CX 049,CPA,2026-07-06,16:55,BOM,Dep 18:01,,departure,
3S 519_2026-07-06,3S 519,BOX,2026-07-06,17:15,LEJ,Dep 17:13,,departure,
QR 8401_2026-07-06,QR 8401,QTR,2026-07-06,17:15,DOH,Dep 17:29,,departure,
CT 122_2026-07-06,CT 122,AAE,2026-07-06,17:40,"HSA, LGG",Dep 19:15,,departure,
CV 278_2026-07-06,CV 278,CLX,2026-07-06,17:50,"ANC, ORD, LUX",Dep 22:03,,departure,
TH 641_2026-07-06,TH 641,RMY,2026-07-06,18:05,KUL,Dep 20:11,,departure,
7L 1648_2026-07-06,7L 1648,AZG,2026-07-06,18:05,GYD,Dep 17:21,,departure,
CX 2041_2026-07-06,CX 2041,CPA,2026-07-06,18:20,MAA,Dep 18:27,,departure,
5X 063_2026-07-06,5X 063,UPS,2026-07-06,19:05,"ANC, SDF",Dep 19:25,,departure,
CP 192_2026-07-06,CP 192,LSI,2026-07-06,19:25,"GYD, FCO",Dep 22:14,,departure,
7L 648_2026-07-06,7L 648,AZG,2026-07-06,19:25,GYD,Cancelled,,departure,
SV 3961_2026-07-06,SV 3961,SVA,2026-07-06,19:30,RUH,Dep 21:11,,departure,
WW 866_2026-07-06,WW 866,KXP,2026-07-06,19:35,HKG,Cancelled,,departure,
AK 8546_2026-07-06,AK 8546,AXM,2026-07-06,19:45,KUL,Cancelled,,departure,
5X 059_2026-07-06,5X 059,UPS,2026-07-06,19:45,"ANC, ONT",Dep 19:46,,departure,
SQ 7873_2026-07-06,SQ 7873,SIA,2026-07-06,19:45,SIN,Dep 20:30,,departure,
FX 5991_2026-07-06,FX 5991,FDX,2026-07-06,19:50,"KIX, OAK",Dep 20:11,,departure,
AK 8535_2026-07-06,AK 8535,AXM,2026-07-06,19:55,KUL,Dep 19:46,,departure,
7L 147_2026-07-06,7L 147,AZG,2026-07-06,20:25,GYD,Cancelled,,departure,
CX 054_2026-07-06,CX 054,CPA,2026-07-06,20:45,"CGO, PVG",Dep 20:48,,departure,
QY 539_2026-07-06,QY 539,BCS,2026-07-06,20:50,"DWC, LEJ",Dep 21:40,,departure,
3V 400_2026-07-06,3V 400,TAY,2026-07-06,20:50,"DWC, LGG",Dep 21:19,,departure,
5Y 8692_2026-07-06,5Y 8692,GTI,2026-07-06,21:05,ANC,Dep 21:20,,departure,
EK 9837_2026-07-06,EK 9837,UAE,2026-07-06,21:15,DWC,Dep 00:26 (07/07/2026),,departure,
RH 351_2026-07-06,RH 351,HKC,2026-07-06,21:20,MNL,Dep 22:29,,departure,
CV 962_2026-07-06,CV 962,CLX,2026-07-06,21:25,"NQZ, LUX",Cancelled,,departure,
ET 3229_2026-07-06,ET 3229,ETH,2026-07-06,21:30,ADD,Cancelled,,departure,
CX 3262_2026-07-06,CX 3262,CPA,2026-07-06,21:35,CKG,Dep 21:45,,departure,
3S 590_2026-07-06,3S 590,BOX,2026-07-06,21:40,CVG,Dep 22:23,,departure,
3S 704_2026-07-06,3S 704,BOX,2026-07-06,21:40,CVG,Cancelled,,departure,
TK 6065_2026-07-06,TK 6065,THY,2026-07-06,21:45,"CIT, IST",Dep 22:21,,departure,
K4 702_2026-07-06,K4 702,CKS,2026-07-06,22:05,"DWC, TLV",Dep 21:55,,departure,
QR 8431_2026-07-06,QR 8431,QTR,2026-07-06,22:05,DOH,Dep 13:48 (07/07/2026),,departure,
HE 1710_2026-07-06,HE 1710,HGO,2026-07-06,22:55,GYD,Dep 00:02 (07/07/2026),,departure,
RH 4568_2026-07-07,RH 4568,HKC,2026-07-07,00:15,TPE,Cancelled,,departure,
RH 9491_2026-07-07,RH 9491,HKC,2026-07-07,00:15,"ALA, IST",Cancelled,,departure,
CX 2023_2026-07-07,CX 2023,CPA,2026-07-07,00:40,SYD,Dep 03:29,,departure,
CX 006_2026-07-07,CX 006,CPA,2026-07-07,00:50,NRT,Dep 01:09,,departure,
CX 086_2026-07-07,CX 086,CPA,2026-07-07,01:30,"ANC, NLU",Dep 08:42,,departure,
KZ 202_2026-07-07,KZ 202,NCA,2026-07-07,02:25,NRT,Dep 02:23,,departure,
NH 8512_2026-07-07,NH 8512,ANA,2026-07-07,02:25,NRT,Dep 02:12,,departure,
KJ 972_2026-07-07,KJ 972,AIH,2026-07-07,02:40,ICN,Dep 02:24,,departure,
CI 5836_2026-07-07,CI 5836,CAL,2026-07-07,03:00,TPE,Dep 05:51,,departure,
KE 314_2026-07-07,KE 314,KAL,2026-07-07,03:10,ICN,Dep 02:35,,departure,
LD 204_2026-07-07,LD 204,AHK,2026-07-07,03:15,KIX,Dep 03:28,,departure,
LD 128_2026-07-07,LD 128,AHK,2026-07-07,03:20,ICN,Dep 03:18,,departure,
BR 6536_2026-07-07,BR 6536,EVA,2026-07-07,03:20,TPE,Dep 03:08,,departure,
LD 208_2026-07-07,LD 208,AHK,2026-07-07,03:25,NRT,Dep 03:39,,departure,
LD 327_2026-07-07,LD 327,AHK,2026-07-07,03:25,SIN,Dep 03:30,,departure,
LD 768_2026-07-07,LD 768,AHK,2026-07-07,03:25,PEK,Dep 03:20,,departure,
LD 216_2026-07-07,LD 216,AHK,2026-07-07,03:30,NGO,Dep 03:53,,departure,
8K 526_2026-07-07,8K 526,KMI,2026-07-07,03:30,BKK,Dep 03:27,,departure,
LD 457_2026-07-07,LD 457,AHK,2026-07-07,03:35,"MNL, CEB",Dep 03:39,,departure,
LD 782_2026-07-07,LD 782,AHK,2026-07-07,03:40,PVG,Dep 03:48,,departure,
LD 831_2026-07-07,LD 831,AHK,2026-07-07,03:40,BKK,Dep 03:43,,departure,
LD 561_2026-07-07,LD 561,AHK,2026-07-07,03:45,SGN,Dep 04:00,,departure,
TH 3508_2026-07-07,TH 3508,RMY,2026-07-07,03:45,KUL,Dep 03:48,,departure,
TK 6209_2026-07-07,TK 6209,THY,2026-07-07,03:55,"CIT, IST",Dep 03:53,,departure,
3S 582_2026-07-07,3S 582,BOX,2026-07-07,04:00,LAX,Dep 04:28,,departure,
3Y 6011_2026-07-07,3Y 6011,MYU,2026-07-07,04:00,CGK,Dep 04:04,,departure,
HJ 022_2026-07-07,HJ 022,TMN,2026-07-07,04:00,SYD,Dep 04:09,,departure,
LD 720_2026-07-07,LD 720,AHK,2026-07-07,04:05,CTU,Dep 04:04,,departure,
3G 841_2026-07-07,3G 841,WCM,2026-07-07,04:15,BKI,Cancelled,,departure,
TH 3091_2026-07-07,TH 3091,RMY,2026-07-07,04:15,PEN,Dep 04:30,,departure,
LD 680_2026-07-07,LD 680,AHK,2026-07-07,04:20,TPE,Dep 04:22,,departure,
QR 8467_2026-07-07,QR 8467,QTR,2026-07-07,04:20,DOH,Dep 08:41,,departure,
3S 715_2026-07-07,3S 715,BOX,2026-07-07,05:35,"DXB, LEJ",Dep 05:42,,departure,
3S 733_2026-07-07,3S 733,BOX,2026-07-07,05:40,"BLR, LEJ",Dep 05:49,,departure,
ES 720_2026-07-07,ES 720,DHX,2026-07-07,05:40,BAH,Dep 05:49,,departure,
3S 525_2026-07-07,3S 525,BOX,2026-07-07,05:45,"BAH, LEJ",Dep 05:55,,departure,
EK 9821_2026-07-07,EK 9821,UAE,2026-07-07,05:45,DWC,Dep 06:05,,departure,
ET 3707_2026-07-07,ET 3707,ETH,2026-07-07,05:55,"BUD, OSL",Cancelled,,departure,
Y9 2564_2026-07-07,Y9 2564,SGA,2026-07-07,06:00,"DAC, DOH",Dep 13:57,,departure,
FX 5217_2026-07-07,FX 5217,FDX,2026-07-07,06:20,"IST, CDG, LGG, MEM",Dep 06:31,,departure,
K4 255_2026-07-07,K4 255,CKS,2026-07-07,06:40,"YHM, JFK, CVG",Dep 06:54,,departure,
D0 593_2026-07-07,D0 593,DHK,2026-07-07,06:40,"DEL, EMA",Dep 06:55,,departure,
QR 8407_2026-07-07,QR 8407,QTR,2026-07-07,06:40,DOH,Dep 06:55,,departure,
CX 3258_2026-07-07,CX 3258,CPA,2026-07-07,06:45,PVG,Dep 12:35,,departure,
CX 3284_2026-07-07,CX 3284,CPA,2026-07-07,06:50,"ANC, LAX, PDX",Dep 12:02,,departure,
K4 241_2026-07-07,K4 241,CKS,2026-07-07,07:00,"ANC, MIA",Dep 06:59,,departure,
RH 331_2026-07-07,RH 331,HKC,2026-07-07,07:00,BKK,Dep 10:11,,departure,
CK 264_2026-07-07,CK 264,CKK,2026-07-07,07:00,CKG,Dep 16:27,,departure,
F5 6506_2026-07-07,F5 6506,ATG,2026-07-07,07:00,SHJ,Dep 12:47,,departure,
CC 3571_2026-07-07,CC 3571,ABD,2026-07-07,07:00,CMB,Dep 12:47,,departure,
3S 507_2026-07-07,3S 507,BOX,2026-07-07,07:25,LEJ,Dep 07:59,,departure,
N8 535_2026-07-07,N8 535,NCR,2026-07-07,07:30,"AUH, RUH",Dep 20:27 (09/07/2026),,departure,
SV 963_2026-07-07,SV 963,SVA,2026-07-07,07:30,RUH,Dep 07:53,,departure,
CI 6842_2026-07-07,CI 6842,CAL,2026-07-07,07:35,TPE,Dep 08:20,,departure,
7L 1148_2026-07-07,7L 1148,AZG,2026-07-07,07:40,GYD,Cancelled,,departure,
O3 152_2026-07-07,O3 152,CSS,2026-07-07,07:55,EHU,Dep 11:15,,departure,
5C 850_2026-07-07,5C 850,ICL,2026-07-07,08:15,"DWC, TLV",Dep 08:17,,departure,
3S 503_2026-07-07,3S 503,BOX,2026-07-07,08:30,LEJ,Dep 08:58,,departure,
K4 205_2026-07-07,K4 205,CKS,2026-07-07,08:40,"ANC, CVG",Dep 10:34,,departure,
5Y 8050_2026-07-07,5Y 8050,GTI,2026-07-07,08:45,"ANC, MIA",Dep 09:27,,departure,
7L 692_2026-07-07,7L 692,AZG,2026-07-07,09:20,GYD,Dep 11:20,,departure,
MB 713_2026-07-07,MB 713,MNB,2026-07-07,09:30,"NVI, IST",Dep 13:31,,departure,
ET 3035_2026-07-07,ET 3035,ETH,2026-07-07,09:30,ADD,Cancelled,,departure,
CX 3479_2026-07-07,CX 3479,CPA,2026-07-07,09:35,BOM,Dep 12:50 (08/07/2026),,departure,
CC 4600_2026-07-07,CC 4600,ABD,2026-07-07,09:40,CMB,Dep 10:29,,departure,
QY 653_2026-07-07,QY 653,BCS,2026-07-07,09:50,"DWC, LEJ",Dep 11:08,,departure,
O3 268_2026-07-07,O3 268,CSS,2026-07-07,09:55,NGB,Dep 12:00,,departure,
CV 9522_2026-07-07,CV 9522,CLX,2026-07-07,10:00,"NQZ, LUX",Dep 13:55,,departure,
5X 067_2026-07-07,5X 067,UPS,2026-07-07,10:15,"ICN, ANC, SDF",Dep 11:44,,departure,
TK 6267_2026-07-07,TK 6267,THY,2026-07-07,10:30,IST,Dep 12:29,,departure,
GH 1022_2026-07-07,GH 1022,IGT,2026-07-07,11:10,NVI,Cancelled,,departure,
5Y 654_2026-07-07,5Y 654,GTI,2026-07-07,11:15,"ANC, MIA",Dep 12:17,,departure,
MP 9412_2026-07-07,MP 9412,MPH,2026-07-07,11:15,AMS,Dep 08:15 (09/07/2026),,departure,
5X 003_2026-07-07,5X 003,UPS,2026-07-07,11:25,"CGN, PHL",Dep 11:50,,departure,
RH 371_2026-07-07,RH 371,HKC,2026-07-07,11:50,SIN,Dep 21:29,,departure,
CX 036_2026-07-07,CX 036,CPA,2026-07-07,11:55,KIX,Dep 21:56,,departure,
T8 4704_2026-07-07,T8 4704,TVR,2026-07-07,12:00,DMM,Dep 13:05,,departure,
SE 1105_2026-07-07,SE 1105,SVI,2026-07-07,12:00,"CCU, RKT, CAI, MST",Cancelled,,departure,
T8 4726_2026-07-07,T8 4726,TVR,2026-07-07,12:25,DMM,Dep 13:21,,departure,
KJ 968_2026-07-07,KJ 968,AIH,2026-07-07,12:45,ICN,Dep 13:41,,departure,
CX 2045_2026-07-07,CX 2045,CPA,2026-07-07,13:10,DEL,Dep 19:04,,departure,
CX 049_2026-07-07,CX 049,CPA,2026-07-07,13:15,DAC,Dep 13:30,,departure,
CX 3298_2026-07-07,CX 3298,CPA,2026-07-07,13:50,"ANC, JFK",Dep 20:31,,departure,
EK 9783_2026-07-07,EK 9783,UAE,2026-07-07,14:10,DWC,Cancelled,,departure,
EK 9839_2026-07-07,EK 9839,UAE,2026-07-07,14:15,DWC,Cancelled,,departure,
WW 862D_2026-07-07,WW 862D,KXP,2026-07-07,14:40,KUL,Dep 06:41 (15/07/2026),,departure,
TC 503_2026-07-07,TC 503,ATC,2026-07-07,14:55,MCT,Cancelled,,departure,
5X 001_2026-07-07,5X 001,UPS,2026-07-07,15:40,"CGN, PHL",Dep 15:38,,departure,
MH 6105_2026-07-07,MH 6105,MAS,2026-07-07,15:45,KUL,Dep 13:22 (08/07/2026),,departure,
RH 317_2026-07-07,RH 317,HKC,2026-07-07,15:55,HAN,Cancelled,,departure,
5X 061_2026-07-07,5X 061,UPS,2026-07-07,16:05,"TPE, ANC, SDF",Dep 15:57,,departure,
P9 881_2026-07-07,P9 881,MGE,2026-07-07,16:10,GUM,Dep 22:32,,departure,
5X 166_2026-07-07,5X 166,UPS,2026-07-07,16:10,"SIN, SDF",Dep 16:12,,departure,
EK 9863_2026-07-07,EK 9863,UAE,2026-07-07,16:25,DWC,Dep 16:21,,departure,
EK 9799_2026-07-07,EK 9799,UAE,2026-07-07,16:30,DWC,Dep 16:38,,departure,
CV 237_2026-07-07,CV 237,CLX,2026-07-07,17:00,"ANC, NLU",Cancelled,,departure,
3S 519_2026-07-07,3S 519,BOX,2026-07-07,17:10,LEJ,Dep 17:25,,departure,
KE 9314_2026-07-07,KE 9314,KAL,2026-07-07,17:10,ICN,Dep 17:25,,departure,
FX 9128_2026-07-07,FX 9128,FDX,2026-07-07,18:05,KIX,Dep 17:52,,departure,
7L 247_2026-07-07,7L 247,AZG,2026-07-07,18:15,GYD,Dep 20:57,,departure,
CX 2026_2026-07-07,CX 2026,CPA,2026-07-07,18:15,TPE,Dep 18:32 (08/07/2026),,departure,
C8 736_2026-07-07,C8 736,ICV,2026-07-07,18:20,"ASB, MXP",Dep 21:38,,departure,
LH 8461_2026-07-07,LH 8461,GEC,2026-07-07,18:25,"IST, FRA",Dep 18:20,,departure,
EK 9847_2026-07-07,EK 9847,UAE,2026-07-07,18:25,DWC,Dep 18:32,,departure,
7L 572_2026-07-07,7L 572,AZG,2026-07-07,18:35,GYD,Cancelled,,departure,
5X 063_2026-07-07,5X 063,UPS,2026-07-07,19:05,"ANC, SDF",Dep 18:58,,departure,
SQ 7922_2026-07-07,SQ 7922,SIA,2026-07-07,19:20,"ANC, DFW",Dep 20:20,,departure,
CI 5838_2026-07-07,CI 5838,CAL,2026-07-07,19:20,TPE,Dep 20:45,,departure,
AK 8542_2026-07-07,AK 8542,AXM,2026-07-07,19:45,KUL,Dep 20:30,,departure,
TH 641_2026-07-07,TH 641,RMY,2026-07-07,19:45,KUL,Dep 20:46,,departure,
5X 059_2026-07-07,5X 059,UPS,2026-07-07,19:45,"ANC, ONT",Dep 19:52,,departure,
FX 5991_2026-07-07,FX 5991,FDX,2026-07-07,19:50,"KIX, OAK",Dep 20:20,,departure,
N8 530_2026-07-07,N8 530,NCR,2026-07-07,20:20,"AUH, KWI",Cancelled,,departure,
TK 6329_2026-07-07,TK 6329,THY,2026-07-07,20:45,"CIT, IST",Dep 20:51,,departure,
EK 9785_2026-07-07,EK 9785,UAE,2026-07-07,20:45,DWC,Cancelled,,departure,
CX 2033_2026-07-07,CX 2033,CPA,2026-07-07,20:55,MAA,Dep 21:19,,departure,
EY 934_2026-07-07,EY 934,ETD,2026-07-07,21:10,AUH,Dep 11:04 (08/07/2026),,departure,
7L 148_2026-07-07,7L 148,AZG,2026-07-07,21:15,GYD,Cancelled,,departure,
SV 983_2026-07-07,SV 983,SVA,2026-07-07,21:30,RUH,Dep 02:16 (08/07/2026),,departure,
D0 009_2026-07-07,D0 009,DHK,2026-07-07,21:40,"CVG, EMA",Dep 22:26,,departure,
AK 8535_2026-07-07,AK 8535,AXM,2026-07-07,21:55,KUL,Cancelled,,departure,
7L 648_2026-07-07,7L 648,AZG,2026-07-07,21:55,GYD,Dep 15:04,,departure,
HE 811_2026-07-07,HE 811,HGO,2026-07-07,22:00,RUH,Dep 06:09 (08/07/2026),,departure,
EK 9833_2026-07-07,EK 9833,UAE,2026-07-07,22:15,DWC,Dep 23:15,,departure,
CX 3238_2026-07-07,CX 3238,CPA,2026-07-07,22:20,"XMN, PVG",Dep 04:31 (08/07/2026),,departure,
RH 327_2026-07-07,RH 327,HKC,2026-07-07,23:00,HAN,Dep 23:27,,departure,
CX 050_2026-07-07,CX 050,CPA,2026-07-07,23:05,PVG,Dep 09:28 (08/07/2026),,departure,
SR 813_2026-07-07,SR 813,XKY,2026-07-07,23:15,MNL,Dep 23:46,,departure,
ET 3447_2026-07-07,ET 3447,ETH,2026-07-07,23:30,ADD,Cancelled,,departure,
QR 8421_2026-07-07,QR 8421,QTR,2026-07-07,23:40,DOH,Dep 23:38,,departure,
ET 3785_2026-07-08,ET 3785,ETH,2026-07-08,00:00,"MCT, MAD",Cancelled,,departure,
ET 3791_2026-07-08,ET 3791,ETH,2026-07-08,00:00,LGG,Cancelled,,departure,
RH 4568_2026-07-08,RH 4568,HKC,2026-07-08,00:15,TPE,Cancelled,,departure,
QR 8441_2026-07-08,QR 8441,QTR,2026-07-08,00:40,DOH,Dep 00:19,,departure,
CX 006_2026-07-08,CX 006,CPA,2026-07-08,00:50,NRT,Dep 01:02,,departure,
KZ 202_2026-07-08,KZ 202,NCA,2026-07-08,01:25,NRT,Dep 01:38,,departure,
CX 096_2026-07-08,CX 096,CPA,2026-07-08,01:30,"ANC, NLU",Dep 10:30,,departure,
QR 8439_2026-07-08,QR 8439,QTR,2026-07-08,02:00,DOH,Dep 02:30,,departure,
NH 8512_2026-07-08,NH 8512,ANA,2026-07-08,02:25,NRT,Dep 02:09,,departure,
KJ 974_2026-07-08,KJ 974,AIH,2026-07-08,02:40,ICN,Dep 02:47,,departure,
CI 5826_2026-07-08,CI 5826,CAL,2026-07-08,03:00,TPE,Dep 02:45,,departure,
KE 314_2026-07-08,KE 314,KAL,2026-07-08,03:10,ICN,Dep 02:56,,departure,
LD 204_2026-07-08,LD 204,AHK,2026-07-08,03:15,KIX,Dep 03:45,,departure,
LD 128_2026-07-08,LD 128,AHK,2026-07-08,03:20,ICN,Dep 03:18,,departure,
BR 6538_2026-07-08,BR 6538,EVA,2026-07-08,03:20,TPE,Dep 03:40,,departure,
LD 208_2026-07-08,LD 208,AHK,2026-07-08,03:25,NRT,Dep 03:29,,departure,
LD 327_2026-07-08,LD 327,AHK,2026-07-08,03:25,SIN,Dep 03:25,,departure,
LD 768_2026-07-08,LD 768,AHK,2026-07-08,03:25,PEK,Dep 03:21,,departure,
LD 216_2026-07-08,LD 216,AHK,2026-07-08,03:30,NGO,Dep 03:32,,departure,
8K 526_2026-07-08,8K 526,KMI,2026-07-08,03:30,BKK,Dep 03:33,,departure,
LD 457_2026-07-08,LD 457,AHK,2026-07-08,03:35,"MNL, CEB",Dep 03:38,,departure,
LD 782_2026-07-08,LD 782,AHK,2026-07-08,03:40,PVG,Dep 03:50,,departure,
LD 831_2026-07-08,LD 831,AHK,2026-07-08,03:40,BKK,Dep 03:37,,departure,
LD 561_2026-07-08,LD 561,AHK,2026-07-08,03:45,SGN,Dep 03:51,,departure,
TH 3508_2026-07-08,TH 3508,RMY,2026-07-08,03:45,KUL,Dep 03:46,,departure,
3S 738_2026-07-08,3S 738,BOX,2026-07-08,04:00,LAX,Dep 04:43,,departure,
3Y 6011_2026-07-08,3Y 6011,MYU,2026-07-08,04:00,CGK,Dep 04:10,,departure,
HJ 022_2026-07-08,HJ 022,TMN,2026-07-08,04:00,SYD,Dep 04:00,,departure,
LD 720_2026-07-08,LD 720,AHK,2026-07-08,04:05,CTU,Dep 04:11,,departure,
3G 841_2026-07-08,3G 841,WCM,2026-07-08,04:15,BKI,Cancelled,,departure,
TH 3091_2026-07-08,TH 3091,RMY,2026-07-08,04:15,PEN,Dep 04:24,,departure,
TK 6241_2026-07-08,TK 6241,THY,2026-07-08,04:20,IST,Dep 04:52,,departure,
LD 680_2026-07-08,LD 680,AHK,2026-07-08,04:20,TPE,Dep 04:15,,departure,
CX 2090_2026-07-08,CX 2090,CPA,2026-07-08,04:25,"ANC, LAX, DFW",Dep 07:13,,departure,
K4 288A_2026-07-08,K4 288A,CKS,2026-07-08,05:00,"ANC, CVG",Dep 05:40,,departure,
EK 9831_2026-07-08,EK 9831,UAE,2026-07-08,05:00,DWC,Dep 05:01,,departure,
CP 166_2026-07-08,CP 166,LSI,2026-07-08,05:35,MXP,Dep 13:04,,departure,
3S 713_2026-07-08,3S 713,BOX,2026-07-08,05:35,"DXB, LEJ",Dep 05:42,,departure,
3S 735_2026-07-08,3S 735,BOX,2026-07-08,05:40,"BLR, LEJ",Dep 05:56,,departure,
ES 728_2026-07-08,ES 728,DHX,2026-07-08,05:40,BAH,Dep 08:23,,departure,
3S 523_2026-07-08,3S 523,BOX,2026-07-08,05:45,"BAH, LEJ",Dep 06:04,,departure,
QR 8411_2026-07-08,QR 8411,QTR,2026-07-08,05:45,DOH,Dep 06:00,,departure,
Y9 2566_2026-07-08,Y9 2566,SGA,2026-07-08,06:00,"DAC, DWC",Dep 13:57,,departure,
FX 5023_2026-07-08,FX 5023,FDX,2026-07-08,06:00,"IST, CDG, LGG, MEM",Dep 05:54,,departure,
K4 253_2026-07-08,K4 253,CKS,2026-07-08,06:40,"YHM, JFK, CVG",Dep 09:02,,departure,
D0 591_2026-07-08,D0 591,DHK,2026-07-08,06:40,"DEL, EMA",Dep 06:45,,departure,
K4 243_2026-07-08,K4 243,CKS,2026-07-08,07:00,"ANC, MIA, CVG",Dep 07:18,,departure,
RH 331_2026-07-08,RH 331,HKC,2026-07-08,07:00,BKK,Dep 05:47 (09/07/2026),,departure,
CT 126_2026-07-08,CT 126,AAE,2026-07-08,07:00,"DWC, OTP",Dep 07:06,,departure,
F5 6607_2026-07-08,F5 6607,ATG,2026-07-08,07:00,"DWC, EMA",Dep 07:11,,departure,
MB 480_2026-07-08,MB 480,MNB,2026-07-08,07:10,"SHJ, IST",Dep 15:17,,departure,
ET 3767_2026-07-08,ET 3767,ETH,2026-07-08,07:10,LGG,Cancelled,,departure,
SR 815_2026-07-08,SR 815,XKY,2026-07-08,07:15,CRK,Dep 07:12,,departure,
SV 985_2026-07-08,SV 985,SVA,2026-07-08,07:20,RUH,Dep 08:13,,departure,
QR 8429_2026-07-08,QR 8429,QTR,2026-07-08,07:30,DOH,Dep 07:34,,departure,
QY 679_2026-07-08,QY 679,BCS,2026-07-08,07:40,"DWC, LEJ",Dep 05:43 (09/07/2026),,departure,
CX 2075_2026-07-08,CX 2075,CPA,2026-07-08,08:15,SIN,Dep 13:30,,departure,
EK 9861_2026-07-08,EK 9861,UAE,2026-07-08,08:40,DWC,Dep 10:13,,departure,
5Y 8030_2026-07-08,5Y 8030,GTI,2026-07-08,08:50,"ANC, MIA",Dep 09:14,,departure,
3S 515_2026-07-08,3S 515,BOX,2026-07-08,09:20,LEJ,Dep 09:21,,departure,
KJ 952_2026-07-08,KJ 952,AIH,2026-07-08,09:20,ICN,Dep 09:38,,departure,
K4 704_2026-07-08,K4 704,CKS,2026-07-08,09:40,"DWC, TLV",Dep 10:06,,departure,
QY 657_2026-07-08,QY 657,BCS,2026-07-08,09:50,"DWC, LEJ",Dep 09:53,,departure,
O3 268_2026-07-08,O3 268,CSS,2026-07-08,09:55,NGB,Dep 10:09,,departure,
QY 517_2026-07-08,QY 517,BCS,2026-07-08,10:00,"DWC, LEJ",Dep 10:23 (10/07/2026),,departure,
5X 067_2026-07-08,5X 067,UPS,2026-07-08,10:15,"ANC, SDF",Dep 10:28,,departure,
CX 3174_2026-07-08,CX 3174,CPA,2026-07-08,10:25,"ANC, MIA, ATL",Dep 10:39,,departure,
CV 515_2026-07-08,CV 515,CLX,2026-07-08,10:35,"GYD, BUD, LUX",Dep 10:55,,departure,
CX 3241_2026-07-08,CX 3241,CPA,2026-07-08,10:45,CGK,Dep 11:11,,departure,
5X 003_2026-07-08,5X 003,UPS,2026-07-08,11:25,"DWC, PHL",Cancelled,,departure,
QR 8403_2026-07-08,QR 8403,QTR,2026-07-08,11:25,DOH,Dep 11:14,,departure,
RH 371_2026-07-08,RH 371,HKC,2026-07-08,11:50,SIN,Dep 16:14 (09/07/2026),,departure,
T8 4708_2026-07-08,T8 4708,TVR,2026-07-08,12:00,DMM,Dep 11:59,,departure,
T8 4712_2026-07-08,T8 4712,TVR,2026-07-08,12:00,KWI,Dep 12:01,,departure,
3V 400_2026-07-08,3V 400,TAY,2026-07-08,12:25,"DWC, LGG",Dep 14:34,,departure,
5Y 8131_2026-07-08,5Y 8131,GTI,2026-07-08,12:40,"DEL, ANC",Dep 23:12,,departure,
7L 648_2026-07-08,7L 648,AZG,2026-07-08,12:45,GYD,Cancelled,,departure,
CV 261_2026-07-08,CV 261,CLX,2026-07-08,12:55,"ANC, MIA, JFK, LUX",Dep 13:34,,departure,
F5 7629_2026-07-08,F5 7629,ATG,2026-07-08,13:10,SHJ,Cancelled,,departure,
KJ 970_2026-07-08,KJ 970,AIH,2026-07-08,13:15,ICN,Dep 14:53,,departure,
CX 3294_2026-07-08,CX 3294,CPA,2026-07-08,13:30,"ANC, JFK",Cancelled,,departure,
TK 6237_2026-07-08,TK 6237,THY,2026-07-08,14:05,IST,Dep 01:40 (09/07/2026),,departure,
K4 551_2026-07-08,K4 551,CKS,2026-07-08,14:15,"NRT, ANC, ORD",Dep 14:23,,departure,
WW 862_2026-07-08,WW 862,KXP,2026-07-08,14:45,KUL,Cancelled,,departure,
EK 9781_2026-07-08,EK 9781,UAE,2026-07-08,14:45,DWC,Dep 07:43 (09/07/2026),,departure,
EY 9726_2026-07-08,EY 9726,ETD,2026-07-08,14:50,AUH,Dep 01:21 (09/07/2026),,departure,
2U 8011_2026-07-08,2U 8011,FKH,2026-07-08,14:50,"NQZ, RIX",Dep 15:03,,departure,
QR 8465_2026-07-08,QR 8465,QTR,2026-07-08,14:50,DOH,Dep 14:28,,departure,
CX 045_2026-07-08,CX 045,CPA,2026-07-08,15:20,BOM,Dep 17:21,,departure,
KZ 206_2026-07-08,KZ 206,NCA,2026-07-08,15:30,NRT,Dep 15:45,,departure,
5X 001_2026-07-08,5X 001,UPS,2026-07-08,15:40,"CGN, PHL",Dep 15:38,,departure,
RH 317_2026-07-08,RH 317,HKC,2026-07-08,15:55,HAN,Dep 05:59 (09/07/2026),,departure,
5X 061_2026-07-08,5X 061,UPS,2026-07-08,16:05,"TPE, ANC, SDF",Dep 16:33,,departure,
P9 881_2026-07-08,P9 881,MGE,2026-07-08,16:10,GUM,Cancelled,,departure,
5X 166_2026-07-08,5X 166,UPS,2026-07-08,16:10,"SIN, SDF",Dep 16:19,,departure,
ET 3629_2026-07-08,ET 3629,ETH,2026-07-08,16:15,ADD,Dep 15:24,,departure,
CX 3037_2026-07-08,CX 3037,CPA,2026-07-08,16:15,HAN,Dep 17:03,,departure,
K4 270_2026-07-08,K4 270,CKS,2026-07-08,16:30,"DWC, LGG",Dep 04:08 (09/07/2026),,departure,
3S 519_2026-07-08,3S 519,BOX,2026-07-08,17:00,LEJ,Dep 17:22,,departure,
CX 041_2026-07-08,CX 041,CPA,2026-07-08,17:05,DEL,Cancelled,,departure,
7L 923_2026-07-08,7L 923,AZG,2026-07-08,17:20,GYD,Cancelled,,departure,
KE 8314_2026-07-08,KE 8314,KAL,2026-07-08,17:30,ICN,Dep 17:16,,departure,
SQ 7988_2026-07-08,SQ 7988,SIA,2026-07-08,17:35,"ANC, LAX",Dep 17:49,,departure,
EK 9859_2026-07-08,EK 9859,UAE,2026-07-08,17:55,DWC,Dep 18:12,,departure,
RH 9457_2026-07-08,RH 9457,HKC,2026-07-08,18:20,DEL,Dep 18:43,,departure,
7L 1923_2026-07-08,7L 1923,AZG,2026-07-08,18:20,GYD,Cancelled,,departure,
LH 8461_2026-07-08,LH 8461,GEC,2026-07-08,18:25,"IST, FRA",Dep 18:40,,departure,
7L 624_2026-07-08,7L 624,AZG,2026-07-08,18:25,GYD,Cancelled,,departure,
5Y 825_2026-07-08,5Y 825,GTI,2026-07-08,18:35,"ANC, MIA",Dep 17:33,,departure,
CX 3349_2026-07-08,CX 3349,CPA,2026-07-08,18:40,BKK,Dep 18:55,,departure,
CV 245_2026-07-08,CV 245,CLX,2026-07-08,18:55,"ANC, NLU, GDL, LUX",Dep 10:40 (09/07/2026),,departure,
5X 063_2026-07-08,5X 063,UPS,2026-07-08,19:05,"ANC, SDF",Dep 19:09,,departure,
CI 6844_2026-07-08,CI 6844,CAL,2026-07-08,19:20,TPE,Dep 19:55,,departure,
SQ 7861_2026-07-08,SQ 7861,SIA,2026-07-08,19:30,SIN,Dep 21:32,,departure,
WW 866_2026-07-08,WW 866,KXP,2026-07-08,19:35,HKG,Cancelled,,departure,
MH 6103_2026-07-08,MH 6103,MAS,2026-07-08,19:40,KUL,Dep 04:12 (09/07/2026),,departure,
AK 8546_2026-07-08,AK 8546,AXM,2026-07-08,19:45,KUL,Dep 22:01,,departure,
TH 641_2026-07-08,TH 641,RMY,2026-07-08,19:45,KUL,Dep 21:03,,departure,
FX 5991_2026-07-08,FX 5991,FDX,2026-07-08,19:50,"KIX, OAK",Dep 20:01,,departure,
5X 059_2026-07-08,5X 059,UPS,2026-07-08,19:50,"ANC, ONT",Dep 19:44,,departure,
CX 017_2026-07-08,CX 017,CPA,2026-07-08,20:00,MAA,Dep 08:25 (09/07/2026),,departure,
TK 6239_2026-07-08,TK 6239,THY,2026-07-08,20:15,"CIT, IST",Dep 20:25,,departure,
5C 850_2026-07-08,5C 850,ICL,2026-07-08,20:30,"DWC, TLV",Cancelled,,departure,
CX 090_2026-07-08,CX 090,CPA,2026-07-08,20:50,"ANC, ORD",Dep 03:06 (09/07/2026),,departure,
QR 8479_2026-07-08,QR 8479,QTR,2026-07-08,21:00,DOH,Dep 21:52,,departure,
CI 5834_2026-07-08,CI 5834,CAL,2026-07-08,21:20,TPE,Dep 23:33,,departure,
RH 351_2026-07-08,RH 351,HKC,2026-07-08,21:20,MNL,Dep 22:09,,departure,
D0 007_2026-07-08,D0 007,DHK,2026-07-08,21:40,"CVG, LEJ, EMA",Dep 01:22 (09/07/2026),,departure,
AK 8535_2026-07-08,AK 8535,AXM,2026-07-08,21:55,KUL,Dep 00:14 (09/07/2026),,departure,
HE 813_2026-07-08,HE 813,HGO,2026-07-08,22:05,RUH,Dep 03:56 (09/07/2026),,departure,
C6 7632_2026-07-08,C6 7632,MFX,2026-07-08,23:00,TAS,Dep 23:01,,departure,
CX 037_2026-07-08,CX 037,CPA,2026-07-08,23:20,"DEL, CDG",Dep 23:28,,departure,
QF 7526_2026-07-08,QF 7526,QFA,2026-07-08,23:55,SYD,Dep 23:45,,departure,
CX 050_2026-07-08,CX 050,CPA,2026-07-08,23:55,PVG,Dep 06:45 (09/07/2026),,departure,
CX 2062_2026-07-08,CX 2062,CPA,2026-07-08,23:55,CTU,Dep 01:29 (09/07/2026),,departure,
RH 4568_2026-07-09,RH 4568,HKC,2026-07-09,00:15,TPE,Dep 15:20,,departure,
TK 6265_2026-07-09,TK 6265,THY,2026-07-09,00:35,IST,Dep 08:22,,departure,
SV 963_2026-07-09,SV 963,SVA,2026-07-09,01:20,RUH,Dep 03:11,,departure,
CX 086_2026-07-09,CX 086,CPA,2026-07-09,01:30,"ANC, NLU",Dep 12:29,,departure,
CX 3170_2026-07-09,CX 3170,CPA,2026-07-09,01:50,"ANC, MIA, IAH",Dep 02:05,,departure,
ET 3707_2026-07-09,ET 3707,ETH,2026-07-09,01:55,"BUD, ADD",Dep 02:04,,departure,
KZ 202_2026-07-09,KZ 202,NCA,2026-07-09,02:25,NRT,Dep 02:23,,departure,
NH 8512_2026-07-09,NH 8512,ANA,2026-07-09,02:25,NRT,Dep 02:40,,departure,
KJ 972_2026-07-09,KJ 972,AIH,2026-07-09,02:40,ICN,Dep 02:52,,departure,
CI 5836_2026-07-09,CI 5836,CAL,2026-07-09,03:00,TPE,Dep 03:02,,departure,
CX 3254_2026-07-09,CX 3254,CPA,2026-07-09,03:10,PVG,Dep 04:06,,departure,
KE 314_2026-07-09,KE 314,KAL,2026-07-09,03:10,ICN,Dep 03:00,,departure,
LD 204_2026-07-09,LD 204,AHK,2026-07-09,03:15,KIX,Dep 03:42,,departure,
LD 128_2026-07-09,LD 128,AHK,2026-07-09,03:20,ICN,Dep 03:24,,departure,
BR 6536_2026-07-09,BR 6536,EVA,2026-07-09,03:20,TPE,Dep 03:11,,departure,
LD 208_2026-07-09,LD 208,AHK,2026-07-09,03:25,NRT,Dep 04:03,,departure,
LD 327_2026-07-09,LD 327,AHK,2026-07-09,03:25,SIN,Dep 03:54,,departure,
LD 768_2026-07-09,LD 768,AHK,2026-07-09,03:25,PEK,Dep 03:24,,departure,
LD 216_2026-07-09,LD 216,AHK,2026-07-09,03:30,NGO,Dep 06:15,,departure,
8K 526_2026-07-09,8K 526,KMI,2026-07-09,03:30,BKK,Dep 03:37,,departure,
LD 457_2026-07-09,LD 457,AHK,2026-07-09,03:35,"MNL, CEB",Dep 03:42,,departure,
LD 782_2026-07-09,LD 782,AHK,2026-07-09,03:40,PVG,Dep 03:51,,departure,
LD 831_2026-07-09,LD 831,AHK,2026-07-09,03:40,BKK,Dep 03:40,,departure,
LD 561_2026-07-09,LD 561,AHK,2026-07-09,03:45,SGN,Dep 03:51,,departure,
TH 3508_2026-07-09,TH 3508,RMY,2026-07-09,03:45,KUL,Dep 03:56,,departure,
3S 502_2026-07-09,3S 502,BOX,2026-07-09,04:00,LAX,Dep 04:13,,departure,
3Y 6011_2026-07-09,3Y 6011,MYU,2026-07-09,04:00,CGK,Dep 04:12,,departure,
QR 8433_2026-07-09,QR 8433,QTR,2026-07-09,04:00,DOH,Dep 04:52,,departure,
HJ 022_2026-07-09,HJ 022,TMN,2026-07-09,04:00,SYD,Dep 04:12,,departure,
LD 720_2026-07-09,LD 720,AHK,2026-07-09,04:05,CTU,Dep 04:38,,departure,
3G 841_2026-07-09,3G 841,WCM,2026-07-09,04:15,BKI,Cancelled,,departure,
TH 3091_2026-07-09,TH 3091,RMY,2026-07-09,04:15,PEN,Dep 04:38,,departure,
LD 680_2026-07-09,LD 680,AHK,2026-07-09,04:20,TPE,Dep 04:44,,departure,
3S 715_2026-07-09,3S 715,BOX,2026-07-09,05:35,"DXB, LEJ",Dep 05:55,,departure,
3S 733_2026-07-09,3S 733,BOX,2026-07-09,05:40,"BLR, LEJ",Dep 06:10,,departure,
ES 720_2026-07-09,ES 720,DHX,2026-07-09,05:40,BAH,Dep 06:36,,departure,
3S 517_2026-07-09,3S 517,BOX,2026-07-09,05:45,LEJ,Dep 07:00,,departure,
3S 525_2026-07-09,3S 525,BOX,2026-07-09,05:45,"BAH, LEJ",Cancelled,,departure,
EK 9835_2026-07-09,EK 9835,UAE,2026-07-09,05:45,DWC,Dep 05:34,,departure,
FX 5025_2026-07-09,FX 5025,FDX,2026-07-09,06:20,"IST, CDG, LGG, MEM",Dep 06:22,,departure,
K4 255_2026-07-09,K4 255,CKS,2026-07-09,06:40,"YHM, JFK, CVG",Dep 06:41,,departure,
D0 593_2026-07-09,D0 593,DHK,2026-07-09,06:40,"DEL, EMA",Dep 07:36,,departure,
CV 531_2026-07-09,CV 531,CLX,2026-07-09,06:50,"GYD, LUX",Dep 09:58,,departure,
CV 7333_2026-07-09,CV 7333,CLX,2026-07-09,06:50,"GYD, LUX",Cancelled,,departure,
K4 241_2026-07-09,K4 241,CKS,2026-07-09,07:00,"ANC, MIA, CVG",Dep 07:11,,departure,
RH 331D_2026-07-09,RH 331D,HKC,2026-07-09,07:00,BKK,Dep 06:44 (10/07/2026),,departure,
CK 264_2026-07-09,CK 264,CKK,2026-07-09,07:00,CKG,Dep 07:02,,departure,
RH 392_2026-07-09,RH 392,HKC,2026-07-09,07:05,"BUD, DEL",Cancelled,,departure,
SV 975_2026-07-09,SV 975,SVA,2026-07-09,07:05,JED,Dep 09:26,,departure,
MB 430_2026-07-09,MB 430,MNB,2026-07-09,07:10,"NVI, IST",Cancelled,,departure,
SV 3963_2026-07-09,SV 3963,SVA,2026-07-09,07:20,RUH,Cancelled,,departure,
SV 981_2026-07-09,SV 981,SVA,2026-07-09,07:20,RUH,Cancelled,,departure,
QR 8417_2026-07-09,QR 8417,QTR,2026-07-09,07:25,DOH,Dep 07:23,,departure,
SR 815_2026-07-09,SR 815,XKY,2026-07-09,07:30,CRK,Dep 07:19,,departure,
3S 507_2026-07-09,3S 507,BOX,2026-07-09,07:40,LEJ,Dep 14:51,,departure,
CX 3280_2026-07-09,CX 3280,CPA,2026-07-09,08:05,"ANC, LAX, PDX",Dep 08:15,,departure,
3S 503_2026-07-09,3S 503,BOX,2026-07-09,08:55,LEJ,Dep 21:00,,departure,
CC 4800_2026-07-09,CC 4800,ABD,2026-07-09,09:20,"CMB, JNB",Dep 09:09,,departure,
QY 653_2026-07-09,QY 653,BCS,2026-07-09,09:50,"DWC, LEJ",Dep 10:04,,departure,
O3 268_2026-07-09,O3 268,CSS,2026-07-09,09:55,NGB,Dep 09:36,,departure,
CX 043_2026-07-09,CX 043,CPA,2026-07-09,10:10,DEL,Dep 10:25,,departure,
5X 067_2026-07-09,5X 067,UPS,2026-07-09,10:25,"ICN, ANC, SDF",Dep 10:36,,departure,
CV 7624_2026-07-09,CV 7624,CLX,2026-07-09,10:30,"NQZ, LUX",Dep 10:20,,departure,
BR 6530_2026-07-09,BR 6530,EVA,2026-07-09,11:05,TPE,Dep 11:04,,departure,
MB 352_2026-07-09,MB 352,MNB,2026-07-09,11:15,SHJ,Dep 16:46,,departure,
CI 5832_2026-07-09,CI 5832,CAL,2026-07-09,11:15,TPE,Dep 12:07,,departure,
EY 926_2026-07-09,EY 926,ETD,2026-07-09,11:15,AUH,Dep 10:59,,departure,
MP 9432_2026-07-09,MP 9432,MPH,2026-07-09,11:15,"GYD, AMS",Dep 10:42,,departure,
5X 003_2026-07-09,5X 003,UPS,2026-07-09,11:25,"CGN, PHL",Dep 11:37,,departure,
5Y 8030_2026-07-09,5Y 8030,GTI,2026-07-09,11:25,"ANC, MIA",Cancelled,,departure,
RH 371_2026-07-09,RH 371,HKC,2026-07-09,11:50,SIN,Dep 03:43 (11/07/2026),,departure,
CX 036_2026-07-09,CX 036,CPA,2026-07-09,11:55,KIX,Dep 11:52,,departure,
T8 4702_2026-07-09,T8 4702,TVR,2026-07-09,12:00,SHJ,Dep 13:24,,departure,
T8 4704_2026-07-09,T8 4704,TVR,2026-07-09,12:00,SHJ,Dep 11:58,,departure,
5C 1850_2026-07-09,5C 1850,ICL,2026-07-09,12:00,"DWC, TLV",Cancelled,,departure,
5C 860_2026-07-09,5C 860,ICL,2026-07-09,12:00,"DWC, TLV",Dep 12:15,,departure,
QR 8427_2026-07-09,QR 8427,QTR,2026-07-09,12:10,DOH,Dep 12:15,,departure,
RH 962_2026-07-09,RH 962,HKC,2026-07-09,12:30,KIX,Dep 13:45,,departure,
KJ 968_2026-07-09,KJ 968,AIH,2026-07-09,12:45,ICN,Dep 16:11,,departure,
EK 9825_2026-07-09,EK 9825,UAE,2026-07-09,12:50,DWC,Dep 12:46,,departure,
SQ 7921_2026-07-09,SQ 7921,SIA,2026-07-09,13:10,SIN,Dep 14:37,,departure,
EK 9837_2026-07-09,EK 9837,UAE,2026-07-09,13:15,DWC,Dep 02:15 (11/07/2026),,departure,
RH 9457D_2026-07-09,RH 9457D,HKC,2026-07-09,13:20,DEL,Dep 10:00 (10/07/2026),,departure,
CX 3298_2026-07-09,CX 3298,CPA,2026-07-09,13:50,"ANC, JFK",Dep 17:58,,departure,
CT 124_2026-07-09,CT 124,AAE,2026-07-09,13:55,"DWC, LGG",Dep 17:37,,departure,
3S 509_2026-07-09,3S 509,BOX,2026-07-09,14:00,LEJ,Dep 14:24,,departure,
7L 923_2026-07-09,7L 923,AZG,2026-07-09,14:25,GYD,Dep 14:36,,departure,
EK 9841_2026-07-09,EK 9841,UAE,2026-07-09,14:30,DWC,Dep 09:28,,departure,
ET 3685_2026-07-09,ET 3685,ETH,2026-07-09,14:40,ADD,Dep 15:31,,departure,
SQ 7952_2026-07-09,SQ 7952,SIA,2026-07-09,14:45,"ANC, DFW",Dep 14:38,,departure,
WW 862_2026-07-09,WW 862,KXP,2026-07-09,14:45,KUL,Dep 00:43 (10/07/2026),,departure,
5X 001_2026-07-09,5X 001,UPS,2026-07-09,15:40,"CGN, PHL",Cancelled,,departure,
RH 317_2026-07-09,RH 317,HKC,2026-07-09,15:55,HAN,Dep 01:34 (10/07/2026),,departure,
7L 1923_2026-07-09,7L 1923,AZG,2026-07-09,15:55,DWC,Dep 17:22,,departure,
CX 3243_2026-07-09,CX 3243,CPA,2026-07-09,16:05,HAN,Dep 01:10 (10/07/2026),,departure,
5X 061_2026-07-09,5X 061,UPS,2026-07-09,16:05,"TPE, ANC, SDF",Dep 16:09,,departure,
P9 881_2026-07-09,P9 881,MGE,2026-07-09,16:10,GUM,Dep 17:45,,departure,
5X 166_2026-07-09,5X 166,UPS,2026-07-09,16:10,"SIN, SDF",Dep 16:21,,departure,
KE 9314_2026-07-09,KE 9314,KAL,2026-07-09,16:55,ICN,Dep 16:29,,departure,
3S 519_2026-07-09,3S 519,BOX,2026-07-09,17:00,LEJ,Dep 17:15,,departure,
5Y 654_2026-07-09,5Y 654,GTI,2026-07-09,17:25,"ICN, ANC, ORD",Dep 17:53,,departure,
5Y 8523_2026-07-09,5Y 8523,GTI,2026-07-09,17:30,"ANC, ORD",Cancelled,,departure,
QR 8471_2026-07-09,QR 8471,QTR,2026-07-09,17:45,DOH,Dep 18:04,,departure,
MH 6119_2026-07-09,MH 6119,MAS,2026-07-09,18:10,KUL,Dep 18:11,,departure,
LH 8461_2026-07-09,LH 8461,GEC,2026-07-09,18:25,"IST, FRA",Dep 18:20,,departure,
CX 2047_2026-07-09,CX 2047,CPA,2026-07-09,18:30,MAA,Dep 13:09 (10/07/2026),,departure,
CV 287_2026-07-09,CV 287,CLX,2026-07-09,18:55,"ANC, DFW, MIA, LUX",Dep 18:50,,departure,
5X 063_2026-07-09,5X 063,UPS,2026-07-09,19:05,"ANC, SDF",Dep 19:20,,departure,
CI 5838_2026-07-09,CI 5838,CAL,2026-07-09,19:20,TPE,Dep 19:23,,departure,
TH 641_2026-07-09,TH 641,RMY,2026-07-09,19:30,KUL,Dep 19:31,,departure,
AK 8542_2026-07-09,AK 8542,AXM,2026-07-09,19:45,KUL,Dep 21:38,,departure,
FX 5991_2026-07-09,FX 5991,FDX,2026-07-09,19:50,"KIX, OAK",Dep 19:57,,departure,
5X 059_2026-07-09,5X 059,UPS,2026-07-09,19:50,"ANC, ONT",Cancelled,,departure,
C8 782_2026-07-09,C8 782,ICV,2026-07-09,20:00,"ASB, MXP",Dep 19:55,,departure,
HE 815_2026-07-09,HE 815,HGO,2026-07-09,20:05,RUH,Dep 01:52 (10/07/2026),,departure,
CX 056_2026-07-09,CX 056,CPA,2026-07-09,20:25,PVG,Dep 00:19 (10/07/2026),,departure,
7L 147_2026-07-09,7L 147,AZG,2026-07-09,20:25,GYD,Cancelled,,departure,
CX 054_2026-07-09,CX 054,CPA,2026-07-09,20:45,"CGO, PVG",Dep 04:19 (10/07/2026),,departure,
RH 351_2026-07-09,RH 351,HKC,2026-07-09,21:20,MNL,Dep 22:09,,departure,
7L 692_2026-07-09,7L 692,AZG,2026-07-09,21:20,GYD,Cancelled,,departure,
QR 8413_2026-07-09,QR 8413,QTR,2026-07-09,21:30,DOH,Dep 21:20,,departure,
D0 009_2026-07-09,D0 009,DHK,2026-07-09,21:40,"CVG, EMA",Dep 23:43,,departure,
EK 9925_2026-07-09,EK 9925,UAE,2026-07-09,22:45,"ANC, LAX",Cancelled,,departure,
ET 3785_2026-07-10,ET 3785,ETH,2026-07-10,00:00,"MCT, MAD",Cancelled,,departure,
CX 2094_2026-07-10,CX 2094,CPA,2026-07-10,00:10,"ANC, ORD",Dep 13:08,,departure,
RH 4568_2026-07-10,RH 4568,HKC,2026-07-10,00:15,TPE,Cancelled,,departure,
RH 829_2026-07-10,RH 829,HKC,2026-07-10,00:15,PVG,Cancelled,,departure,
QR 8401_2026-07-10,QR 8401,QTR,2026-07-10,00:30,DOH,Dep 00:34,,departure,
CX 006_2026-07-10,CX 006,CPA,2026-07-10,00:50,NRT,Dep 01:46,,departure,
CX 096_2026-07-10,CX 096,CPA,2026-07-10,01:30,"ANC, NLU",Dep 03:38,,departure,
EK 9785_2026-07-10,EK 9785,UAE,2026-07-10,01:35,DWC,Dep 03:01,,departure,
SV 987_2026-07-10,SV 987,SVA,2026-07-10,02:00,RUH,Cancelled,,departure,
KZ 202_2026-07-10,KZ 202,NCA,2026-07-10,02:25,NRT,Dep 02:25,,departure,
KJ 974_2026-07-10,KJ 974,AIH,2026-07-10,02:40,ICN,Dep 03:01,,departure,
CI 5826_2026-07-10,CI 5826,CAL,2026-07-10,03:00,TPE,Dep 03:49,,departure,
CX 3031_2026-07-10,CX 3031,CPA,2026-07-10,03:00,AMS,Dep 03:30,,departure,
KE 314_2026-07-10,KE 314,KAL,2026-07-10,03:10,ICN,Dep 02:51,,departure,
LD 204_2026-07-10,LD 204,AHK,2026-07-10,03:15,KIX,Dep 03:20,,departure,
LD 128_2026-07-10,LD 128,AHK,2026-07-10,03:20,ICN,Dep 03:16,,departure,
BR 6538_2026-07-10,BR 6538,EVA,2026-07-10,03:20,TPE,Dep 03:54,,departure,
LD 208_2026-07-10,LD 208,AHK,2026-07-10,03:25,NRT,Dep 03:29,,departure,
LD 327_2026-07-10,LD 327,AHK,2026-07-10,03:25,SIN,Dep 03:28,,departure,
LD 768_2026-07-10,LD 768,AHK,2026-07-10,03:25,PEK,Dep 03:19,,departure,
LD 216_2026-07-10,LD 216,AHK,2026-07-10,03:30,NGO,Dep 03:36,,departure,
8K 526_2026-07-10,8K 526,KMI,2026-07-10,03:30,BKK,Dep 03:28,,departure,
LD 457_2026-07-10,LD 457,AHK,2026-07-10,03:35,"MNL, CEB",Dep 03:35,,departure,
LD 782_2026-07-10,LD 782,AHK,2026-07-10,03:40,PVG,Dep 03:35,,departure,
LD 831_2026-07-10,LD 831,AHK,2026-07-10,03:40,BKK,Dep 03:44,,departure,
LD 561_2026-07-10,LD 561,AHK,2026-07-10,03:45,SGN,Dep 03:49,,departure,
TH 3508_2026-07-10,TH 3508,RMY,2026-07-10,03:45,KUL,Dep 04:03,,departure,
NH 8512_2026-07-10,NH 8512,ANA,2026-07-10,03:50,NRT,Dep 03:45,,departure,
3S 500_2026-07-10,3S 500,BOX,2026-07-10,04:00,LAX,Dep 04:01,,departure,
3Y 6011_2026-07-10,3Y 6011,MYU,2026-07-10,04:00,CGK,Dep 04:11,,departure,
LD 720_2026-07-10,LD 720,AHK,2026-07-10,04:05,CTU,Dep 04:07,,departure,
CX 072_2026-07-10,CX 072,CPA,2026-07-10,04:10,"ANC, MIA",Dep 10:24,,departure,
QR 8407_2026-07-10,QR 8407,QTR,2026-07-10,04:10,DOH,Dep 04:13,,departure,
TH 3091_2026-07-10,TH 3091,RMY,2026-07-10,04:15,PEN,Dep 04:29,,departure,
LD 680_2026-07-10,LD 680,AHK,2026-07-10,04:20,TPE,Dep 04:23,,departure,
ET 3769_2026-07-10,ET 3769,ETH,2026-07-10,05:00,"EMA, IST",Cancelled,,departure,
QR 8415_2026-07-10,QR 8415,QTR,2026-07-10,05:30,DOH,Dep 05:25,,departure,
3S 713_2026-07-10,3S 713,BOX,2026-07-10,05:35,"DXB, LEJ",Dep 05:57,,departure,
3S 735_2026-07-10,3S 735,BOX,2026-07-10,05:40,"BLR, LEJ",Dep 06:14,,departure,
ES 728_2026-07-10,ES 728,DHX,2026-07-10,05:40,BAH,Dep 05:42,,departure,
3S 523_2026-07-10,3S 523,BOX,2026-07-10,05:45,"BAH, LEJ",Dep 06:08,,departure,
FX 5217_2026-07-10,FX 5217,FDX,2026-07-10,06:05,"IST, LGG, CDG, MEM",Dep 06:17,,departure,
7L 692_2026-07-10,7L 692,AZG,2026-07-10,06:30,GYD,Dep 10:51,,departure,
K4 272_2026-07-10,K4 272,CKS,2026-07-10,06:35,"DWC, LGG",Dep 23:09,,departure,
D0 591_2026-07-10,D0 591,DHK,2026-07-10,06:40,"DEL, EMA",Dep 06:37,,departure,
CX 2058_2026-07-10,CX 2058,CPA,2026-07-10,06:45,PVG,Dep 09:24,,departure,
ET 3035_2026-07-10,ET 3035,ETH,2026-07-10,06:55,ADD,Cancelled,,departure,
QR 8409_2026-07-10,QR 8409,QTR,2026-07-10,06:55,DOH,Dep 06:54,,departure,
K4 243_2026-07-10,K4 243,CKS,2026-07-10,07:00,"ANC, MIA",Dep 07:02,,departure,
RH 331_2026-07-10,RH 331,HKC,2026-07-10,07:00,BKK,Dep 13:20,,departure,
QR 8411_2026-07-10,QR 8411,QTR,2026-07-10,07:00,DOH,Dep 07:08,,departure,
5Y 5528_2026-07-10,5Y 5528,GTI,2026-07-10,07:00,ICN,Cancelled,,departure,
CX 037_2026-07-10,CX 037,CPA,2026-07-10,07:05,"BLR, LHR",Dep 07:20,,departure,
EK 9839_2026-07-10,EK 9839,UAE,2026-07-10,07:05,DWC,Cancelled,,departure,
EK 9843_2026-07-10,EK 9843,UAE,2026-07-10,07:15,DWC,Dep 10:26,,departure,
CI 6842_2026-07-10,CI 6842,CAL,2026-07-10,07:35,TPE,Dep 07:21,,departure,
3S 703_2026-07-10,3S 703,BOX,2026-07-10,07:40,LEJ,Dep 08:08,,departure,
O3 152_2026-07-10,O3 152,CSS,2026-07-10,07:55,EHU,Dep 07:31,,departure,
LD 095_2026-07-10,LD 095,AHK,2026-07-10,08:15,HKG,Cancelled,,departure,
K4 209_2026-07-10,K4 209,CKS,2026-07-10,08:15,"ANC, CVG",Dep 10:23,,departure,
QY 657_2026-07-10,QY 657,BCS,2026-07-10,09:50,"DWC, LEJ",Dep 18:37,,departure,
O3 268_2026-07-10,O3 268,CSS,2026-07-10,09:55,NGB,Dep 10:07,,departure,
QY 517_2026-07-10,QY 517,BCS,2026-07-10,10:00,"DWC, LEJ",Dep 09:08 (12/07/2026),,departure,
CX 2073_2026-07-10,CX 2073,CPA,2026-07-10,10:05,SIN,Dep 10:15,,departure,
CV 913_2026-07-10,CV 913,CLX,2026-07-10,10:15,"GYD, LUX",Dep 10:39,,departure,
CV 7955_2026-07-10,CV 7955,CLX,2026-07-10,10:15,"NQZ, LUX",Cancelled,,departure,
QR 8435_2026-07-10,QR 8435,QTR,2026-07-10,10:15,DOH,Dep 13:05,,departure,
SV 981_2026-07-10,SV 981,SVA,2026-07-10,10:25,RUH,Cancelled,,departure,
N8 513_2026-07-10,N8 513,NCR,2026-07-10,10:50,"CMB, DAR",Dep 10:11 (09/07/2026),,departure,
3S 503_2026-07-10,3S 503,BOX,2026-07-10,10:50,LEJ,Dep 11:12,,departure,
EK 9791_2026-07-10,EK 9791,UAE,2026-07-10,10:55,DWC,Dep 11:34,,departure,
5X 003_2026-07-10,5X 003,UPS,2026-07-10,11:25,"CGN, PHL",Dep 11:22,,departure,
CV 272_2026-07-10,CV 272,CLX,2026-07-10,11:40,"ANC, ORD, LUX",Dep 11:53,,departure,
RH 371_2026-07-10,RH 371,HKC,2026-07-10,11:50,SIN,Cancelled,,departure,
EY 932_2026-07-10,EY 932,ETD,2026-07-10,11:55,AUH,Dep 21:13,,departure,
QR 8405_2026-07-10,QR 8405,QTR,2026-07-10,11:55,DOH,Dep 13:55,,departure,
T8 4704_2026-07-10,T8 4704,TVR,2026-07-10,12:00,DMM,Dep 13:17,,departure,
RH 9457_2026-07-10,RH 9457,HKC,2026-07-10,12:00,DEL,Dep 22:21,,departure,
3V 400_2026-07-10,3V 400,TAY,2026-07-10,12:25,"DWC, LGG",Dep 12:43,,departure,
T8 4712_2026-07-10,T8 4712,TVR,2026-07-10,12:30,DMM,Dep 17:14,,departure,
5Y 8174_2026-07-10,5Y 8174,GTI,2026-07-10,12:50,"ANC, MIA",Dep 13:46,,departure,
KJ 970_2026-07-10,KJ 970,AIH,2026-07-10,13:15,ICN,Dep 13:54,,departure,
Y9 2564_2026-07-10,Y9 2564,SGA,2026-07-10,13:30,"DAC, DOH",Dep 22:15,,departure,
RH 9375_2026-07-10,RH 9375,HKC,2026-07-10,14:00,MAA,Cancelled,,departure,
K4 551_2026-07-10,K4 551,CKS,2026-07-10,14:15,"NRT, ANC, ORD",Dep 16:06,,departure,
TK 6259_2026-07-10,TK 6259,THY,2026-07-10,14:20,IST,Dep 15:11,,departure,
CX 039_2026-07-10,CX 039,CPA,2026-07-10,14:45,BOM,Dep 14:42,,departure,
EK 9853_2026-07-10,EK 9853,UAE,2026-07-10,14:50,DWC,Dep 04:40 (11/07/2026),,departure,
KE 8314_2026-07-10,KE 8314,KAL,2026-07-10,15:50,ICN,Dep 15:17,,departure,
5Y 612_2026-07-10,5Y 612,GTI,2026-07-10,15:55,"ANC, HSV, MIA",Dep 17:19,,departure,
RH 317_2026-07-10,RH 317,HKC,2026-07-10,15:55,HAN,Dep 13:34 (11/07/2026),,departure,
CX 094_2026-07-10,CX 094,CPA,2026-07-10,16:00,"ANC, JFK",Dep 17:46,,departure,
5X 061_2026-07-10,5X 061,UPS,2026-07-10,16:05,"TPE, ANC, SDF",Dep 15:34,,departure,
P9 881_2026-07-10,P9 881,MGE,2026-07-10,16:10,GUM,Dep 17:36,,departure,
TK 6321_2026-07-10,TK 6321,THY,2026-07-10,16:25,IST,Dep 17:53,,departure,
5X 169_2026-07-10,5X 169,UPS,2026-07-10,16:25,"SIN, SDF",Dep 16:23,,departure,
3S 519_2026-07-10,3S 519,BOX,2026-07-10,16:45,LEJ,Dep 16:59,,departure,
CX 2049_2026-07-10,CX 2049,CPA,2026-07-10,16:55,HAN,Dep 19:21,,departure,
CX 2082_2026-07-10,CX 2082,CPA,2026-07-10,17:10,"ANC, ORD",Dep 06:53 (11/07/2026),,departure,
QR 8475_2026-07-10,QR 8475,QTR,2026-07-10,17:15,DOH,Cancelled,,departure,
5Y 8139_2026-07-10,5Y 8139,GTI,2026-07-10,17:55,"DEL, ANC",Cancelled,,departure,
5Y 9522_2026-07-10,5Y 9522,GTI,2026-07-10,17:55,HAN,Dep 02:41 (11/07/2026),,departure,
Z7 322_2026-07-10,Z7 322,CMS,2026-07-10,18:00,"CCU, TBS",Dep 18:27,,departure,
5C 850_2026-07-10,5C 850,ICL,2026-07-10,18:00,"DWC, TLV",Dep 18:10,,departure,
CX 2026_2026-07-10,CX 2026,CPA,2026-07-10,18:05,TPE,Cancelled,,departure,
7L 247_2026-07-10,7L 247,AZG,2026-07-10,18:10,GYD,Cancelled,,departure,
EK 9847_2026-07-10,EK 9847,UAE,2026-07-10,18:25,DWC,Dep 20:17,,departure,
MB 354_2026-07-10,MB 354,MNB,2026-07-10,18:30,"NVI, IST",Dep 19:37,,departure,
7L 572_2026-07-10,7L 572,AZG,2026-07-10,18:35,GYD,Cancelled,,departure,
SQ 7859_2026-07-10,SQ 7859,SIA,2026-07-10,18:55,SIN,Dep 18:47,,departure,
CI 6844_2026-07-10,CI 6844,CAL,2026-07-10,19:20,TPE,Dep 18:01,,departure,
2C 561_2026-07-10,2C 561,CMA,2026-07-10,19:25,"NVI, CDG",Dep 19:40,,departure,
5X 063_2026-07-10,5X 063,UPS,2026-07-10,19:25,"ANC, SDF",Dep 20:04,,departure,
TH 641_2026-07-10,TH 641,RMY,2026-07-10,19:30,KUL,Dep 19:44,,departure,
QR 8423_2026-07-10,QR 8423,QTR,2026-07-10,19:30,DOH,Dep 20:06,,departure,
SV 3021_2026-07-10,SV 3021,SVA,2026-07-10,19:45,RUH,Cancelled,,departure,
AK 8542_2026-07-10,AK 8542,AXM,2026-07-10,19:45,KUL,Dep 20:23,,departure,
5X 059_2026-07-10,5X 059,UPS,2026-07-10,19:45,"ANC, ONT",Dep 19:49,,departure,
FX 5991_2026-07-10,FX 5991,FDX,2026-07-10,19:50,"KIX, OAK, MEM",Dep 19:56,,departure,
K4 702_2026-07-10,K4 702,CKS,2026-07-10,20:25,"DWC, TLV",Dep 20:55,,departure,
CX 3147_2026-07-10,CX 3147,CPA,2026-07-10,21:00,HAN,Dep 22:37,,departure,
CX 090_2026-07-10,CX 090,CPA,2026-07-10,21:05,"ANC, LAX, DFW",Dep 01:18 (11/07/2026),,departure,
RH 351_2026-07-10,RH 351,HKC,2026-07-10,21:20,MNL,Dep 22:08,,departure,
EK 9775_2026-07-10,EK 9775,UAE,2026-07-10,21:25,DWC,Dep 21:43,,departure,
MH 6113_2026-07-10,MH 6113,MAS,2026-07-10,21:50,KUL,Dep 22:03,,departure,
AK 8535_2026-07-10,AK 8535,AXM,2026-07-10,21:55,KUL,Cancelled,,departure,
CV 293_2026-07-10,CV 293,CLX,2026-07-10,22:05,"ANC, NLU, GDL, LUX",Dep 22:08,,departure,
HJ 022_2026-07-10,HJ 022,TMN,2026-07-10,22:35,SYD,Dep 22:25,,departure,
C6 7634_2026-07-10,C6 7634,MFX,2026-07-10,23:00,TAS,Dep 23:00,,departure,
WW 891_2026-07-10,WW 891,KXP,2026-07-10,23:30,KUL,Dep 04:02 (11/07/2026),,departure,
QF 7526_2026-07-10,QF 7526,QFA,2026-07-10,23:55,SYD,Dep 23:26,,departure,
HE 817_2026-07-11,HE 817,HGO,2026-07-11,00:00,RUH,Dep 23:59 (10/07/2026),,departure,
CX 3272_2026-07-11,CX 3272,CPA,2026-07-11,00:05,"ANC, MIA, ATL",Dep 03:35,,departure,
RH 4568_2026-07-11,RH 4568,HKC,2026-07-11,00:15,TPE,Cancelled,,departure,
CX 006_2026-07-11,CX 006,CPA,2026-07-11,00:50,NRT,Dep 07:02,,departure,
KJ 972_2026-07-11,KJ 972,AIH,2026-07-11,02:20,ICN,Dep 03:53,,departure,
KZ 202_2026-07-11,KZ 202,NCA,2026-07-11,02:25,NRT,Dep 06:11,,departure,
NH 8512_2026-07-11,NH 8512,ANA,2026-07-11,02:25,NRT,Dep 02:23,,departure,
SV 983_2026-07-11,SV 983,SVA,2026-07-11,02:25,RUH,Dep 03:09,,departure,
CX 056_2026-07-11,CX 056,CPA,2026-07-11,02:40,PVG,Dep 02:40,,departure,
ET 3219_2026-07-11,ET 3219,ETH,2026-07-11,02:40,ADD,Dep 00:31 (12/07/2026),,departure,
CI 5836_2026-07-11,CI 5836,CAL,2026-07-11,03:00,TPE,Dep 23:24,,departure,
KE 314_2026-07-11,KE 314,KAL,2026-07-11,03:10,ICN,Dep 03:24,,departure,
BR 6536_2026-07-11,BR 6536,EVA,2026-07-11,03:20,TPE,Cancelled,,departure,
LD 457_2026-07-11,LD 457,AHK,2026-07-11,03:35,"MNL, CEB",Dep 03:32,,departure,
QR 8421_2026-07-11,QR 8421,QTR,2026-07-11,03:35,DOH,Dep 03:34,,departure,
8K 526_2026-07-11,8K 526,KMI,2026-07-11,03:40,BKK,Dep 03:48,,departure,
LD 591_2026-07-11,LD 591,AHK,2026-07-11,03:45,PEN,Dep 03:44,,departure,
LD 128_2026-07-11,LD 128,AHK,2026-07-11,03:50,ICN,Dep 03:50,,departure,
LD 208_2026-07-11,LD 208,AHK,2026-07-11,03:55,NRT,Dep 03:49,,departure,
CX 050_2026-07-11,CX 050,CPA,2026-07-11,04:00,CGO,Dep 04:15,,departure,
LD 831_2026-07-11,LD 831,AHK,2026-07-11,04:05,BKK,Dep 04:00,,departure,
SQ 7412_2026-07-11,SQ 7412,SIA,2026-07-11,04:05,"NGO, CVG",Dep 04:05,,departure,
LD 782_2026-07-11,LD 782,AHK,2026-07-11,04:15,PVG,Dep 03:46 (13/07/2026),,departure,
LD 317_2026-07-11,LD 317,AHK,2026-07-11,04:35,SIN,Dep 04:18,,departure,
CV 352_2026-07-11,CV 352,CLX,2026-07-11,04:40,"GYD, LUX",Dep 06:27,,departure,
LD 680D_2026-07-11,LD 680D,AHK,2026-07-11,04:45,TPE,Dep 19:04 (13/07/2026),,departure,
CX 061_2026-07-11,CX 061,CPA,2026-07-11,05:00,"BLR, FRA",Dep 05:08,,departure,
3S 715_2026-07-11,3S 715,BOX,2026-07-11,05:35,"DXB, LEJ",Dep 05:30,,departure,
EK 9831_2026-07-11,EK 9831,UAE,2026-07-11,05:35,DWC,Dep 06:12,,departure,
3S 733_2026-07-11,3S 733,BOX,2026-07-11,05:40,"BLR, LEJ",Dep 06:35,,departure,
ES 720_2026-07-11,ES 720,DHX,2026-07-11,05:40,BAH,Dep 05:53,,departure,
3S 545_2026-07-11,3S 545,BOX,2026-07-11,05:55,"BRU, FRA",Dep 05:45,,departure,
K4 287_2026-07-11,K4 287,CKS,2026-07-11,06:00,"LAX, LEJ",Dep 05:55,,departure,
FX 021_2026-07-11,FX 021,FDX,2026-07-11,06:05,"IST, CDG, LGG, MEM",Dep 06:12,,departure,
K4 253_2026-07-11,K4 253,CKS,2026-07-11,06:55,"ANC, CVG",Dep 09:57,,departure,
3S 709_2026-07-11,3S 709,BOX,2026-07-11,06:55,"BAH, LEJ",Dep 06:45,,departure,
K4 241_2026-07-11,K4 241,CKS,2026-07-11,07:00,"ANC, CVG",Dep 15:30 (12/07/2026),,departure,
CK 264_2026-07-11,CK 264,CKK,2026-07-11,07:00,CKG,Dep 06:54,,departure,
F5 6610_2026-07-11,F5 6610,ATG,2026-07-11,07:00,"DWC, EMA",Cancelled,,departure,
CC 3575_2026-07-11,CC 3575,ABD,2026-07-11,07:00,CMB,Dep 07:00,,departure,
EK 9215_2026-07-11,EK 9215,UAE,2026-07-11,07:05,"ALA, BUD",Cancelled,,departure,
ET 3601_2026-07-11,ET 3601,ETH,2026-07-11,07:10,ADD,Cancelled,,departure,
CT 126_2026-07-11,CT 126,AAE,2026-07-11,07:15,DWC,Dep 20:56,,departure,
HJ 026_2026-07-11,HJ 026,TMN,2026-07-11,07:20,SYD,Dep 07:46,,departure,
SR 815_2026-07-11,SR 815,XKY,2026-07-11,07:30,CRK,Dep 07:55,,departure,
CX 3549_2026-07-11,CX 3549,CPA,2026-07-11,08:05,BKK,Dep 07:55,,departure,
TK 6303_2026-07-11,TK 6303,THY,2026-07-11,08:20,"CIT, IST",Dep 11:29,,departure,
SV 3963_2026-07-11,SV 3963,SVA,2026-07-11,08:20,RUH,Cancelled,,departure,
CX 3073_2026-07-11,CX 3073,CPA,2026-07-11,08:20,PEN,Dep 08:35,,departure,
QR 8403_2026-07-11,QR 8403,QTR,2026-07-11,08:40,DOH,Dep 09:53,,departure,
KJ 952_2026-07-11,KJ 952,AIH,2026-07-11,09:20,ICN,Dep 09:00,,departure,
EK 9833_2026-07-11,EK 9833,UAE,2026-07-11,09:40,DWC,Dep 09:22,,departure,
CV 251_2026-07-11,CV 251,CLX,2026-07-11,09:55,"ANC, ORD, DFW",Dep 09:44,,departure,
O3 268_2026-07-11,O3 268,CSS,2026-07-11,09:55,NGB,Cancelled,,departure,
RH 6651_2026-07-11,RH 6651,HKC,2026-07-11,09:55,DAC,Dep 21:28,,departure,
SQ 7980_2026-07-11,SQ 7980,SIA,2026-07-11,10:30,"ANC, DFW",Dep 10:37,,departure,
CV 292_2026-07-11,CV 292,CLX,2026-07-11,10:30,"GYD, LUX",Dep 10:14,,departure,
EK 9413_2026-07-11,EK 9413,UAE,2026-07-11,11:05,DWC,Dep 10:49,,departure,
BR 6522_2026-07-11,BR 6522,EVA,2026-07-11,11:05,TPE,Dep 13:56 (12/07/2026),,departure,
MB 382_2026-07-11,MB 382,MNB,2026-07-11,11:10,"SHJ, IST",Dep 17:29,,departure,
5Y 8523_2026-07-11,5Y 8523,GTI,2026-07-11,11:15,"ANC, ORD",Dep 11:10,,departure,
5Y 638_2026-07-11,5Y 638,GTI,2026-07-11,11:25,"ANC, LAX",Cancelled,,departure,
RH 371_2026-07-11,RH 371,HKC,2026-07-11,11:50,SIN,Dep 09:37,,departure,
D0 593_2026-07-11,D0 593,DHK,2026-07-11,12:00,"DEL, EMA",Dep 11:43,,departure,
CX 084_2026-07-11,CX 084,CPA,2026-07-11,12:10,"ANC, LAX, PDX",Dep 12:18,,departure,
5Y 8052_2026-07-11,5Y 8052,GTI,2026-07-11,12:30,"ANC, MIA",Dep 13:02,,departure,
KJ 968_2026-07-11,KJ 968,AIH,2026-07-11,12:45,ICN,Dep 13:27,,departure,
CX 049_2026-07-11,CX 049,CPA,2026-07-11,13:15,DAC,Dep 14:33,,departure,
T8 4708_2026-07-11,T8 4708,TVR,2026-07-11,14:00,BAH,Dep 17:17,,departure,
MH 6105_2026-07-11,MH 6105,MAS,2026-07-11,14:00,KUL,Dep 14:18,,departure,
CX 3241_2026-07-11,CX 3241,CPA,2026-07-11,14:30,DEL,Dep 14:44,,departure,
WW 862_2026-07-11,WW 862,KXP,2026-07-11,14:45,KUL,Cancelled,,departure,
CP 156_2026-07-11,CP 156,LSI,2026-07-11,14:50,"GYD, FCO",Dep 14:58,,departure,
EK 9845_2026-07-11,EK 9845,UAE,2026-07-11,14:50,DWC,Dep 16:37,,departure,
5X 069_2026-07-11,5X 069,UPS,2026-07-11,14:55,"ANC, SDF",Cancelled,,departure,
5C 852_2026-07-11,5C 852,ICL,2026-07-11,15:00,TLV,Cancelled,,departure,
RH 317_2026-07-11,RH 317,HKC,2026-07-11,15:55,HAN,Dep 18:25,,departure,
MP 9452_2026-07-11,MP 9452,MPH,2026-07-11,16:00,"ALA, AMS",Dep 15:57,,departure,
CX 080_2026-07-11,CX 080,CPA,2026-07-11,16:05,"ANC, ORD",Dep 23:40,,departure,
HE 819_2026-07-11,HE 819,HGO,2026-07-11,16:30,RUH,Cancelled,,departure,
CX 3296_2026-07-11,CX 3296,CPA,2026-07-11,16:30,"ANC, JFK",Dep 16:31,,departure,
EY 926_2026-07-11,EY 926,ETD,2026-07-11,16:40,AUH,Dep 16:21,,departure,
EK 9793_2026-07-11,EK 9793,UAE,2026-07-11,16:50,DWC,Dep 17:54,,departure,
QR 8473_2026-07-11,QR 8473,QTR,2026-07-11,17:00,DOH,Dep 17:41,,departure,
F5 6511_2026-07-11,F5 6511,ATG,2026-07-11,17:00,SHJ,Dep 16:55,,departure,
5Y 8137_2026-07-11,5Y 8137,GTI,2026-07-11,17:15,"DEL, ANC",Dep 22:02,,departure,
C8 762_2026-07-11,C8 762,ICV,2026-07-11,17:25,"ASB, MXP",Dep 17:43,,departure,
KE 9314_2026-07-11,KE 9314,KAL,2026-07-11,17:30,ICN,Dep 18:28,,departure,
7L 624_2026-07-11,7L 624,AZG,2026-07-11,18:25,GYD,Cancelled,,departure,
EK 9841_2026-07-11,EK 9841,UAE,2026-07-11,18:25,DWC,Dep 19:47,,departure,
CI 5824_2026-07-11,CI 5824,CAL,2026-07-11,18:50,TPE,Cancelled,,departure,
LH 8461_2026-07-11,LH 8461,GEC,2026-07-11,18:55,"IST, FRA",Dep 18:43,,departure,
CI 5838_2026-07-11,CI 5838,CAL,2026-07-11,19:20,TPE,Dep 16:07 (12/07/2026),,departure,
2C 575_2026-07-11,2C 575,CMA,2026-07-11,19:30,NVI,Dep 19:05,,departure,
TH 641_2026-07-11,TH 641,RMY,2026-07-11,19:30,KUL,Dep 19:37,,departure,
AK 8546_2026-07-11,AK 8546,AXM,2026-07-11,19:45,KUL,Cancelled,,departure,
SV 973_2026-07-11,SV 973,SVA,2026-07-11,19:45,RUH,Dep 19:48,,departure,
SQ 7867_2026-07-11,SQ 7867,SIA,2026-07-11,19:45,SIN,Dep 19:55,,departure,
CX 067_2026-07-11,CX 067,CPA,2026-07-11,19:55,"MAA, FRA",Dep 20:05,,departure,
3S 637_2026-07-11,3S 637,BOX,2026-07-11,20:15,"DWC, FRA",Dep 20:08,,departure,
FX 5012_2026-07-11,FX 5012,FDX,2026-07-11,20:45,"ANC, MEM",Dep 20:29,,departure,
5X 059_2026-07-11,5X 059,UPS,2026-07-11,21:00,"ANC, ONT",Dep 21:05,,departure,
CV 309_2026-07-11,CV 309,CLX,2026-07-11,21:15,"GYD, LUX",Dep 22:14,,departure,
RH 351_2026-07-11,RH 351,HKC,2026-07-11,21:20,MNL,Dep 22:00,,departure,
7L 648_2026-07-11,7L 648,AZG,2026-07-11,21:55,GYD,Cancelled,,departure,
CV 244_2026-07-11,CV 244,CLX,2026-07-11,22:00,"ANC, LAX",Dep 22:51,,departure,
CX 3262_2026-07-11,CX 3262,CPA,2026-07-11,22:00,CKG,Dep 01:20 (12/07/2026),,departure,
CX 3238_2026-07-11,CX 3238,CPA,2026-07-11,23:10,XMN,Dep 23:13,,departure,
BR 6820_2026-07-11,BR 6820,EVA,2026-07-11,23:15,TPE,Dep 04:54 (13/07/2026),,departure,
CX 054_2026-07-11,CX 054,CPA,2026-07-11,23:30,PVG,Dep 09:53 (13/07/2026),,departure,
5X 061_2026-07-11,5X 061,UPS,2026-07-11,23:30,"TPE, SDF",Cancelled,,departure,
EY 938_2026-07-11,EY 938,ETD,2026-07-11,23:35,AUH,Dep 06:29 (12/07/2026),,departure,
RH 4568_2026-07-12,RH 4568,HKC,2026-07-12,00:15,TPE,Dep 10:41 (13/07/2026),,departure,
RH 829_2026-07-12,RH 829,HKC,2026-07-12,00:15,PVG,Cancelled,,departure,
ET 3785_2026-07-12,ET 3785,ETH,2026-07-12,00:15,"MCT, MAD",Cancelled,,departure,
HE 1710_2026-07-12,HE 1710,HGO,2026-07-12,00:30,GYD,Dep 00:39,,departure,
CV 3119_2026-07-12,CV 3119,CLX,2026-07-12,00:35,"ASB, LUX",Dep 00:29,,departure,
CX 006_2026-07-12,CX 006,CPA,2026-07-12,00:50,NRT,Dep 13:51 (13/07/2026),,departure,
CX 096_2026-07-12,CX 096,CPA,2026-07-12,01:30,"ANC, NLU",Dep 05:22,,departure,
SV 987_2026-07-12,SV 987,SVA,2026-07-12,01:40,RUH,Dep 02:25,,departure,
MB 502_2026-07-12,MB 502,MNB,2026-07-12,02:00,"SHJ, IST",Cancelled,,departure,
QR 8465_2026-07-12,QR 8465,QTR,2026-07-12,02:20,DOH,Dep 02:19,,departure,
KZ 202_2026-07-12,KZ 202,NCA,2026-07-12,02:25,NRT,Dep 02:10,,departure,
7L 1512_2026-07-12,7L 1512,AZG,2026-07-12,02:30,GYD,Cancelled,,departure,
7L 1612_2026-07-12,7L 1612,AZG,2026-07-12,02:30,GYD,Dep 14:06,,departure,
5X 063_2026-07-12,5X 063,UPS,2026-07-12,02:35,"ANC, SDF",Dep 02:27,,departure,
QR 8419_2026-07-12,QR 8419,QTR,2026-07-12,02:40,DOH,Cancelled,,departure,
CI 5826_2026-07-12,CI 5826,CAL,2026-07-12,03:00,TPE,Dep 22:40,,departure,
KE 314_2026-07-12,KE 314,KAL,2026-07-12,03:10,ICN,Dep 02:52,,departure,
LD 457_2026-07-12,LD 457,AHK,2026-07-12,03:35,"MNL, CEB",Dep 03:46,,departure,
LD 768_2026-07-12,LD 768,AHK,2026-07-12,03:35,PEK,Dep 03:31,,departure,
LD 831_2026-07-12,LD 831,AHK,2026-07-12,03:40,BKK,Dep 03:41,,departure,
8K 526_2026-07-12,8K 526,KMI,2026-07-12,03:40,BKK,Dep 03:39,,departure,
ET 3769_2026-07-12,ET 3769,ETH,2026-07-12,03:50,"EMA, ADD",Cancelled,,departure,
LD 216_2026-07-12,LD 216,AHK,2026-07-12,03:55,NGO,Dep 04:10,,departure,
LD 327_2026-07-12,LD 327,AHK,2026-07-12,03:55,SIN,Dep 03:54,,departure,
LD 204_2026-07-12,LD 204,AHK,2026-07-12,04:00,KIX,Dep 04:09,,departure,
MS 510_2026-07-12,MS 510,MSR,2026-07-12,04:00,BKK,Dep 04:58,,departure,
QR 8407_2026-07-12,QR 8407,QTR,2026-07-12,04:00,DOH,Dep 03:43,,departure,
LD 208_2026-07-12,LD 208,AHK,2026-07-12,04:05,NRT,Dep 03:59,,departure,
LD 720_2026-07-12,LD 720,AHK,2026-07-12,04:05,CTU,Dep 03:59,,departure,
LD 782D_2026-07-12,LD 782D,AHK,2026-07-12,04:15,PVG,Dep 17:38 (13/07/2026),,departure,
TH 3091_2026-07-12,TH 3091,RMY,2026-07-12,04:15,PEN,Dep 04:17,,departure,
3S 519_2026-07-12,3S 519,BOX,2026-07-12,04:25,LEJ,Dep 04:09,,departure,
CX 007_2026-07-12,CX 007,CPA,2026-07-12,04:40,"BLR, LHR",Dep 04:31,,departure,
LD 128_2026-07-12,LD 128,AHK,2026-07-12,04:50,ICN,Dep 04:49,,departure,
K4 223_2026-07-12,K4 223,CKS,2026-07-12,04:55,ANC,Dep 06:19,,departure,
LD 561_2026-07-12,LD 561,AHK,2026-07-12,05:00,"SGN, PEN",Dep 04:53,,departure,
ES 736_2026-07-12,ES 736,DHX,2026-07-12,05:00,"BLR, BAH",Dep 05:05,,departure,
TH 3508_2026-07-12,TH 3508,RMY,2026-07-12,05:00,KUL,Dep 04:50,,departure,
QR 8441_2026-07-12,QR 8441,QTR,2026-07-12,05:30,DOH,Dep 05:27,,departure,
D0 019_2026-07-12,D0 019,DHK,2026-07-12,05:35,"LEJ, EMA",Dep 05:44,,departure,
3S 713_2026-07-12,3S 713,BOX,2026-07-12,05:35,"DXB, LEJ",Dep 05:43,,departure,
3S 707_2026-07-12,3S 707,BOX,2026-07-12,05:45,"BAH, LEJ",Dep 07:12,,departure,
QR 8453_2026-07-12,QR 8453,QTR,2026-07-12,05:45,DOH,Dep 05:46,,departure,
QY 655_2026-07-12,QY 655,BCS,2026-07-12,05:55,"DWC, LEJ",Dep 06:03,,departure,
QY 679_2026-07-12,QY 679,BCS,2026-07-12,05:55,DWC,Dep 07:11,,departure,
3S 517_2026-07-12,3S 517,BOX,2026-07-12,06:00,LEJ,Dep 05:54,,departure,
QR 8431_2026-07-12,QR 8431,QTR,2026-07-12,06:00,DOH,Dep 06:01,,departure,
QY 651_2026-07-12,QY 651,BCS,2026-07-12,06:30,"BAH, LEJ",Dep 06:50,,departure,
CX 072_2026-07-12,CX 072,CPA,2026-07-12,06:40,"ANC, MIA, IAH",Dep 06:43,,departure,
K4 255_2026-07-12,K4 255,CKS,2026-07-12,06:55,"ANC, CVG",Dep 07:01,,departure,
3S 547_2026-07-12,3S 547,BOX,2026-07-12,06:55,"BRU, LEJ",Dep 07:10,,departure,
CC 4030_2026-07-12,CC 4030,ABD,2026-07-12,06:55,"CMB, JNB",Dep 12:23 (13/07/2026),,departure,
K4 235_2026-07-12,K4 235,CKS,2026-07-12,07:00,"ANC, MIA, CVG",Dep 06:59,,departure,
RH 331_2026-07-12,RH 331,HKC,2026-07-12,07:00,BKK,Dep 10:18,,departure,
CI 5836_2026-07-12,CI 5836,CAL,2026-07-12,07:00,TPE,Cancelled,,departure,
CK 264_2026-07-12,CK 264,CKK,2026-07-12,07:00,"CKG, PVG",Cancelled,,departure,
5X 003_2026-07-12,5X 003,UPS,2026-07-12,07:00,"CGN, PHL",Dep 06:49,,departure,
CI 5834_2026-07-12,CI 5834,CAL,2026-07-12,07:20,TPE,Dep 20:10,,departure,
CV 708_2026-07-12,CV 708,CLX,2026-07-12,07:20,"GYD, BUD, LUX",Dep 08:36,,departure,
HJ 024_2026-07-12,HJ 024,TMN,2026-07-12,07:25,SYD,Dep 07:20,,departure,
MB 530_2026-07-12,MB 530,MNB,2026-07-12,07:30,"NVI, IST",Dep 22:49,,departure,
3S 721_2026-07-12,3S 721,BOX,2026-07-12,07:35,"DEL, LEJ",Dep 07:31,,departure,
LH 8467_2026-07-12,LH 8467,GEC,2026-07-12,08:00,FRA,Dep 07:57,,departure,
EK 9789_2026-07-12,EK 9789,UAE,2026-07-12,08:05,DWC,Dep 08:20,,departure,
K4 201_2026-07-12,K4 201,CKS,2026-07-12,08:25,"ANC, CVG",Dep 16:19,,departure,
ES 696_2026-07-12,ES 696,DHX,2026-07-12,08:25,BAH,Dep 08:29,,departure,
QY 657_2026-07-12,QY 657,BCS,2026-07-12,08:55,"DWC, LEJ",Dep 09:51,,departure,
FX 018_2026-07-12,FX 018,FDX,2026-07-12,09:15,"SIN, ANC, MEM",Dep 09:21,,departure,
KJ 954_2026-07-12,KJ 954,AIH,2026-07-12,09:20,ICN,Dep 09:30,,departure,
SV 3963_2026-07-12,SV 3963,SVA,2026-07-12,09:25,RUH,Cancelled,,departure,
3S 509_2026-07-12,3S 509,BOX,2026-07-12,09:30,LEJ,Dep 09:38,,departure,
EK 9861_2026-07-12,EK 9861,UAE,2026-07-12,09:30,DWC,Dep 09:02,,departure,
HJ 032_2026-07-12,HJ 032,TMN,2026-07-12,09:35,MEL,Dep 09:41,,departure,
K4 704_2026-07-12,K4 704,CKS,2026-07-12,09:40,"DWC, TLV",Dep 10:30,,departure,
CX 3249_2026-07-12,CX 3249,CPA,2026-07-12,09:50,CGK,Dep 10:13,,departure,
K4 273_2026-07-12,K4 273,CKS,2026-07-12,09:55,"ANC, CVG",Dep 13:58,,departure,
CX 079_2026-07-12,CX 079,CPA,2026-07-12,10:40,SIN,Dep 11:06,,departure,
MP 9462_2026-07-12,MP 9462,MPH,2026-07-12,11:15,"GYD, AMS",Dep 11:37,,departure,
3V 400_2026-07-12,3V 400,TAY,2026-07-12,11:25,"DWC, LGG",Dep 16:21,,departure,
HE 819_2026-07-12,HE 819,HGO,2026-07-12,11:30,RUH,Dep 13:07,,departure,
K4 283_2026-07-12,K4 283,CKS,2026-07-12,11:45,"LAX, CVG",Dep 12:25,,departure,
RH 371_2026-07-12,RH 371,HKC,2026-07-12,11:50,SIN,Cancelled,,departure,
CX 3194_2026-07-12,CX 3194,CPA,2026-07-12,11:55,"ANC, JFK",Dep 12:04,,departure,
T8 4702_2026-07-12,T8 4702,TVR,2026-07-12,12:00,SHJ,Dep 16:12,,departure,
T8 4704_2026-07-12,T8 4704,TVR,2026-07-12,12:00,SHJ,Dep 15:02,,departure,
5Y 8522_2026-07-12,5Y 8522,GTI,2026-07-12,12:15,HAN,Dep 15:57,,departure,
RH 962_2026-07-12,RH 962,HKC,2026-07-12,12:30,KIX,Dep 22:57,,departure,
F5 6610_2026-07-12,F5 6610,ATG,2026-07-12,13:00,"DWC, EMA",Dep 15:11,,departure,
2U 8062_2026-07-12,2U 8062,FKH,2026-07-12,13:10,"NQZ, RIX",Dep 14:53,,departure,
KJ 970_2026-07-12,KJ 970,AIH,2026-07-12,13:15,ICN,Dep 15:46,,departure,
5Y 5579_2026-07-12,5Y 5579,GTI,2026-07-12,13:20,ICN,Cancelled,,departure,
TK 6691_2026-07-12,TK 6691,THY,2026-07-12,13:35,"CIT, IST",Dep 14:03,,departure,
LD 8915_2026-07-12,LD 8915,AHK,2026-07-12,13:45,CGK,Dep 13:41,,departure,
CT 128_2026-07-12,CT 128,AAE,2026-07-12,13:55,"DWC, LGG",Dep 07:25 (13/07/2026),,departure,
EK 9859_2026-07-12,EK 9859,UAE,2026-07-12,14:00,DWC,Dep 15:53,,departure,
K4 551_2026-07-12,K4 551,CKS,2026-07-12,14:15,"NRT, ANC, ORD",Dep 09:08 (14/07/2026),,departure,
CV 209_2026-07-12,CV 209,CLX,2026-07-12,14:45,"ANC, ORD, LUX",Dep 14:27,,departure,
5Y 8373_2026-07-12,5Y 8373,GTI,2026-07-12,15:00,"ANC, MIA",Dep 08:58 (13/07/2026),,departure,
EK 9839_2026-07-12,EK 9839,UAE,2026-07-12,15:05,DWC,Dep 07:16,,departure,
KZ 206_2026-07-12,KZ 206,NCA,2026-07-12,15:30,NRT,Dep 15:18,,departure,
F5 7612_2026-07-12,F5 7612,ATG,2026-07-12,15:30,"DWC, TLV",Cancelled,,departure,
CP 191_2026-07-12,CP 191,LSI,2026-07-12,15:35,OTP,Dep 15:30,,departure,
NH 8514_2026-07-12,NH 8514,ANA,2026-07-12,15:40,NRT,Dep 15:22,,departure,
7L 572_2026-07-12,7L 572,AZG,2026-07-12,15:55,DWC,Cancelled,,departure,
P9 881_2026-07-12,P9 881,MGE,2026-07-12,16:10,GUM,Dep 17:04,,departure,
CV 342_2026-07-12,CV 342,CLX,2026-07-12,16:30,"ANC, MIA, LUX",Dep 16:35,,departure,
K4 527_2026-07-12,K4 527,CKS,2026-07-12,16:30,"ICN, LAX",Dep 17:15,,departure,
RH 9489_2026-07-12,RH 9489,HKC,2026-07-12,16:40,"ALA, IST",Dep 01:29,,departure,
5Y 654_2026-07-12,5Y 654,GTI,2026-07-12,16:50,"ANC, ORD, MIA",Dep 19:23,,departure,
KE 8314_2026-07-12,KE 8314,KAL,2026-07-12,16:55,ICN,Dep 16:36,,departure,
CC 4100_2026-07-12,CC 4100,ABD,2026-07-12,17:10,SHJ,Cancelled,,departure,
7L 923_2026-07-12,7L 923,AZG,2026-07-12,17:20,GYD,Cancelled,,departure,
QY 517_2026-07-12,QY 517,BCS,2026-07-12,17:20,"DWC, LEJ",Cancelled,,departure,
FX 9017_2026-07-12,FX 9017,FDX,2026-07-12,18:05,HAN,Dep 18:16,,departure,
RH 9457_2026-07-12,RH 9457,HKC,2026-07-12,18:20,DEL,Dep 21:40,,departure,
MH 6107_2026-07-12,MH 6107,MAS,2026-07-12,18:20,KUL,Dep 18:31,,departure,
7L 621_2026-07-12,7L 621,AZG,2026-07-12,18:25,GYD,Cancelled,,departure,
AK 8542_2026-07-12,AK 8542,AXM,2026-07-12,18:30,KUL,Dep 21:15,,departure,
SV 3031_2026-07-12,SV 3031,SVA,2026-07-12,18:35,"HSA, BUD",Dep 18:50,,departure,
CV 226_2026-07-12,CV 226,CLX,2026-07-12,18:35,"ANC, JFK, LUX",Dep 19:25,,departure,
CX 043_2026-07-12,CX 043,CPA,2026-07-12,18:55,MAA,Dep 19:06,,departure,
C8 513_2026-07-12,C8 513,ICV,2026-07-12,19:15,"ASB, MXP",Dep 19:15,,departure,
CV 942_2026-07-12,CV 942,CLX,2026-07-12,19:45,"ASB, LUX",Dep 22:19,,departure,
5Y 8007_2026-07-12,5Y 8007,GTI,2026-07-12,19:55,IST,Cancelled,,departure,
CX 2098_2026-07-12,CX 2098,CPA,2026-07-12,20:05,"ANC, ORD",Dep 20:42,,departure,
5Y 8139_2026-07-12,5Y 8139,GTI,2026-07-12,20:15,"DEL, ANC",Dep 20:28,,departure,
5C 852_2026-07-12,5C 852,ICL,2026-07-12,20:30,TLV,Dep 21:07 (13/07/2026),,departure,
5Y 8523_2026-07-12,5Y 8523,GTI,2026-07-12,20:45,"ANC, ORD",Dep 00:52 (13/07/2026),,departure,
RH 9375_2026-07-12,RH 9375,HKC,2026-07-12,20:50,MAA,Dep 09:24 (13/07/2026),,departure,
7L 692_2026-07-12,7L 692,AZG,2026-07-12,21:20,GYD,Cancelled,,departure,
CX 037_2026-07-12,CX 037,CPA,2026-07-12,21:30,"DEL, FRA",Dep 21:40,,departure,
AK 8535_2026-07-12,AK 8535,AXM,2026-07-12,21:55,KUL,Dep 01:02 (13/07/2026),,departure,
QR 8477_2026-07-12,QR 8477,QTR,2026-07-12,22:10,DOH,Dep 22:12,,departure,
CX 3129_2026-07-12,CX 3129,CPA,2026-07-12,22:50,SYD,Dep 23:36,,departure,
CI 5832_2026-07-12,CI 5832,CAL,2026-07-12,23:00,TPE,Dep 01:27 (13/07/2026),,departure,
SR 813_2026-07-12,SR 813,XKY,2026-07-12,23:15,MNL,Dep 23:14,,departure,
QF 7526_2026-07-12,QF 7526,QFA,2026-07-12,23:45,SYD,Dep 02:00 (13/07/2026),,departure,
WW 862_2026-07-12,WW 862,KXP,2026-07-12,23:55,KUL,Dep 23:50,,departure,
CX 3290_2026-07-12,CX 3290,CPA,2026-07-12,23:55,"ANC, DFW, ATL",Dep 23:54,,departure,
EY 948_2026-07-13,EY 948,ETD,2026-07-13,00:35,AUH,Dep 00:42,,departure,
CV 915_2026-07-13,CV 915,CLX,2026-07-13,00:40,"GYD, LUX",Dep 07:17,,departure,
ET 3767_2026-07-13,ET 3767,ETH,2026-07-13,00:40,LGG,Cancelled,,departure,
SV 969_2026-07-13,SV 969,SVA,2026-07-13,01:05,"BOM, RUH",Dep 01:05,,departure,
CX 096_2026-07-13,CX 096,CPA,2026-07-13,01:30,"ANC, NLU",Dep 02:14,,departure,
MB 504_2026-07-13,MB 504,MNB,2026-07-13,01:35,"AMD, KWI",Dep 02:41,,departure,
5X 169_2026-07-13,5X 169,UPS,2026-07-13,01:35,"SIN, SDF",Dep 02:03,,departure,
TK 6257_2026-07-13,TK 6257,THY,2026-07-13,01:40,IST,Dep 01:40,,departure,
KZ 202_2026-07-13,KZ 202,NCA,2026-07-13,02:25,NRT,Dep 02:36,,departure,
QR 8411_2026-07-13,QR 8411,QTR,2026-07-13,02:30,DOH,Dep 02:35,,departure,
LD 680_2026-07-13,LD 680,AHK,2026-07-13,02:40,TPE,Dep 07:19,,departure,
7L 572_2026-07-13,7L 572,AZG,2026-07-13,03:10,DWC,Dep 03:25,,departure,
KE 314_2026-07-13,KE 314,KAL,2026-07-13,03:10,ICN,Dep 02:26,,departure,
QR 8415_2026-07-13,QR 8415,QTR,2026-07-13,03:35,DOH,Dep 03:26,,departure,
BR 6530_2026-07-13,BR 6530,EVA,2026-07-13,03:50,TPE,Cancelled,,departure,
SV 983_2026-07-13,SV 983,SVA,2026-07-13,04:05,RUH,Dep 05:26,,departure,
QR 8435_2026-07-13,QR 8435,QTR,2026-07-13,05:00,DOH,Dep 04:53,,departure,
EK 9863_2026-07-13,EK 9863,UAE,2026-07-13,05:25,DWC,Dep 05:16,,departure,
QR 8455_2026-07-13,QR 8455,QTR,2026-07-13,05:30,DOH,Dep 05:32,,departure,
3S 637_2026-07-13,3S 637,BOX,2026-07-13,06:00,"DWC, FRA",Dep 06:54,,departure,
Y9 2562_2026-07-13,Y9 2562,SGA,2026-07-13,06:15,"DAC, DWC",Dep 06:14,,departure,
QY 517_2026-07-13,QY 517,BCS,2026-07-13,06:50,"DWC, LEJ",Cancelled,,departure,
CX 3286_2026-07-13,CX 3286,CPA,2026-07-13,06:55,"ANC, JFK",Dep 07:07,,departure,
CK 264_2026-07-13,CK 264,CKK,2026-07-13,07:00,CKG,Cancelled,,departure,
CC 4100_2026-07-13,CC 4100,ABD,2026-07-13,07:00,"SHJ, LGG",Dep 07:08,,departure,
CT 142_2026-07-13,CT 142,AAE,2026-07-13,07:00,"CMB, LOS",Cancelled,,departure,
EK 9797_2026-07-13,EK 9797,UAE,2026-07-13,07:00,DWC,Dep 15:54,,departure,
CI 5828_2026-07-13,CI 5828,CAL,2026-07-13,07:05,TPE,Dep 07:02,,departure,
CX 2049_2026-07-13,CX 2049,CPA,2026-07-13,07:15,HAN,Dep 07:24,,departure,
CX 3245_2026-07-13,CX 3245,CPA,2026-07-13,07:20,DEL,Dep 07:22,,departure,
SV 3029_2026-07-13,SV 3029,SVA,2026-07-13,07:30,JED,Cancelled,,departure,
K4 253_2026-07-13,K4 253,CKS,2026-07-13,07:40,"ANC, CVG",Dep 02:36 (14/07/2026),,departure,
TK 6301_2026-07-13,TK 6301,THY,2026-07-13,08:35,"CIT, IST",Dep 08:46,,departure,
3S 515_2026-07-13,3S 515,BOX,2026-07-13,08:45,LEJ,Cancelled,,departure,
ET 3035_2026-07-13,ET 3035,ETH,2026-07-13,09:30,ADD,Cancelled,,departure,
CX 098_2026-07-13,CX 098,CPA,2026-07-13,09:50,"ANC, ORD",Dep 17:37,,departure,
QR 8409_2026-07-13,QR 8409,QTR,2026-07-13,10:10,DOH,Dep 10:41,,departure,
HE 805_2026-07-13,HE 805,HGO,2026-07-13,10:30,SHJ,Dep 11:18,,departure,
SQ 7974_2026-07-13,SQ 7974,SIA,2026-07-13,10:40,"ANC, LAX",Dep 11:19,,departure,
EK 9849_2026-07-13,EK 9849,UAE,2026-07-13,10:40,DXB,Dep 10:09,,departure,
RH 392_2026-07-13,RH 392,HKC,2026-07-13,11:05,"DEL, BUD",Dep 23:50,,departure,
CV 9931_2026-07-13,CV 9931,CLX,2026-07-13,11:35,"NQZ, LUX",Cancelled,,departure,
5Y 8230_2026-07-13,5Y 8230,GTI,2026-07-13,11:50,ANC,Dep 12:08,,departure,
T8 4704_2026-07-13,T8 4704,TVR,2026-07-13,12:00,DMM,Dep 11:56,,departure,
RH 6651_2026-07-13,RH 6651,HKC,2026-07-13,12:30,DAC,Dep 18:12,,departure,
SR 815_2026-07-13,SR 815,XKY,2026-07-13,13:00,CRK,Cancelled,,departure,
KE 9314_2026-07-13,KE 9314,KAL,2026-07-13,13:05,ICN,Dep 12:40,,departure,
CV 283_2026-07-13,CV 283,CLX,2026-07-13,13:10,"ANC, GDL, NLU, LUX",Dep 17:46,,departure,
5X 065_2026-07-13,5X 065,UPS,2026-07-13,13:20,"ANC, SDF",Dep 13:27,,departure,
MP 9472_2026-07-13,MP 9472,MPH,2026-07-13,13:30,"GYD, AMS",Dep 13:44,,departure,
KZ 206_2026-07-13,KZ 206,NCA,2026-07-13,14:40,NRT,Dep 14:34,,departure,
WW 862_2026-07-13,WW 862,KXP,2026-07-13,14:45,KUL,Dep 20:49,,departure,
EK 9781_2026-07-13,EK 9781,UAE,2026-07-13,14:45,DWC,Dep 07:09,,departure,
MB 630_2026-07-13,MB 630,MNB,2026-07-13,15:00,"CRZ, IST",Dep 17:37,,departure,
CX 2084_2026-07-13,CX 2084,CPA,2026-07-13,15:30,"ANC, LAX, PDX",Dep 16:08,,departure,
7L 648_2026-07-13,7L 648,AZG,2026-07-13,15:35,GYD,Dep 16:39,,departure,
5X 001_2026-07-13,5X 001,UPS,2026-07-13,15:40,"CGN, PHL",Cancelled,,departure,
EK 9851_2026-07-13,EK 9851,UAE,2026-07-13,15:45,DWC,Dep 19:51,,departure,
5X 061_2026-07-13,5X 061,UPS,2026-07-13,16:05,"TPE, ANC, SDF",Dep 17:59,,departure,
P9 881_2026-07-13,P9 881,MGE,2026-07-13,16:10,GUM,Dep 17:37,,departure,
3S 719_2026-07-13,3S 719,BOX,2026-07-13,16:15,LEJ,Dep 15:43,,departure,
ET 3685_2026-07-13,ET 3685,ETH,2026-07-13,16:25,ADD,Dep 17:50,,departure,
KE 312_2026-07-13,KE 312,KAL,2026-07-13,16:40,ICN,Dep 16:26,,departure,
EK 9841_2026-07-13,EK 9841,UAE,2026-07-13,16:50,DWC,Dep 19:33,,departure,
CX 049_2026-07-13,CX 049,CPA,2026-07-13,16:55,BOM,Dep 17:20,,departure,
3S 519_2026-07-13,3S 519,BOX,2026-07-13,17:15,LEJ,Dep 17:07,,departure,
QR 8401_2026-07-13,QR 8401,QTR,2026-07-13,17:15,DOH,Dep 17:17,,departure,
CV 278_2026-07-13,CV 278,CLX,2026-07-13,17:50,"ANC, ORD",Dep 17:34,,departure,
CX 2041_2026-07-13,CX 2041,CPA,2026-07-13,18:20,MAA,Dep 18:25,,departure,
HE 1710_2026-07-13,HE 1710,HGO,2026-07-13,18:30,GYD,Dep 19:47,,departure,
7L 1148_2026-07-13,7L 1148,AZG,2026-07-13,19:00,GYD,Dep 19:35,,departure,
5X 063_2026-07-13,5X 063,UPS,2026-07-13,19:05,"ANC, SDF",Dep 19:20,,departure,
CP 192_2026-07-13,CP 192,LSI,2026-07-13,19:25,"GYD, FCO",Dep 21:36,,departure,
2C 575_2026-07-13,2C 575,CMA,2026-07-13,19:30,"NVI, CDG",Dep 19:12,,departure,
SV 3961_2026-07-13,SV 3961,SVA,2026-07-13,19:30,RUH,Dep 14:53 (14/07/2026),,departure,
WW 866_2026-07-13,WW 866,KXP,2026-07-13,19:35,HKG,Cancelled,,departure,
AK 8546_2026-07-13,AK 8546,AXM,2026-07-13,19:45,KUL,Dep 20:13,,departure,
TH 641_2026-07-13,TH 641,RMY,2026-07-13,19:45,KUL,Dep 18:08,,departure,
5X 059_2026-07-13,5X 059,UPS,2026-07-13,19:45,"ANC, ONT",Dep 19:41,,departure,
FX 5991_2026-07-13,FX 5991,FDX,2026-07-13,19:50,"KIX, OAK",Dep 20:04,,departure,
7L 147_2026-07-13,7L 147,AZG,2026-07-13,20:25,GYD,Cancelled,,departure,
CX 054_2026-07-13,CX 054,CPA,2026-07-13,20:45,"CGO, PVG",Dep 21:10,,departure,
3V 400_2026-07-13,3V 400,TAY,2026-07-13,20:50,"DWC, LGG",Dep 07:19 (14/07/2026),,departure,
SQ 7873_2026-07-13,SQ 7873,SIA,2026-07-13,21:00,SIN,Dep 21:07,,departure,
5Y 8692_2026-07-13,5Y 8692,GTI,2026-07-13,21:05,ANC,Dep 21:19,,departure,
QY 539_2026-07-13,QY 539,BCS,2026-07-13,21:10,"DWC, LEJ",Dep 07:26 (14/07/2026),,departure,
EK 9837_2026-07-13,EK 9837,UAE,2026-07-13,21:15,DWC,Cancelled,,departure,
RH 351_2026-07-13,RH 351,HKC,2026-07-13,21:20,MNL,Dep 22:10,,departure,
ET 3229_2026-07-13,ET 3229,ETH,2026-07-13,21:30,ADD,Cancelled,,departure,
FX 9131_2026-07-13,FX 9131,FDX,2026-07-13,21:35,"ANC, MEM",Dep 22:52,,departure,
CX 3262_2026-07-13,CX 3262,CPA,2026-07-13,21:35,CKG,Dep 03:20 (14/07/2026),,departure,
3S 704_2026-07-13,3S 704,BOX,2026-07-13,21:40,CVG,Cancelled,,departure,
TK 6065_2026-07-13,TK 6065,THY,2026-07-13,21:45,"CIT, IST",Dep 05:57 (14/07/2026),,departure,
CV 7331_2026-07-13,CV 7331,CLX,2026-07-13,22:00,"NQZ, LUX",Dep 21:17,,departure,
K4 702_2026-07-13,K4 702,CKS,2026-07-13,22:05,"DWC, TLV",Dep 21:58,,departure,
QR 8431_2026-07-13,QR 8431,QTR,2026-07-13,22:05,DOH,Dep 22:02,,departure,
3S 582_2026-07-13,3S 582,BOX,2026-07-13,23:25,CVG,Dep 23:23,,departure,
RH 4568_2026-07-14,RH 4568,HKC,2026-07-14,00:15,TPE,Dep 07:07,,departure,
RH 9491_2026-07-14,RH 9491,HKC,2026-07-14,00:15,"ALA, IST",Cancelled,,departure,
CX 2023_2026-07-14,CX 2023,CPA,2026-07-14,00:40,SYD,Dep 00:55,,departure,
CX 006_2026-07-14,CX 006,CPA,2026-07-14,00:50,NRT,Dep 02:07,,departure,
CX 086_2026-07-14,CX 086,CPA,2026-07-14,01:30,"ANC, NLU",Dep 10:20,,departure,
KZ 202_2026-07-14,KZ 202,NCA,2026-07-14,02:25,NRT,Dep 05:06,,departure,
NH 8512_2026-07-14,NH 8512,ANA,2026-07-14,02:25,NRT,Cancelled,,departure,
KJ 972_2026-07-14,KJ 972,AIH,2026-07-14,02:40,ICN,Dep 02:51,,departure,
WW 891_2026-07-14,WW 891,KXP,2026-07-14,02:45,KUL,Cancelled,,departure,
CI 5836_2026-07-14,CI 5836,CAL,2026-07-14,03:00,TPE,Dep 02:46,,departure,
KE 314_2026-07-14,KE 314,KAL,2026-07-14,03:10,ICN,Dep 03:17,,departure,
LD 204_2026-07-14,LD 204,AHK,2026-07-14,03:15,KIX,Dep 04:56,,departure,
LD 128_2026-07-14,LD 128,AHK,2026-07-14,03:20,ICN,Dep 03:40,,departure,
BR 6536_2026-07-14,BR 6536,EVA,2026-07-14,03:20,TPE,Dep 09:56,,departure,
LD 208_2026-07-14,LD 208,AHK,2026-07-14,03:25,NRT,Dep 04:37,,departure,
LD 327_2026-07-14,LD 327,AHK,2026-07-14,03:25,SIN,Dep 03:32,,departure,
LD 768_2026-07-14,LD 768,AHK,2026-07-14,03:25,PEK,Dep 03:25,,departure,
LD 216_2026-07-14,LD 216,AHK,2026-07-14,03:30,NGO,Dep 05:17,,departure,
8K 526_2026-07-14,8K 526,KMI,2026-07-14,03:30,BKK,Dep 03:28,,departure,
LD 457_2026-07-14,LD 457,AHK,2026-07-14,03:35,"MNL, CEB",Dep 03:39,,departure,
LD 782_2026-07-14,LD 782,AHK,2026-07-14,03:40,PVG,Dep 03:52,,departure,
LD 831_2026-07-14,LD 831,AHK,2026-07-14,03:40,BKK,Dep 03:47,,departure,
LD 561_2026-07-14,LD 561,AHK,2026-07-14,03:45,SGN,Dep 03:48,,departure,
TH 3508_2026-07-14,TH 3508,RMY,2026-07-14,03:45,KUL,Dep 03:46,,departure,
MB 711_2026-07-14,MB 711,MNB,2026-07-14,04:00,"SHJ, IST",Dep 04:32,,departure,
3S 520_2026-07-14,3S 520,BOX,2026-07-14,04:00,LAX,Dep 05:19,,departure,
3Y 6011_2026-07-14,3Y 6011,MYU,2026-07-14,04:00,CGK,Dep 04:15,,departure,
HJ 022_2026-07-14,HJ 022,TMN,2026-07-14,04:00,SYD,Dep 04:30,,departure,
LD 720_2026-07-14,LD 720,AHK,2026-07-14,04:05,CTU,Dep 04:08,,departure,
TH 3091_2026-07-14,TH 3091,RMY,2026-07-14,04:15,PEN,Dep 04:20,,departure,
LD 680_2026-07-14,LD 680,AHK,2026-07-14,04:20,TPE,Dep 04:21,,departure,
7L 621_2026-07-14,7L 621,AZG,2026-07-14,04:50,GYD,Dep 05:54,,departure,
3S 715_2026-07-14,3S 715,BOX,2026-07-14,05:35,"DXB, LEJ",Dep 06:44,,departure,
3S 733_2026-07-14,3S 733,BOX,2026-07-14,05:40,"BLR, LEJ",Dep 05:42,,departure,
ES 720_2026-07-14,ES 720,DHX,2026-07-14,05:40,BAH,Dep 06:36,,departure,
3S 525_2026-07-14,3S 525,BOX,2026-07-14,05:45,"BAH, LEJ",Dep 06:13,,departure,
EK 9821_2026-07-14,EK 9821,UAE,2026-07-14,05:45,DWC,Dep 05:45,,departure,
ET 3707_2026-07-14,ET 3707,ETH,2026-07-14,05:55,"BUD, ADD",Dep 08:44,,departure,
FX 5217_2026-07-14,FX 5217,FDX,2026-07-14,06:20,"IST, MEM",Dep 06:06,,departure,
K4 255_2026-07-14,K4 255,CKS,2026-07-14,06:40,"YHM, JFK, CVG",Dep 08:48,,departure,
D0 593_2026-07-14,D0 593,DHK,2026-07-14,06:40,"DEL, EMA",Dep 07:11,,departure,
QR 8407_2026-07-14,QR 8407,QTR,2026-07-14,06:40,DOH,Dep 06:23,,departure,
CX 3258_2026-07-14,CX 3258,CPA,2026-07-14,06:45,PVG,Dep 06:50,,departure,
CX 3284_2026-07-14,CX 3284,CPA,2026-07-14,06:50,"ANC, LAX, PDX",Dep 08:26,,departure,
K4 241_2026-07-14,K4 241,CKS,2026-07-14,07:00,"ANC, MIA",Dep 07:01,,departure,
RH 331_2026-07-14,RH 331,HKC,2026-07-14,07:00,BKK,Dep 07:49,,departure,
CK 264_2026-07-14,CK 264,CKK,2026-07-14,07:00,"CKG, PVG",Dep 01:56 (15/07/2026),,departure,
CT 142_2026-07-14,CT 142,AAE,2026-07-14,07:00,"LOS, CMB",Cancelled,,departure,
SR 815_2026-07-14,SR 815,XKY,2026-07-14,07:15,CRK,Dep 07:09,,departure,
3S 507_2026-07-14,3S 507,BOX,2026-07-14,07:25,LEJ,Dep 11:14,,departure,
CI 6842_2026-07-14,CI 6842,CAL,2026-07-14,07:35,TPE,Cancelled,,departure,
O3 152_2026-07-14,O3 152,CSS,2026-07-14,07:55,EHU,Dep 07:51,,departure,
K4 205_2026-07-14,K4 205,CKS,2026-07-14,08:25,"ANC, ORD, CVG",Dep 08:17,,departure,
3S 503_2026-07-14,3S 503,BOX,2026-07-14,08:30,LEJ,Dep 08:58,,departure,
SV 3961_2026-07-14,SV 3961,SVA,2026-07-14,09:25,RUH,Cancelled,,departure,
5Y 8050_2026-07-14,5Y 8050,GTI,2026-07-14,09:25,"ANC, MIA",Dep 12:09,,departure,
ET 3035_2026-07-14,ET 3035,ETH,2026-07-14,09:30,ADD,Cancelled,,departure,
CC 4600_2026-07-14,CC 4600,ABD,2026-07-14,09:40,CMB,Dep 17:35 (20/07/2026),,departure,
QY 653_2026-07-14,QY 653,BCS,2026-07-14,09:50,"DWC, LEJ",Dep 10:13,,departure,
O3 268_2026-07-14,O3 268,CSS,2026-07-14,09:55,NGB,Dep 09:54,,departure,
CV 519_2026-07-14,CV 519,CLX,2026-07-14,10:00,"GYD, LUX",Dep 10:49,,departure,
5X 067_2026-07-14,5X 067,UPS,2026-07-14,10:15,"ICN, ANC, SDF",Cancelled,,departure,
TK 6267_2026-07-14,TK 6267,THY,2026-07-14,10:30,IST,Dep 12:00,,departure,
GH 1022_2026-07-14,GH 1022,IGT,2026-07-14,11:10,NVI,Cancelled,,departure,
5Y 654_2026-07-14,5Y 654,GTI,2026-07-14,11:15,"ANC, MIA",Dep 12:18,,departure,
MP 9412_2026-07-14,MP 9412,MPH,2026-07-14,11:15,"GYD, AMS",Dep 12:46,,departure,
5X 003_2026-07-14,5X 003,UPS,2026-07-14,11:25,"BLR, CGN, PHL",Dep 11:25,,departure,
TK 6356_2026-07-14,TK 6356,THY,2026-07-14,11:45,IST,Dep 16:30,,departure,
RH 371_2026-07-14,RH 371,HKC,2026-07-14,11:50,SIN,Dep 19:21,,departure,
CX 036_2026-07-14,CX 036,CPA,2026-07-14,11:55,KIX,Dep 11:52,,departure,
KJ 968_2026-07-14,KJ 968,AIH,2026-07-14,12:45,ICN,Dep 14:35,,departure,
EK 9839_2026-07-14,EK 9839,UAE,2026-07-14,12:55,DWC,Dep 14:43,,departure,
CX 2045_2026-07-14,CX 2045,CPA,2026-07-14,13:10,DEL,Dep 13:09,,departure,
CX 049_2026-07-14,CX 049,CPA,2026-07-14,13:15,DAC,Dep 13:12,,departure,
CX 3298_2026-07-14,CX 3298,CPA,2026-07-14,13:50,"ANC, JFK",Dep 14:11,,departure,
EK 9783_2026-07-14,EK 9783,UAE,2026-07-14,14:10,DWC,Cancelled,,departure,
SV 963_2026-07-14,SV 963,SVA,2026-07-14,14:35,RUH,Dep 14:43,,departure,
WW 862_2026-07-14,WW 862,KXP,2026-07-14,14:40,KUL,Cancelled,,departure,
SV 3023_2026-07-14,SV 3023,SVA,2026-07-14,15:05,RUH,Dep 17:13,,departure,
EK 9799_2026-07-14,EK 9799,UAE,2026-07-14,15:35,DWC,Dep 15:56,,departure,
5X 001_2026-07-14,5X 001,UPS,2026-07-14,15:40,"CGN, PHL",Cancelled,,departure,
MH 6105_2026-07-14,MH 6105,MAS,2026-07-14,15:45,KUL,Cancelled,,departure,
RH 317_2026-07-14,RH 317,HKC,2026-07-14,15:55,HAN,Cancelled,,departure,
5X 061_2026-07-14,5X 061,UPS,2026-07-14,16:05,"TPE, ANC, SDF",Dep 16:57,,departure,
P9 881_2026-07-14,P9 881,MGE,2026-07-14,16:10,GUM,Dep 20:59,,departure,
5X 166_2026-07-14,5X 166,UPS,2026-07-14,16:10,"SIN, SDF",Dep 16:20,,departure,
EK 9863_2026-07-14,EK 9863,UAE,2026-07-14,16:25,DWC,Dep 17:41,,departure,
CV 237_2026-07-14,CV 237,CLX,2026-07-14,17:00,"ANC, GDL",Dep 16:55,,departure,
3S 519_2026-07-14,3S 519,BOX,2026-07-14,17:10,LEJ,Dep 17:12,,departure,
KE 9314_2026-07-14,KE 9314,KAL,2026-07-14,17:10,ICN,Dep 17:02,,departure,
CT 122_2026-07-14,CT 122,AAE,2026-07-14,17:20,DWC,Cancelled,,departure,
FX 9128_2026-07-14,FX 9128,FDX,2026-07-14,18:05,KIX,Dep 17:50,,departure,
7L 247_2026-07-14,7L 247,AZG,2026-07-14,18:15,GYD,Cancelled,,departure,
CX 2026_2026-07-14,CX 2026,CPA,2026-07-14,18:15,TPE,Dep 18:18,,departure,
C8 736_2026-07-14,C8 736,ICV,2026-07-14,18:20,"ASB, MXP",Dep 18:09,,departure,
LH 8461_2026-07-14,LH 8461,GEC,2026-07-14,18:25,"IST, FRA",Dep 18:30,,departure,
CT 131_2026-07-14,CT 131,AAE,2026-07-14,18:25,"PRG, DWC",Dep 18:20,,departure,
EK 9847_2026-07-14,EK 9847,UAE,2026-07-14,18:25,DWC,Dep 18:50,,departure,
7L 572_2026-07-14,7L 572,AZG,2026-07-14,18:35,GYD,Cancelled,,departure,
2C 561_2026-07-14,2C 561,CMA,2026-07-14,18:45,"NVI, CDG",Dep 19:15,,departure,
5X 063_2026-07-14,5X 063,UPS,2026-07-14,19:05,"ANC, SDF",Dep 19:08,,departure,
SQ 7922_2026-07-14,SQ 7922,SIA,2026-07-14,19:10,"ANC, DFW",Cancelled,,departure,
CI 5838_2026-07-14,CI 5838,CAL,2026-07-14,19:20,TPE,Dep 14:34 (15/07/2026),,departure,
TK 6219_2026-07-14,TK 6219,THY,2026-07-14,19:30,"AMM, IST",Dep 19:32,,departure,
AK 8542_2026-07-14,AK 8542,AXM,2026-07-14,19:45,KUL,Dep 19:40,,departure,
5X 1939_2026-07-14,5X 1939,UPS,2026-07-14,19:45,"ANC, ONT",Dep 19:34,,departure,
TH 641_2026-07-14,TH 641,RMY,2026-07-14,19:45,KUL,Dep 18:56,,departure,
FX 5991_2026-07-14,FX 5991,FDX,2026-07-14,19:50,"KIX, OAK",Dep 19:54,,departure,
CC 3571_2026-07-14,CC 3571,ABD,2026-07-14,20:00,"CMB, JNB",Dep 20:05,,departure,
EK 9785_2026-07-14,EK 9785,UAE,2026-07-14,20:45,DWC,Cancelled,,departure,
EY 934_2026-07-14,EY 934,ETD,2026-07-14,20:50,AUH,Dep 18:49,,departure,
CX 2033_2026-07-14,CX 2033,CPA,2026-07-14,20:55,MAA,Dep 20:49,,departure,
CX 3260_2026-07-14,CX 3260,CPA,2026-07-14,21:00,CKG,Dep 21:27,,departure,
SV 983_2026-07-14,SV 983,SVA,2026-07-14,21:30,RUH,Dep 00:05 (15/07/2026),,departure,
D0 009_2026-07-14,D0 009,DHK,2026-07-14,21:40,"CVG, EMA",Dep 21:55,,departure,
AK 8535_2026-07-14,AK 8535,AXM,2026-07-14,21:55,KUL,Dep 12:58 (15/07/2026),,departure,
7L 648_2026-07-14,7L 648,AZG,2026-07-14,21:55,GYD,Cancelled,,departure,
EK 9833_2026-07-14,EK 9833,UAE,2026-07-14,22:15,DWC,Dep 00:43 (15/07/2026),,departure,
CX 3238_2026-07-14,CX 3238,CPA,2026-07-14,22:20,"XMN, PVG",Dep 22:41,,departure,
7L 148_2026-07-14,7L 148,AZG,2026-07-14,22:30,GYD,Cancelled,,departure,
RH 327_2026-07-14,RH 327,HKC,2026-07-14,23:00,HAN,Dep 22:57,,departure,
CX 050_2026-07-14,CX 050,CPA,2026-07-14,23:05,PVG,Dep 08:31 (15/07/2026),,departure,
SR 813_2026-07-14,SR 813,XKY,2026-07-14,23:15,MNL,Dep 23:20,,departure,
ET 3447_2026-07-14,ET 3447,ETH,2026-07-14,23:30,ADD,Cancelled,,departure,
QR 8421_2026-07-14,QR 8421,QTR,2026-07-14,23:40,DOH,Dep 23:29,,departure,
ET 3785_2026-07-15,ET 3785,ETH,2026-07-15,00:00,"MCT, MAD",Cancelled,,departure,
ET 3791_2026-07-15,ET 3791,ETH,2026-07-15,00:00,LGG,Cancelled,,departure,
MB 713_2026-07-15,MB 713,MNB,2026-07-15,00:05,"NVI, IST",Cancelled,,departure,
RH 4568_2026-07-15,RH 4568,HKC,2026-07-15,00:15,TPE,Dep 12:58,,departure,
QR 8441_2026-07-15,QR 8441,QTR,2026-07-15,00:40,DOH,Dep 00:33,,departure,
CX 006_2026-07-15,CX 006,CPA,2026-07-15,00:50,NRT,Dep 01:22,,departure,
TH 671_2026-07-15,TH 671,RMY,2026-07-15,01:00,KUL,Dep 01:57,,departure,
KZ 202_2026-07-15,KZ 202,NCA,2026-07-15,01:25,NRT,Dep 01:45,,departure,
CX 096_2026-07-15,CX 096,CPA,2026-07-15,01:30,"ANC, NLU",Dep 01:30,,departure,
QR 8439_2026-07-15,QR 8439,QTR,2026-07-15,02:00,DOH,Dep 02:05,,departure,
K4 288_2026-07-15,K4 288,CKS,2026-07-15,02:05,"ANC, CVG",Dep 07:53,,departure,
NH 8512_2026-07-15,NH 8512,ANA,2026-07-15,02:25,NRT,Dep 02:13,,departure,
KJ 974_2026-07-15,KJ 974,AIH,2026-07-15,02:40,ICN,Dep 02:49,,departure,
CI 5826_2026-07-15,CI 5826,CAL,2026-07-15,03:00,TPE,Dep 03:05,,departure,
KE 314_2026-07-15,KE 314,KAL,2026-07-15,03:10,ICN,Dep 04:45,,departure,
LD 204_2026-07-15,LD 204,AHK,2026-07-15,03:15,KIX,Dep 03:25,,departure,
LD 128_2026-07-15,LD 128,AHK,2026-07-15,03:20,ICN,Dep 03:25,,departure,
BR 6538_2026-07-15,BR 6538,EVA,2026-07-15,03:20,TPE,Dep 03:11,,departure,
LD 208_2026-07-15,LD 208,AHK,2026-07-15,03:25,NRT,Dep 03:32,,departure,
LD 327_2026-07-15,LD 327,AHK,2026-07-15,03:25,SIN,Dep 03:30,,departure,
LD 768_2026-07-15,LD 768,AHK,2026-07-15,03:25,PEK,Dep 03:40,,departure,
LD 216_2026-07-15,LD 216,AHK,2026-07-15,03:30,NGO,Dep 03:44,,departure,
8K 526_2026-07-15,8K 526,KMI,2026-07-15,03:30,BKK,Dep 03:32,,departure,
LD 457_2026-07-15,LD 457,AHK,2026-07-15,03:35,"MNL, CEB",Dep 03:39,,departure,
LD 782_2026-07-15,LD 782,AHK,2026-07-15,03:40,PVG,Dep 03:49,,departure,
LD 831_2026-07-15,LD 831,AHK,2026-07-15,03:40,BKK,Dep 03:38,,departure,
LD 561_2026-07-15,LD 561,AHK,2026-07-15,03:45,SGN,Dep 03:52,,departure,
TH 3508_2026-07-15,TH 3508,RMY,2026-07-15,03:45,KUL,Dep 03:50,,departure,
3S 738_2026-07-15,3S 738,BOX,2026-07-15,04:00,LAX,Dep 04:00,,departure,
3Y 6011_2026-07-15,3Y 6011,MYU,2026-07-15,04:00,CGK,Dep 04:10,,departure,
HJ 022_2026-07-15,HJ 022,TMN,2026-07-15,04:00,SYD,Dep 04:14,,departure,
TK 6329_2026-07-15,TK 6329,THY,2026-07-15,04:05,"CIT, IST",Dep 05:14,,departure,
LD 720_2026-07-15,LD 720,AHK,2026-07-15,04:05,CTU,Dep 04:01,,departure,
TH 3091_2026-07-15,TH 3091,RMY,2026-07-15,04:15,PEN,Dep 07:16,,departure,
LD 680_2026-07-15,LD 680,AHK,2026-07-15,04:20,TPE,Dep 04:11,,departure,
TK 6351_2026-07-15,TK 6351,THY,2026-07-15,04:20,IST,Dep 04:08,,departure,
QR 8467_2026-07-15,QR 8467,QTR,2026-07-15,04:20,DOH,Dep 11:25,,departure,
CX 2090_2026-07-15,CX 2090,CPA,2026-07-15,04:25,"ANC, LAX, DFW",Dep 04:38,,departure,
EK 9831_2026-07-15,EK 9831,UAE,2026-07-15,05:00,DWC,Dep 05:07,,departure,
CP 166_2026-07-15,CP 166,LSI,2026-07-15,05:35,MXP,Dep 13:14,,departure,
3S 713_2026-07-15,3S 713,BOX,2026-07-15,05:35,"DXB, LEJ",Dep 09:49,,departure,
3S 735_2026-07-15,3S 735,BOX,2026-07-15,05:40,"BLR, LEJ",Dep 05:48,,departure,
ES 728_2026-07-15,ES 728,DHX,2026-07-15,05:40,BAH,Dep 05:50,,departure,
3S 523_2026-07-15,3S 523,BOX,2026-07-15,05:45,"BAH, LEJ",Dep 05:55,,departure,
QR 8411_2026-07-15,QR 8411,QTR,2026-07-15,05:45,DOH,Dep 05:38,,departure,
FX 5023_2026-07-15,FX 5023,FDX,2026-07-15,06:00,"IST, MEM",Dep 06:26,,departure,
K4 253_2026-07-15,K4 253,CKS,2026-07-15,06:40,"YHM, CVG",Dep 06:59,,departure,
D0 591_2026-07-15,D0 591,DHK,2026-07-15,06:40,"DEL, EMA",Dep 10:21,,departure,
F5 7613_2026-07-15,F5 7613,ATG,2026-07-15,06:50,"DWC, TLV",Cancelled,,departure,
K4 243_2026-07-15,K4 243,CKS,2026-07-15,07:00,"ANC, CVG",Dep 07:33,,departure,
RH 331_2026-07-15,RH 331,HKC,2026-07-15,07:00,BKK,Dep 18:23 (16/07/2026),,departure,
F5 7613_2026-07-15,F5 7613,ATG,2026-07-15,07:00,"DWC, TLV",Cancelled,,departure,
ET 3767_2026-07-15,ET 3767,ETH,2026-07-15,07:10,LGG,Cancelled,,departure,
SR 815_2026-07-15,SR 815,XKY,2026-07-15,07:15,CRK,Dep 06:56,,departure,
SV 985_2026-07-15,SV 985,SVA,2026-07-15,07:20,RUH,Cancelled,,departure,
QR 8429_2026-07-15,QR 8429,QTR,2026-07-15,07:30,DOH,Dep 07:36,,departure,
MB 480_2026-07-15,MB 480,MNB,2026-07-15,08:10,SHJ,Dep 08:10,,departure,
CX 2075_2026-07-15,CX 2075,CPA,2026-07-15,08:15,SIN,Dep 09:16,,departure,
Y9 2564_2026-07-15,Y9 2564,SGA,2026-07-15,08:40,"DAC, DOH",Dep 11:06,,departure,
EK 9861_2026-07-15,EK 9861,UAE,2026-07-15,08:50,DWC,Dep 09:59,,departure,
5Y 8030_2026-07-15,5Y 8030,GTI,2026-07-15,08:50,"ANC, MIA",Dep 08:55,,departure,
SV 3025_2026-07-15,SV 3025,SVA,2026-07-15,09:20,JED,Cancelled,,departure,
3S 515_2026-07-15,3S 515,BOX,2026-07-15,09:20,LEJ,Dep 18:46,,departure,
KJ 952_2026-07-15,KJ 952,AIH,2026-07-15,09:20,ICN,Dep 13:29,,departure,
K4 704_2026-07-15,K4 704,CKS,2026-07-15,09:40,"DWC, TLV",Dep 11:13,,departure,
QY 657_2026-07-15,QY 657,BCS,2026-07-15,09:50,"DWC, LEJ",Dep 09:59,,departure,
O3 268_2026-07-15,O3 268,CSS,2026-07-15,09:55,NGB,Dep 09:50,,departure,
QY 517_2026-07-15,QY 517,BCS,2026-07-15,10:00,"DWC, LEJ",Dep 20:47,,departure,
5X 067_2026-07-15,5X 067,UPS,2026-07-15,10:15,"ANC, SDF",Dep 10:27,,departure,
CX 3174_2026-07-15,CX 3174,CPA,2026-07-15,10:25,"ANC, MIA, ATL",Dep 10:48,,departure,
CV 515_2026-07-15,CV 515,CLX,2026-07-15,10:35,"GYD, LUX",Dep 14:45,,departure,
CX 3241_2026-07-15,CX 3241,CPA,2026-07-15,10:45,CGK,Dep 11:32,,departure,
5X 003_2026-07-15,5X 003,UPS,2026-07-15,11:25,"BLR, CGN, PHL",Dep 11:34,,departure,
RH 371_2026-07-15,RH 371,HKC,2026-07-15,11:50,SIN,Dep 15:13,,departure,
T8 4715_2026-07-15,T8 4715,TVR,2026-07-15,12:00,DOH,Dep 16:28,,departure,
3V 400_2026-07-15,3V 400,TAY,2026-07-15,12:25,"DWC, LGG",Dep 21:47,,departure,
5Y 8131_2026-07-15,5Y 8131,GTI,2026-07-15,12:40,DEL,Cancelled,,departure,
CV 261_2026-07-15,CV 261,CLX,2026-07-15,12:55,"ANC, MIA, JFK, LUX",Dep 12:49,,departure,
KJ 970_2026-07-15,KJ 970,AIH,2026-07-15,13:15,ICN,Dep 14:47,,departure,
CX 3294_2026-07-15,CX 3294,CPA,2026-07-15,13:30,"ANC, JFK",Dep 14:26,,departure,
7L 148_2026-07-15,7L 148,AZG,2026-07-15,13:45,GYD,Dep 16:55,,departure,
5C 850_2026-07-15,5C 850,ICL,2026-07-15,13:50,"DWC, TLV",Dep 14:53,,departure,
EK 9859_2026-07-15,EK 9859,UAE,2026-07-15,14:00,DWC,Dep 19:39,,departure,
F5 7612_2026-07-15,F5 7612,ATG,2026-07-15,14:03,"DWC, TLV",Dep 16:08,,departure,
TK 6237_2026-07-15,TK 6237,THY,2026-07-15,14:05,IST,Dep 15:20,,departure,
K4 551_2026-07-15,K4 551,CKS,2026-07-15,14:15,"NRT, ORD",Dep 15:19,,departure,
CX 2086_2026-07-15,CX 2086,CPA,2026-07-15,14:25,"ANC, MIA",Dep 15:22,,departure,
WW 862_2026-07-15,WW 862,KXP,2026-07-15,14:45,KUL,Cancelled,,departure,
EK 9781_2026-07-15,EK 9781,UAE,2026-07-15,14:45,DWC,Dep 15:34,,departure,
2U 8011_2026-07-15,2U 8011,FKH,2026-07-15,14:50,NQZ,Dep 16:18,,departure,
QR 8465_2026-07-15,QR 8465,QTR,2026-07-15,14:50,DOH,Dep 15:40,,departure,
CX 045_2026-07-15,CX 045,CPA,2026-07-15,15:20,BOM,Dep 15:48,,departure,
KZ 206_2026-07-15,KZ 206,NCA,2026-07-15,15:30,NRT,Dep 16:36,,departure,
EY 9726_2026-07-15,EY 9726,ETD,2026-07-15,15:40,AUH,Dep 17:00,,departure,
RH 317_2026-07-15,RH 317,HKC,2026-07-15,15:55,HAN,Dep 06:43 (16/07/2026),,departure,
C6 7632_2026-07-15,C6 7632,MFX,2026-07-15,16:00,KHI,Cancelled,,departure,
5X 061_2026-07-15,5X 061,UPS,2026-07-15,16:05,"TPE, ANC, SDF",Dep 16:45,,departure,
P9 881_2026-07-15,P9 881,MGE,2026-07-15,16:10,GUM,Cancelled,,departure,
5X 166_2026-07-15,5X 166,UPS,2026-07-15,16:10,"SIN, SDF",Dep 17:26,,departure,
ET 3629_2026-07-15,ET 3629,ETH,2026-07-15,16:15,ADD,Dep 20:05,,departure,
CX 3037_2026-07-15,CX 3037,CPA,2026-07-15,16:15,HAN,Dep 18:47,,departure,
K4 270_2026-07-15,K4 270,CKS,2026-07-15,16:30,"DWC, LGG",Dep 18:24,,departure,
3S 519_2026-07-15,3S 519,BOX,2026-07-15,17:00,LEJ,Dep 18:35,,departure,
CX 041_2026-07-15,CX 041,CPA,2026-07-15,17:05,DEL,Dep 20:00,,departure,
7L 923_2026-07-15,7L 923,AZG,2026-07-15,17:20,GYD,Cancelled,,departure,
KE 8314_2026-07-15,KE 8314,KAL,2026-07-15,17:30,ICN,Dep 18:07,,departure,
SQ 7988_2026-07-15,SQ 7988,SIA,2026-07-15,17:35,"ANC, LAX",Dep 18:49,,departure,
RH 9457_2026-07-15,RH 9457,HKC,2026-07-15,18:20,DEL,Dep 09:37 (16/07/2026),,departure,
CT 131_2026-07-15,CT 131,AAE,2026-07-15,18:20,DWC,Cancelled,,departure,
7L 1923_2026-07-15,7L 1923,AZG,2026-07-15,18:20,GYD,Cancelled,,departure,
LH 8461_2026-07-15,LH 8461,GEC,2026-07-15,18:25,"IST, FRA",Dep 19:13,,departure,
7L 624_2026-07-15,7L 624,AZG,2026-07-15,18:25,GYD,Cancelled,,departure,
5Y 825_2026-07-15,5Y 825,GTI,2026-07-15,18:35,"ANC, MIA",Dep 20:02,,departure,
CX 3349_2026-07-15,CX 3349,CPA,2026-07-15,18:40,BKK,Dep 12:50 (16/07/2026),,departure,
CV 245_2026-07-15,CV 245,CLX,2026-07-15,18:55,"ANC, NLU",Dep 19:33,,departure,
5X 063_2026-07-15,5X 063,UPS,2026-07-15,19:05,"ANC, SDF",Dep 22:01,,departure,
CI 6844_2026-07-15,CI 6844,CAL,2026-07-15,19:20,TPE,Dep 20:35,,departure,
SQ 7861_2026-07-15,SQ 7861,SIA,2026-07-15,19:30,SIN,Dep 19:43,,departure,
WW 866_2026-07-15,WW 866,KXP,2026-07-15,19:35,HKG,Cancelled,,departure,
MH 6103_2026-07-15,MH 6103,MAS,2026-07-15,19:40,KUL,Dep 23:24 (16/07/2026),,departure,
AK 8546_2026-07-15,AK 8546,AXM,2026-07-15,19:45,KUL,Dep 23:00,,departure,
TH 641_2026-07-15,TH 641,RMY,2026-07-15,19:45,KUL,Dep 19:25,,departure,
FX 5991_2026-07-15,FX 5991,FDX,2026-07-15,19:50,"KIX, OAK",Dep 20:02,,departure,
5X 059_2026-07-15,5X 059,UPS,2026-07-15,19:50,"ANC, ONT",Dep 20:00,,departure,
CX 017_2026-07-15,CX 017,CPA,2026-07-15,20:00,MAA,Dep 20:18,,departure,
TK 6239_2026-07-15,TK 6239,THY,2026-07-15,20:15,"CIT, IST",Dep 11:42 (16/07/2026),,departure,
CX 090_2026-07-15,CX 090,CPA,2026-07-15,20:50,"ANC, ORD",Dep 01:18 (16/07/2026),,departure,
CI 5834_2026-07-15,CI 5834,CAL,2026-07-15,21:20,TPE,Dep 23:19,,departure,
RH 351_2026-07-15,RH 351,HKC,2026-07-15,21:20,MNL,Dep 22:29,,departure,
K4 233_2026-07-15,K4 233,CKS,2026-07-15,21:40,CVG,Dep 21:45,,departure,
AK 8535_2026-07-15,AK 8535,AXM,2026-07-15,21:55,KUL,Dep 13:49 (16/07/2026),,departure,
QR 8403_2026-07-15,QR 8403,QTR,2026-07-15,21:55,DOH,Dep 21:43,,departure,
QR 8479_2026-07-15,QR 8479,QTR,2026-07-15,22:00,DOH,Dep 23:29,,departure,
CX 037_2026-07-15,CX 037,CPA,2026-07-15,23:20,"DEL, CDG",Dep 00:41 (16/07/2026),,departure,
QF 7526_2026-07-15,QF 7526,QFA,2026-07-15,23:55,SYD,Dep 23:57,,departure,
CX 050_2026-07-15,CX 050,CPA,2026-07-15,23:55,PVG,Dep 04:25 (16/07/2026),,departure,
CX 2062_2026-07-15,CX 2062,CPA,2026-07-15,23:55,CTU,Dep 04:46 (16/07/2026),,departure,
RH 4568_2026-07-16,RH 4568,HKC,2026-07-16,00:15,TPE,Dep 11:07,,departure,
CP 514_2026-07-16,CP 514,LSI,2026-07-16,00:20,"ANC, MIA",Dep 00:32,,departure,
CV 531_2026-07-16,CV 531,CLX,2026-07-16,00:30,"ASB, LUX",Dep 06:48,,departure,
TK 6265_2026-07-16,TK 6265,THY,2026-07-16,00:35,IST,Dep 01:35,,departure,
CX 006_2026-07-16,CX 006,CPA,2026-07-16,00:50,NRT,Dep 01:08,,departure,
SV 963_2026-07-16,SV 963,SVA,2026-07-16,01:20,RUH,Dep 05:57,,departure,
CX 086_2026-07-16,CX 086,CPA,2026-07-16,01:30,"ANC, NLU",Dep 11:53,,departure,
KZ 202_2026-07-16,KZ 202,NCA,2026-07-16,02:25,NRT,Dep 02:37,,departure,
NH 8512_2026-07-16,NH 8512,ANA,2026-07-16,02:25,NRT,Dep 02:23,,departure,
KJ 972_2026-07-16,KJ 972,AIH,2026-07-16,02:40,ICN,Dep 02:30,,departure,
CI 5836_2026-07-16,CI 5836,CAL,2026-07-16,03:00,TPE,Dep 04:26,,departure,
CX 3254_2026-07-16,CX 3254,CPA,2026-07-16,03:10,PVG,Dep 05:04,,departure,
KE 314_2026-07-16,KE 314,KAL,2026-07-16,03:10,ICN,Dep 03:29,,departure,
LD 204_2026-07-16,LD 204,AHK,2026-07-16,03:15,KIX,Dep 03:37,,departure,
LD 128_2026-07-16,LD 128,AHK,2026-07-16,03:20,ICN,Dep 03:45,,departure,
BR 6536_2026-07-16,BR 6536,EVA,2026-07-16,03:20,TPE,Dep 04:05,,departure,
LD 208_2026-07-16,LD 208,AHK,2026-07-16,03:25,NRT,Dep 03:34,,departure,
LD 327_2026-07-16,LD 327,AHK,2026-07-16,03:25,SIN,Dep 03:54,,departure,
LD 768_2026-07-16,LD 768,AHK,2026-07-16,03:25,PEK,Dep 03:25,,departure,
LD 216_2026-07-16,LD 216,AHK,2026-07-16,03:30,NGO,Dep 03:54,,departure,
8K 526_2026-07-16,8K 526,KMI,2026-07-16,03:30,BKK,Dep 03:44,,departure,
LD 457_2026-07-16,LD 457,AHK,2026-07-16,03:35,"MNL, CEB",Dep 03:37,,departure,
LD 782_2026-07-16,LD 782,AHK,2026-07-16,03:40,PVG,Dep 03:47,,departure,
LD 831_2026-07-16,LD 831,AHK,2026-07-16,03:40,BKK,Dep 04:14,,departure,
LD 561_2026-07-16,LD 561,AHK,2026-07-16,03:45,SGN,Dep 03:56,,departure,
TH 3508_2026-07-16,TH 3508,RMY,2026-07-16,03:45,KUL,Dep 04:03,,departure,
3S 502_2026-07-16,3S 502,BOX,2026-07-16,04:00,LAX,Dep 04:37,,departure,
3Y 6011_2026-07-16,3Y 6011,MYU,2026-07-16,04:00,CGK,Dep 04:12,,departure,
QR 8433_2026-07-16,QR 8433,QTR,2026-07-16,04:00,DOH,Dep 01:57,,departure,
HJ 022_2026-07-16,HJ 022,TMN,2026-07-16,04:00,SYD,Dep 04:48,,departure,
LD 720_2026-07-16,LD 720,AHK,2026-07-16,04:05,CTU,Dep 04:05,,departure,
TH 3091_2026-07-16,TH 3091,RMY,2026-07-16,04:15,PEN,Dep 04:56,,departure,
EK 9785_2026-07-16,EK 9785,UAE,2026-07-16,04:15,DWC,Dep 04:38,,departure,
LD 680_2026-07-16,LD 680,AHK,2026-07-16,04:20,TPE,Dep 04:47,,departure,
RH 392_2026-07-16,RH 392,HKC,2026-07-16,04:50,"DEL, BUD",Cancelled,,departure,
3S 715_2026-07-16,3S 715,BOX,2026-07-16,05:35,"DXB, LEJ",Dep 06:51,,departure,
3S 733_2026-07-16,3S 733,BOX,2026-07-16,05:40,"BLR, LEJ",Dep 06:35,,departure,
ES 720_2026-07-16,ES 720,DHX,2026-07-16,05:40,BAH,Dep 06:12,,departure,
3S 525_2026-07-16,3S 525,BOX,2026-07-16,05:45,"BAH, LEJ",Dep 06:09,,departure,
EK 9835_2026-07-16,EK 9835,UAE,2026-07-16,05:45,DWC,Dep 06:13,,departure,
FX 5025_2026-07-16,FX 5025,FDX,2026-07-16,06:20,"IST, CDG, LGG, MEM",Dep 06:27,,departure,
K4 255_2026-07-16,K4 255,CKS,2026-07-16,06:40,"YHM, JFK, CVG",Dep 09:12,,departure,
D0 593_2026-07-16,D0 593,DHK,2026-07-16,06:40,"DEL, EMA",Dep 06:51,,departure,
K4 241_2026-07-16,K4 241,CKS,2026-07-16,07:00,"ANC, CVG",Dep 07:12,,departure,
RH 331_2026-07-16,RH 331,HKC,2026-07-16,07:00,BKK,Dep 14:04 (17/07/2026),,departure,
CK 264_2026-07-16,CK 264,CKK,2026-07-16,07:00,CKG,Dep 20:00,,departure,
MB 430_2026-07-16,MB 430,MNB,2026-07-16,07:10,"CRZ, IST",Dep 07:19,,departure,
SV 981_2026-07-16,SV 981,SVA,2026-07-16,07:20,RUH,Dep 09:21,,departure,
QR 8417_2026-07-16,QR 8417,QTR,2026-07-16,07:25,DOH,Dep 07:22,,departure,
5Y 8523_2026-07-16,5Y 8523,GTI,2026-07-16,07:30,"ANC, ORD",Dep 05:09 (17/07/2026),,departure,
SR 815_2026-07-16,SR 815,XKY,2026-07-16,07:30,CRK,Dep 07:41,,departure,
3S 507_2026-07-16,3S 507,BOX,2026-07-16,07:40,LEJ,Dep 07:54,,departure,
CX 3280_2026-07-16,CX 3280,CPA,2026-07-16,08:05,"ANC, LAX, PDX",Dep 10:47,,departure,
3S 503_2026-07-16,3S 503,BOX,2026-07-16,08:55,LEJ,Dep 10:52,,departure,
HE 807_2026-07-16,HE 807,HGO,2026-07-16,09:00,RUH,Dep 10:41,,departure,
CC 4800_2026-07-16,CC 4800,ABD,2026-07-16,09:20,"CMB, JNB",Cancelled,,departure,
QY 653_2026-07-16,QY 653,BCS,2026-07-16,09:50,"DWC, LEJ",Dep 09:56,,departure,
O3 268_2026-07-16,O3 268,CSS,2026-07-16,09:55,NGB,Dep 11:39,,departure,
CX 043_2026-07-16,CX 043,CPA,2026-07-16,10:10,DEL,Dep 16:07,,departure,
5X 067_2026-07-16,5X 067,UPS,2026-07-16,10:25,"ICN, ANC, SDF",Dep 11:30,,departure,
CV 976_2026-07-16,CV 976,CLX,2026-07-16,10:30,"GYD, LUX",Dep 11:58,,departure,
MP 9432_2026-07-16,MP 9432,MPH,2026-07-16,10:35,"GYD, AMS",Dep 12:29,,departure,
CT 182_2026-07-16,CT 182,AAE,2026-07-16,10:35,"HSA, LGG",Dep 12:37,,departure,
5C 852_2026-07-16,5C 852,ICL,2026-07-16,10:50,TLV,Dep 11:10,,departure,
BR 6530_2026-07-16,BR 6530,EVA,2026-07-16,11:05,TPE,Dep 12:48,,departure,
CI 5832_2026-07-16,CI 5832,CAL,2026-07-16,11:15,TPE,Dep 12:46,,departure,
EY 926_2026-07-16,EY 926,ETD,2026-07-16,11:15,AUH,Dep 11:46,,departure,
5X 003_2026-07-16,5X 003,UPS,2026-07-16,11:25,"BLR, CGN, PHL",Dep 11:20,,departure,
5Y 8030_2026-07-16,5Y 8030,GTI,2026-07-16,11:25,"ANC, MIA",Cancelled,,departure,
7L 625_2026-07-16,7L 625,AZG,2026-07-16,11:40,GYD,Dep 13:19,,departure,
RH 371_2026-07-16,RH 371,HKC,2026-07-16,11:50,SIN,Cancelled,,departure,
CX 036_2026-07-16,CX 036,CPA,2026-07-16,11:55,KIX,Dep 17:41,,departure,
T8 4704_2026-07-16,T8 4704,TVR,2026-07-16,12:00,SHJ,Dep 14:11,,departure,
QR 8427_2026-07-16,QR 8427,QTR,2026-07-16,12:10,DOH,Dep 13:07,,departure,
RH 962_2026-07-16,RH 962,HKC,2026-07-16,12:30,KIX,Dep 15:53,,departure,
KJ 968_2026-07-16,KJ 968,AIH,2026-07-16,12:45,ICN,Dep 14:13,,departure,
EK 9825_2026-07-16,EK 9825,UAE,2026-07-16,12:50,DWC,Dep 13:22,,departure,
SQ 7921_2026-07-16,SQ 7921,SIA,2026-07-16,13:10,SIN,Cancelled,,departure,
7L 1923_2026-07-16,7L 1923,AZG,2026-07-16,13:10,DWC,Dep 14:49,,departure,
EK 9837_2026-07-16,EK 9837,UAE,2026-07-16,13:15,DWC,Dep 14:42,,departure,
RH 9457_2026-07-16,RH 9457,HKC,2026-07-16,13:20,DEL,Dep 02:40 (17/07/2026),,departure,
CX 3298_2026-07-16,CX 3298,CPA,2026-07-16,13:50,"ANC, JFK",Dep 19:32,,departure,
3S 509_2026-07-16,3S 509,BOX,2026-07-16,14:15,LEJ,Dep 14:07,,departure,
EK 9841_2026-07-16,EK 9841,UAE,2026-07-16,14:30,DWC,Dep 16:18,,departure,
SQ 7952_2026-07-16,SQ 7952,SIA,2026-07-16,14:45,"ANC, DFW",Dep 17:09,,departure,
WW 862_2026-07-16,WW 862,KXP,2026-07-16,14:45,KUL,Cancelled,,departure,
5X 001_2026-07-16,5X 001,UPS,2026-07-16,15:40,"CGN, PHL",Dep 15:35,,departure,
ET 3685_2026-07-16,ET 3685,ETH,2026-07-16,15:45,ADD,Dep 18:38,,departure,
RH 317_2026-07-16,RH 317,HKC,2026-07-16,15:55,HAN,Dep 06:24 (17/07/2026),,departure,
CX 3243_2026-07-16,CX 3243,CPA,2026-07-16,16:05,HAN,Dep 03:23 (17/07/2026),,departure,
5X 061_2026-07-16,5X 061,UPS,2026-07-16,16:05,"TPE, ANC, SDF",Dep 16:34,,departure,
P9 881_2026-07-16,P9 881,MGE,2026-07-16,16:10,GUM,Dep 17:14,,departure,
5X 166_2026-07-16,5X 166,UPS,2026-07-16,16:10,"SIN, SDF",Dep 16:28,,departure,
KE 9314_2026-07-16,KE 9314,KAL,2026-07-16,16:55,ICN,Dep 16:55,,departure,
3S 519_2026-07-16,3S 519,BOX,2026-07-16,17:00,LEJ,Dep 17:07,,departure,
5Y 654_2026-07-16,5Y 654,GTI,2026-07-16,17:25,"ICN, ANC, ORD",Dep 17:34,,departure,
QR 8471_2026-07-16,QR 8471,QTR,2026-07-16,17:45,DOH,Dep 19:16,,departure,
MH 6119_2026-07-16,MH 6119,MAS,2026-07-16,18:10,KUL,Dep 14:51 (17/07/2026),,departure,
LH 8461_2026-07-16,LH 8461,GEC,2026-07-16,18:25,"IST, FRA",Dep 18:28,,departure,
CX 2047_2026-07-16,CX 2047,CPA,2026-07-16,18:30,MAA,Dep 20:22,,departure,
5X 063_2026-07-16,5X 063,UPS,2026-07-16,19:05,"ANC, SDF",Dep 19:20,,departure,
CI 5838_2026-07-16,CI 5838,CAL,2026-07-16,19:20,TPE,Dep 20:31,,departure,
TH 641_2026-07-16,TH 641,RMY,2026-07-16,19:30,KUL,Dep 18:55,,departure,
CV 287_2026-07-16,CV 287,CLX,2026-07-16,19:35,"ANC, DFW, MIA",Dep 23:36,,departure,
AK 8542_2026-07-16,AK 8542,AXM,2026-07-16,19:45,KUL,Dep 21:02,,departure,
FX 5991_2026-07-16,FX 5991,FDX,2026-07-16,19:50,"KIX, OAK",Dep 19:49,,departure,
5X 059_2026-07-16,5X 059,UPS,2026-07-16,19:50,"ANC, ONT",Dep 19:45,,departure,
C8 782_2026-07-16,C8 782,ICV,2026-07-16,20:00,"ASB, MXP",Dep 19:43,,departure,
CX 056_2026-07-16,CX 056,CPA,2026-07-16,20:25,PVG,Dep 18:48 (17/07/2026),,departure,
7L 147_2026-07-16,7L 147,AZG,2026-07-16,20:25,GYD,Cancelled,,departure,
CX 054_2026-07-16,CX 054,CPA,2026-07-16,20:45,"CGO, PVG",Dep 06:28 (17/07/2026),,departure,
2U 8612_2026-07-16,2U 8612,FKH,2026-07-16,21:10,DOH,Dep 00:27 (17/07/2026),,departure,
RH 351_2026-07-16,RH 351,HKC,2026-07-16,21:20,MNL,Dep 22:41,,departure,
7L 692_2026-07-16,7L 692,AZG,2026-07-16,21:20,GYD,Cancelled,,departure,
QR 8413_2026-07-16,QR 8413,QTR,2026-07-16,21:30,DOH,Dep 23:18,,departure,
D0 009_2026-07-16,D0 009,DHK,2026-07-16,21:40,CVG,Dep 22:17,,departure,
EK 9925_2026-07-16,EK 9925,UAE,2026-07-16,22:45,"ANC, LAX",Cancelled,,departure,
ET 3785_2026-07-17,ET 3785,ETH,2026-07-17,00:00,"MCT, MAD",Cancelled,,departure,
CX 2094_2026-07-17,CX 2094,CPA,2026-07-17,00:10,"ANC, ORD",Dep 06:19,,departure,
RH 4568_2026-07-17,RH 4568,HKC,2026-07-17,00:15,TPE,Dep 03:00,,departure,
RH 829_2026-07-17,RH 829,HKC,2026-07-17,00:15,PVG,Dep 04:31,,departure,
QR 8401_2026-07-17,QR 8401,QTR,2026-07-17,00:30,DOH,Dep 01:08,,departure,
CX 006_2026-07-17,CX 006,CPA,2026-07-17,00:50,NRT,Dep 12:57,,departure,
TH 671_2026-07-17,TH 671,RMY,2026-07-17,01:00,KUL,Dep 01:01,,departure,
CX 096_2026-07-17,CX 096,CPA,2026-07-17,01:30,"ANC, NLU",Dep 08:40,,departure,
SV 987_2026-07-17,SV 987,SVA,2026-07-17,02:00,RUH,Dep 13:05,,departure,
KZ 202_2026-07-17,KZ 202,NCA,2026-07-17,02:25,NRT,Dep 03:13,,departure,
KJ 974_2026-07-17,KJ 974,AIH,2026-07-17,02:40,ICN,Dep 02:30,,departure,
CI 5826_2026-07-17,CI 5826,CAL,2026-07-17,03:00,TPE,Dep 04:05,,departure,
CX 3031_2026-07-17,CX 3031,CPA,2026-07-17,03:00,AMS,Dep 03:12,,departure,
KE 314_2026-07-17,KE 314,KAL,2026-07-17,03:10,ICN,Dep 03:04,,departure,
LD 204_2026-07-17,LD 204,AHK,2026-07-17,03:15,KIX,Dep 03:24,,departure,
LD 128_2026-07-17,LD 128,AHK,2026-07-17,03:20,ICN,Dep 03:27,,departure,
BR 6538_2026-07-17,BR 6538,EVA,2026-07-17,03:20,TPE,Dep 02:56,,departure,
LD 208_2026-07-17,LD 208,AHK,2026-07-17,03:25,NRT,Dep 04:09,,departure,
LD 327_2026-07-17,LD 327,AHK,2026-07-17,03:25,SIN,Dep 03:48,,departure,
LD 768_2026-07-17,LD 768,AHK,2026-07-17,03:25,PEK,Dep 03:40,,departure,
LD 216_2026-07-17,LD 216,AHK,2026-07-17,03:30,NGO,Dep 03:48,,departure,
8K 526_2026-07-17,8K 526,KMI,2026-07-17,03:30,BKK,Dep 03:27,,departure,
LD 457_2026-07-17,LD 457,AHK,2026-07-17,03:35,"MNL, CEB",Dep 03:56,,departure,
LD 782_2026-07-17,LD 782,AHK,2026-07-17,03:40,PVG,Dep 04:08,,departure,
LD 831_2026-07-17,LD 831,AHK,2026-07-17,03:40,BKK,Dep 03:55,,departure,
LD 561_2026-07-17,LD 561,AHK,2026-07-17,03:45,SGN,Dep 04:05,,departure,
TH 3508_2026-07-17,TH 3508,RMY,2026-07-17,03:45,KUL,Dep 03:47,,departure,
NH 8512_2026-07-17,NH 8512,ANA,2026-07-17,03:50,NRT,Dep 04:16,,departure,
3S 500_2026-07-17,3S 500,BOX,2026-07-17,04:00,LAX,Dep 04:35,,departure,
3Y 6011_2026-07-17,3Y 6011,MYU,2026-07-17,04:00,CGK,Dep 04:53,,departure,
LD 720_2026-07-17,LD 720,AHK,2026-07-17,04:05,CTU,Dep 04:16,,departure,
CX 072_2026-07-17,CX 072,CPA,2026-07-17,04:10,"ANC, MIA",Dep 05:13,,departure,
QR 8407_2026-07-17,QR 8407,QTR,2026-07-17,04:10,DOH,Dep 04:47,,departure,
TH 3091_2026-07-17,TH 3091,RMY,2026-07-17,04:15,PEN,Dep 04:39,,departure,
LD 680_2026-07-17,LD 680,AHK,2026-07-17,04:20,TPE,Dep 04:59,,departure,
QR 8415_2026-07-17,QR 8415,QTR,2026-07-17,05:30,DOH,Dep 07:07,,departure,
3S 713_2026-07-17,3S 713,BOX,2026-07-17,05:35,"DXB, LEJ",Dep 06:48,,departure,
3S 735_2026-07-17,3S 735,BOX,2026-07-17,05:40,"BLR, LEJ",Dep 06:22,,departure,
ES 728_2026-07-17,ES 728,DHX,2026-07-17,05:40,BAH,Dep 05:41,,departure,
3S 523_2026-07-17,3S 523,BOX,2026-07-17,05:45,"BAH, LEJ",Dep 06:30,,departure,
FX 5217_2026-07-17,FX 5217,FDX,2026-07-17,06:05,"IST, CDG, MXP, MEM",Dep 05:59,,departure,
D0 591_2026-07-17,D0 591,DHK,2026-07-17,06:40,"DEL, EMA",Dep 08:13,,departure,
CX 2058_2026-07-17,CX 2058,CPA,2026-07-17,06:45,PVG,Dep 13:56,,departure,
ET 3035_2026-07-17,ET 3035,ETH,2026-07-17,06:55,ADD,Cancelled,,departure,
QR 8409_2026-07-17,QR 8409,QTR,2026-07-17,06:55,DOH,Dep 07:26,,departure,
K4 243_2026-07-17,K4 243,CKS,2026-07-17,07:00,"ANC, MIA",Dep 07:06,,departure,
RH 331_2026-07-17,RH 331,HKC,2026-07-17,07:00,BKK,Dep 17:10 (18/07/2026),,departure,
CC 4600_2026-07-17,CC 4600,ABD,2026-07-17,07:00,"CMB, JNB",Cancelled,,departure,
QR 8411_2026-07-17,QR 8411,QTR,2026-07-17,07:00,DOH,Dep 06:58,,departure,
5Y 5528_2026-07-17,5Y 5528,GTI,2026-07-17,07:00,ICN,Cancelled,,departure,
K4 209_2026-07-17,K4 209,CKS,2026-07-17,07:05,"ANC, CVG",Dep 07:04,,departure,
CX 037_2026-07-17,CX 037,CPA,2026-07-17,07:05,"BLR, LHR",Dep 07:14,,departure,
K4 272_2026-07-17,K4 272,CKS,2026-07-17,07:15,"DWC, LGG",Dep 07:17,,departure,
EK 9843_2026-07-17,EK 9843,UAE,2026-07-17,07:15,DWC,Dep 10:33,,departure,
SR 815_2026-07-17,SR 815,XKY,2026-07-17,07:30,CRK,Dep 07:12,,departure,
CI 6842_2026-07-17,CI 6842,CAL,2026-07-17,07:35,TPE,Dep 07:55,,departure,
3S 703_2026-07-17,3S 703,BOX,2026-07-17,07:40,LEJ,Dep 08:02,,departure,
O3 152_2026-07-17,O3 152,CSS,2026-07-17,07:55,EHU,Dep 08:06,,departure,
3S 580_2026-07-17,3S 580,BOX,2026-07-17,09:00,CVG,Dep 09:07,,departure,
F5 7615_2026-07-17,F5 7615,ATG,2026-07-17,09:00,"DWC, TLV",Cancelled,,departure,
QY 657_2026-07-17,QY 657,BCS,2026-07-17,09:50,"DWC, LEJ",Cancelled,,departure,
O3 268_2026-07-17,O3 268,CSS,2026-07-17,09:55,NGB,Dep 09:38,,departure,
QY 517_2026-07-17,QY 517,BCS,2026-07-17,10:00,"DWC, LEJ",Dep 12:33,,departure,
CX 2073_2026-07-17,CX 2073,CPA,2026-07-17,10:05,SIN,Dep 12:18,,departure,
CV 913_2026-07-17,CV 913,CLX,2026-07-17,10:15,"GYD, LUX",Dep 14:43,,departure,
QR 8435_2026-07-17,QR 8435,QTR,2026-07-17,10:15,DOH,Dep 11:18,,departure,
EY 932_2026-07-17,EY 932,ETD,2026-07-17,10:25,AUH,Dep 11:46,,departure,
3S 503_2026-07-17,3S 503,BOX,2026-07-17,10:50,LEJ,Cancelled,,departure,
EK 9791_2026-07-17,EK 9791,UAE,2026-07-17,10:55,DWC,Dep 13:45,,departure,
5X 003_2026-07-17,5X 003,UPS,2026-07-17,11:25,"BLR, CGN, PHL",Dep 11:34,,departure,
CV 272_2026-07-17,CV 272,CLX,2026-07-17,11:40,"ANC, ORD",Dep 12:04,,departure,
RH 371_2026-07-17,RH 371,HKC,2026-07-17,11:50,SIN,Dep 10:32,,departure,
QR 8405_2026-07-17,QR 8405,QTR,2026-07-17,11:55,DOH,Dep 21:43,,departure,
T8 4726_2026-07-17,T8 4726,TVR,2026-07-17,12:00,DMM,Dep 12:10,,departure,
RH 9457_2026-07-17,RH 9457,HKC,2026-07-17,12:00,DEL,Dep 00:08 (18/07/2026),,departure,
3V 400_2026-07-17,3V 400,TAY,2026-07-17,12:25,"DWC, LGG",Dep 13:19,,departure,
5C 852_2026-07-17,5C 852,ICL,2026-07-17,12:30,TLV,Dep 12:34,,departure,
KJ 970_2026-07-17,KJ 970,AIH,2026-07-17,13:15,ICN,Dep 14:26,,departure,
7L 629_2026-07-17,7L 629,AZG,2026-07-17,14:00,GYD,Dep 16:25,,departure,
RH 9375_2026-07-17,RH 9375,HKC,2026-07-17,14:00,MAA,Dep 16:16,,departure,
7L 1412_2026-07-17,7L 1412,AZG,2026-07-17,14:00,GYD,Cancelled,,departure,
K4 551_2026-07-17,K4 551,CKS,2026-07-17,14:15,"NRT, ANC, ORD",Dep 14:18,,departure,
TK 6259_2026-07-17,TK 6259,THY,2026-07-17,14:20,IST,Dep 15:30,,departure,
5X 1931_2026-07-17,5X 1931,UPS,2026-07-17,14:20,"ANC, SDF",Dep 00:00 (18/07/2026),,departure,
CX 039_2026-07-17,CX 039,CPA,2026-07-17,14:45,BOM,Dep 10:08 (18/07/2026),,departure,
EK 9853_2026-07-17,EK 9853,UAE,2026-07-17,14:45,DWC,Dep 15:35,,departure,
WW 862_2026-07-17,WW 862,KXP,2026-07-17,15:20,KUL,Cancelled,,departure,
KE 8314_2026-07-17,KE 8314,KAL,2026-07-17,15:50,ICN,Dep 15:19,,departure,
5Y 612_2026-07-17,5Y 612,GTI,2026-07-17,15:55,"ANC, HSV, MIA",Dep 07:15 (18/07/2026),,departure,
RH 317_2026-07-17,RH 317,HKC,2026-07-17,15:55,HAN,Dep 10:11 (18/07/2026),,departure,
CX 094_2026-07-17,CX 094,CPA,2026-07-17,16:00,"ANC, JFK",Dep 10:28 (18/07/2026),,departure,
5X 061_2026-07-17,5X 061,UPS,2026-07-17,16:05,"TPE, ANC, SDF",Dep 16:03,,departure,
P9 881_2026-07-17,P9 881,MGE,2026-07-17,16:10,GUM,Dep 06:44 (18/07/2026),,departure,
TK 6321_2026-07-17,TK 6321,THY,2026-07-17,16:25,IST,Dep 04:25 (18/07/2026),,departure,
5X 169_2026-07-17,5X 169,UPS,2026-07-17,16:25,"SIN, SDF",Dep 17:01,,departure,
3S 519_2026-07-17,3S 519,BOX,2026-07-17,16:45,LEJ,Dep 17:10,,departure,
EK 9413_2026-07-17,EK 9413,UAE,2026-07-17,16:45,DWC,Dep 19:07,,departure,
CX 2049_2026-07-17,CX 2049,CPA,2026-07-17,16:55,HAN,Dep 16:51,,departure,
QR 8475_2026-07-17,QR 8475,QTR,2026-07-17,17:15,DOH,Dep 20:54,,departure,
5Y 8139_2026-07-17,5Y 8139,GTI,2026-07-17,17:55,"DEL, ANC",Dep 18:00,,departure,
Z7 322_2026-07-17,Z7 322,CMS,2026-07-17,18:00,"CCU, TBS",Dep 18:15,,departure,
CX 2026_2026-07-17,CX 2026,CPA,2026-07-17,18:05,TPE,Dep 20:23,,departure,
7L 247_2026-07-17,7L 247,AZG,2026-07-17,18:10,GYD,Cancelled,,departure,
EK 9847_2026-07-17,EK 9847,UAE,2026-07-17,18:25,DWC,Dep 18:26,,departure,
SV 3021_2026-07-17,SV 3021,SVA,2026-07-17,18:35,"RUH, BUD",Dep 19:12,,departure,
7L 572_2026-07-17,7L 572,AZG,2026-07-17,18:35,"DWC, AMM",Dep 14:11,,departure,
2C 561_2026-07-17,2C 561,CMA,2026-07-17,18:45,"NVI, CDG",Dep 19:04,,departure,
SQ 7859_2026-07-17,SQ 7859,SIA,2026-07-17,18:55,SIN,Dep 18:28,,departure,
F5 6516_2026-07-17,F5 6516,ATG,2026-07-17,19:00,SHJ,Dep 10:31,,departure,
CI 6844_2026-07-17,CI 6844,CAL,2026-07-17,19:20,TPE,Dep 21:13,,departure,
5X 063_2026-07-17,5X 063,UPS,2026-07-17,19:25,"ANC, SDF",Dep 20:11,,departure,
TH 641_2026-07-17,TH 641,RMY,2026-07-17,19:30,KUL,Dep 18:37,,departure,
QR 8423_2026-07-17,QR 8423,QTR,2026-07-17,19:30,DOH,Dep 21:52,,departure,
WW 866_2026-07-17,WW 866,KXP,2026-07-17,19:35,HKG,Cancelled,,departure,
AK 8542_2026-07-17,AK 8542,AXM,2026-07-17,19:45,KUL,Dep 21:16,,departure,
SV 977_2026-07-17,SV 977,SVA,2026-07-17,19:45,JED,Cancelled,,departure,
5X 059_2026-07-17,5X 059,UPS,2026-07-17,19:45,"ANC, ONT",Dep 19:48,,departure,
FX 5991_2026-07-17,FX 5991,FDX,2026-07-17,19:50,"KIX, OKA, MEM",Dep 19:51,,departure,
N8 524_2026-07-17,N8 524,NCR,2026-07-17,20:00,"AUH, KWI",Dep 07:46 (18/07/2026),,departure,
SQ 7354_2026-07-17,SQ 7354,SIA,2026-07-17,20:05,"MAA, BRU",Cancelled,,departure,
ET 3769_2026-07-17,ET 3769,ETH,2026-07-17,20:15,"EMA, ADD",Dep 20:34,,departure,
K4 702_2026-07-17,K4 702,CKS,2026-07-17,20:25,"DWC, TLV",Dep 21:51,,departure,
CX 3147_2026-07-17,CX 3147,CPA,2026-07-17,21:00,HAN,Dep 07:07 (18/07/2026),,departure,
CX 090_2026-07-17,CX 090,CPA,2026-07-17,21:05,"ANC, LAX, DFW",Dep 05:06 (18/07/2026),,departure,
RH 351_2026-07-17,RH 351,HKC,2026-07-17,21:20,MNL,Dep 22:31,,departure,
EK 9775_2026-07-17,EK 9775,UAE,2026-07-17,21:25,DWC,Dep 23:09,,departure,
Y9 2562_2026-07-17,Y9 2562,SGA,2026-07-17,21:30,"DAC, DWC",Dep 23:08,,departure,
CV 293_2026-07-17,CV 293,CLX,2026-07-17,21:45,"ANC, NLU",Dep 21:32,,departure,
MH 6113_2026-07-17,MH 6113,MAS,2026-07-17,21:50,KUL,Dep 21:01 (18/07/2026),,departure,
HJ 022_2026-07-17,HJ 022,TMN,2026-07-17,22:35,SYD,Dep 23:06,,departure,
C6 7634_2026-07-17,C6 7634,MFX,2026-07-17,23:00,TAS,Cancelled,,departure,
QF 7526_2026-07-17,QF 7526,QFA,2026-07-17,23:55,SYD,Dep 23:58,,departure,
CX 3272_2026-07-18,CX 3272,CPA,2026-07-18,00:05,"ANC, MIA, ATL",Dep 01:43,,departure,
RH 4568_2026-07-18,RH 4568,HKC,2026-07-18,00:15,TPE,Dep 01:15,,departure,
CX 006_2026-07-18,CX 006,CPA,2026-07-18,00:50,NRT,Dep 01:13,,departure,
CX 086_2026-07-18,CX 086,CPA,2026-07-18,01:30,"ANC, NLU",Dep 08:58,,departure,
KJ 972_2026-07-18,KJ 972,AIH,2026-07-18,02:20,ICN,Cancelled,,departure,
KZ 202_2026-07-18,KZ 202,NCA,2026-07-18,02:25,NRT,Dep 02:30,,departure,
NH 8512_2026-07-18,NH 8512,ANA,2026-07-18,02:25,NRT,Dep 02:18,,departure,
CX 056_2026-07-18,CX 056,CPA,2026-07-18,02:40,PVG,Dep 09:11,,departure,
ET 3219_2026-07-18,ET 3219,ETH,2026-07-18,02:40,ADD,Dep 15:25 (19/07/2026),,departure,
CI 5836_2026-07-18,CI 5836,CAL,2026-07-18,03:00,TPE,Dep 02:47,,departure,
KE 314_2026-07-18,KE 314,KAL,2026-07-18,03:10,ICN,Dep 02:43,,departure,
BR 6536_2026-07-18,BR 6536,EVA,2026-07-18,03:20,TPE,Dep 03:49,,departure,
HE 809_2026-07-18,HE 809,HGO,2026-07-18,03:30,OTP,Dep 03:34,,departure,
LD 457_2026-07-18,LD 457,AHK,2026-07-18,03:35,"MNL, CEB",Dep 03:55,,departure,
QR 8421_2026-07-18,QR 8421,QTR,2026-07-18,03:35,DOH,Dep 03:23,,departure,
8K 526_2026-07-18,8K 526,KMI,2026-07-18,03:40,BKK,Dep 03:42,,departure,
LD 591_2026-07-18,LD 591,AHK,2026-07-18,03:45,PEN,Dep 03:42,,departure,
LD 128_2026-07-18,LD 128,AHK,2026-07-18,03:50,ICN,Dep 03:47,,departure,
LD 208_2026-07-18,LD 208,AHK,2026-07-18,03:55,NRT,Dep 04:02,,departure,
CX 050_2026-07-18,CX 050,CPA,2026-07-18,04:00,CGO,Dep 05:39,,departure,
SV 973_2026-07-18,SV 973,SVA,2026-07-18,04:00,RUH,Dep 04:11 (19/07/2026),,departure,
LD 831_2026-07-18,LD 831,AHK,2026-07-18,04:05,BKK,Dep 04:46,,departure,
SV 983_2026-07-18,SV 983,SVA,2026-07-18,04:05,RUH,Dep 04:17,,departure,
SQ 7412_2026-07-18,SQ 7412,SIA,2026-07-18,04:05,"NGO, CVG",Dep 03:52,,departure,
LD 782_2026-07-18,LD 782,AHK,2026-07-18,04:15,PVG,Dep 04:09,,departure,
LD 317_2026-07-18,LD 317,AHK,2026-07-18,04:35,SIN,Dep 04:34,,departure,
CV 352_2026-07-18,CV 352,CLX,2026-07-18,04:40,"GYD, LUX",Dep 05:27,,departure,
LD 680_2026-07-18,LD 680,AHK,2026-07-18,04:45,TPE,Dep 04:41,,departure,
CX 061_2026-07-18,CX 061,CPA,2026-07-18,05:00,"BLR, FRA",Dep 05:08,,departure,
3S 715_2026-07-18,3S 715,BOX,2026-07-18,05:35,"DXB, LEJ",Dep 06:00,,departure,
EK 9831_2026-07-18,EK 9831,UAE,2026-07-18,05:35,DWC,Dep 06:22,,departure,
3S 733_2026-07-18,3S 733,BOX,2026-07-18,05:40,"BLR, LEJ",Dep 06:04,,departure,
ES 720_2026-07-18,ES 720,DHX,2026-07-18,05:40,BAH,Dep 06:16,,departure,
3S 545_2026-07-18,3S 545,BOX,2026-07-18,05:55,"BRU, FRA",Dep 06:18,,departure,
K4 287_2026-07-18,K4 287,CKS,2026-07-18,06:00,"LAX, LEJ",Dep 06:06,,departure,
FX 021_2026-07-18,FX 021,FDX,2026-07-18,06:05,"IST, CDG, MXP, MEM",Dep 05:52,,departure,
RH 392_2026-07-18,RH 392,HKC,2026-07-18,06:05,"DEL, BUD",Cancelled,,departure,
2U 8021_2026-07-18,2U 8021,FKH,2026-07-18,06:45,"NQZ, RIX",Cancelled,,departure,
K4 232_2026-07-18,K4 232,CKS,2026-07-18,06:50,"BAH, LEJ, EMA, CVG",Dep 10:24,,departure,
K4 253_2026-07-18,K4 253,CKS,2026-07-18,06:55,"ANC, JFK, CVG",Dep 06:58,,departure,
K4 241_2026-07-18,K4 241,CKS,2026-07-18,07:00,"ANC, MIA, CVG",Dep 07:20,,departure,
N8 548_2026-07-18,N8 548,NCR,2026-07-18,07:00,RUH,Dep 15:03,,departure,
CK 264_2026-07-18,CK 264,CKK,2026-07-18,07:00,"CKG, PVG",Dep 11:09,,departure,
CT 124_2026-07-18,CT 124,AAE,2026-07-18,07:00,DWC,Cancelled,,departure,
F5 6516_2026-07-18,F5 6516,ATG,2026-07-18,07:00,SHJ,Cancelled,,departure,
CC 3575_2026-07-18,CC 3575,ABD,2026-07-18,07:00,"CMB, JNB",Dep 21:08,,departure,
ET 3601_2026-07-18,ET 3601,ETH,2026-07-18,07:10,ADD,Cancelled,,departure,
CV 708_2026-07-18,CV 708,CLX,2026-07-18,07:20,"GYD, BUD, LUX",Cancelled,,departure,
3S 723_2026-07-18,3S 723,BOX,2026-07-18,07:30,"DEL, FRA",Dep 07:56,,departure,
SR 815_2026-07-18,SR 815,XKY,2026-07-18,07:30,CRK,Dep 07:14,,departure,
HJ 026_2026-07-18,HJ 026,TMN,2026-07-18,07:30,SYD,Dep 07:27,,departure,
CX 3549_2026-07-18,CX 3549,CPA,2026-07-18,08:05,BKK,Dep 08:08,,departure,
CX 3073_2026-07-18,CX 3073,CPA,2026-07-18,08:20,PEN,Dep 08:20,,departure,
QR 8403_2026-07-18,QR 8403,QTR,2026-07-18,08:40,DOH,Dep 12:00,,departure,
RH 9489_2026-07-18,RH 9489,HKC,2026-07-18,08:45,"ALA, IST",Dep 13:41,,departure,
MB 502_2026-07-18,MB 502,MNB,2026-07-18,08:55,"SHJ, IST",Cancelled,,departure,
KJ 952_2026-07-18,KJ 952,AIH,2026-07-18,09:20,ICN,Dep 09:35,,departure,
EK 9833_2026-07-18,EK 9833,UAE,2026-07-18,09:40,DWC,Dep 09:53,,departure,
CV 251_2026-07-18,CV 251,CLX,2026-07-18,09:55,"ANC, DFW",Dep 11:50,,departure,
O3 268_2026-07-18,O3 268,CSS,2026-07-18,09:55,NGB,Dep 09:42,,departure,
RH 6651_2026-07-18,RH 6651,HKC,2026-07-18,09:55,DAC,Dep 18:32,,departure,
TK 6241_2026-07-18,TK 6241,THY,2026-07-18,10:20,IST,Dep 10:33,,departure,
LH 8461_2026-07-18,LH 8461,GEC,2026-07-18,10:20,"IST, FRA",Dep 10:16,,departure,
SQ 7980_2026-07-18,SQ 7980,SIA,2026-07-18,10:30,"ANC, DFW",Dep 10:50,,departure,
CV 292_2026-07-18,CV 292,CLX,2026-07-18,10:30,"GYD, LUX",Dep 10:41,,departure,
N8 515_2026-07-18,N8 515,NCR,2026-07-18,11:00,"AUH, TLV",Dep 12:05,,departure,
BR 6522_2026-07-18,BR 6522,EVA,2026-07-18,11:05,TPE,Dep 11:50,,departure,
MB 382_2026-07-18,MB 382,MNB,2026-07-18,11:10,"SHJ, IST",Dep 02:38 (19/07/2026),,departure,
5Y 638_2026-07-18,5Y 638,GTI,2026-07-18,11:25,"ANC, LAX",Cancelled,,departure,
RH 371_2026-07-18,RH 371,HKC,2026-07-18,11:50,SIN,Dep 09:36,,departure,
CX 036_2026-07-18,CX 036,CPA,2026-07-18,11:55,KIX,Dep 04:14 (19/07/2026),,departure,
T8 4726_2026-07-18,T8 4726,TVR,2026-07-18,12:00,DMM,Dep 11:50,,departure,
CX 084_2026-07-18,CX 084,CPA,2026-07-18,12:10,"ANC, LAX, PDX",Dep 23:58,,departure,
5Y 8052_2026-07-18,5Y 8052,GTI,2026-07-18,12:30,"ANC, MIA",Dep 13:48,,departure,
CT 4800_2026-07-18,CT 4800,AAE,2026-07-18,12:45,"CMB, JNB",Cancelled,,departure,
KJ 968_2026-07-18,KJ 968,AIH,2026-07-18,12:45,ICN,Dep 14:03,,departure,
CX 049_2026-07-18,CX 049,CPA,2026-07-18,13:15,DAC,Dep 15:18,,departure,
CT 184_2026-07-18,CT 184,AAE,2026-07-18,13:35,"HSA, LGG",Dep 15:08 (19/07/2026),,departure,
MH 6105_2026-07-18,MH 6105,MAS,2026-07-18,14:00,KUL,Dep 12:24 (19/07/2026),,departure,
CX 3241_2026-07-18,CX 3241,CPA,2026-07-18,14:30,DEL,Dep 14:34,,departure,
WW 862_2026-07-18,WW 862,KXP,2026-07-18,14:45,KUL,Cancelled,,departure,
5X 069_2026-07-18,5X 069,UPS,2026-07-18,14:55,"ANC, SDF",Cancelled,,departure,
EK 9845_2026-07-18,EK 9845,UAE,2026-07-18,15:40,DWC,Dep 16:32,,departure,
RH 317_2026-07-18,RH 317,HKC,2026-07-18,15:55,HAN,Dep 09:24 (19/07/2026),,departure,
CX 080_2026-07-18,CX 080,CPA,2026-07-18,16:05,"ANC, ORD",Dep 06:22 (19/07/2026),,departure,
EY 926_2026-07-18,EY 926,ETD,2026-07-18,16:10,AUH,Dep 20:22,,departure,
5C 858_2026-07-18,5C 858,ICL,2026-07-18,16:20,"DWC, TLV",Dep 16:04,,departure,
CX 3296_2026-07-18,CX 3296,CPA,2026-07-18,16:30,"ANC, JFK",Cancelled,,departure,
MP 9452_2026-07-18,MP 9452,MPH,2026-07-18,16:30,"GYD, AMS",Dep 19:03,,departure,
EK 9793_2026-07-18,EK 9793,UAE,2026-07-18,16:50,DWC,Dep 17:38,,departure,
QR 8473_2026-07-18,QR 8473,QTR,2026-07-18,17:00,DOH,Dep 17:39,,departure,
5Y 8137_2026-07-18,5Y 8137,GTI,2026-07-18,17:15,"DEL, ANC",Dep 23:02,,departure,
C8 762_2026-07-18,C8 762,ICV,2026-07-18,17:25,"ASB, MXP",Dep 17:17,,departure,
KE 9314_2026-07-18,KE 9314,KAL,2026-07-18,17:30,ICN,Dep 16:49,,departure,
TH 641_2026-07-18,TH 641,RMY,2026-07-18,17:50,KUL,Dep 18:40,,departure,
TE 702_2026-07-18,TE 702,IGA,2026-07-18,18:00,ALA,Dep 03:22 (19/07/2026),,departure,
CV 9936_2026-07-18,CV 9936,CLX,2026-07-18,18:20,"GYD, LUX",Cancelled,,departure,
7L 624_2026-07-18,7L 624,AZG,2026-07-18,18:25,GYD,Cancelled,,departure,
EK 9841_2026-07-18,EK 9841,UAE,2026-07-18,18:25,DWC,Dep 19:04,,departure,
TK 6227_2026-07-18,TK 6227,THY,2026-07-18,18:35,IST,Dep 18:59,,departure,
CI 5824_2026-07-18,CI 5824,CAL,2026-07-18,18:50,TPE,Dep 19:12,,departure,
CI 5838_2026-07-18,CI 5838,CAL,2026-07-18,19:20,TPE,Dep 23:14,,departure,
2C 575_2026-07-18,2C 575,CMA,2026-07-18,19:25,"NVI, CDG",Dep 19:12,,departure,
CP 118_2026-07-18,CP 118,LSI,2026-07-18,19:35,"GYD, MXP",Cancelled,,departure,
AK 8546_2026-07-18,AK 8546,AXM,2026-07-18,19:45,KUL,Dep 20:57,,departure,
SQ 7867_2026-07-18,SQ 7867,SIA,2026-07-18,19:45,SIN,Dep 19:25,,departure,
CX 067_2026-07-18,CX 067,CPA,2026-07-18,19:55,"MAA, FRA",Dep 20:35,,departure,
5C 852_2026-07-18,5C 852,ICL,2026-07-18,20:10,TLV,Dep 11:01 (19/07/2026),,departure,
3S 637_2026-07-18,3S 637,BOX,2026-07-18,20:15,"DWC, FRA",Dep 20:23,,departure,
FX 5012_2026-07-18,FX 5012,FDX,2026-07-18,20:45,"ANC, MEM",Dep 20:26,,departure,
5X 059_2026-07-18,5X 059,UPS,2026-07-18,21:00,"ANC, ONT",Dep 20:43,,departure,
CV 309_2026-07-18,CV 309,CLX,2026-07-18,21:15,"GYD, LUX",Dep 18:26,,departure,
RH 351_2026-07-18,RH 351,HKC,2026-07-18,21:20,MNL,Dep 22:17,,departure,
CV 244_2026-07-18,CV 244,CLX,2026-07-18,21:55,"ANC, LAX",Dep 09:47 (19/07/2026),,departure,
7L 648_2026-07-18,7L 648,AZG,2026-07-18,21:55,GYD,Cancelled,,departure,
CX 3262_2026-07-18,CX 3262,CPA,2026-07-18,22:00,CKG,Dep 21:59,,departure,
HE 1710_2026-07-18,HE 1710,HGO,2026-07-18,22:55,GYD,Dep 22:50,,departure,
C6 7634_2026-07-18,C6 7634,MFX,2026-07-18,23:00,TAS,Dep 23:47,,departure,
CX 3238_2026-07-18,CX 3238,CPA,2026-07-18,23:10,XMN,Dep 14:58 (19/07/2026),,departure,
BR 6820_2026-07-18,BR 6820,EVA,2026-07-18,23:15,TPE,Dep 01:18 (19/07/2026),,departure,
CX 054_2026-07-18,CX 054,CPA,2026-07-18,23:30,PVG,Dep 04:44 (19/07/2026),,departure,
5X 061_2026-07-18,5X 061,UPS,2026-07-18,23:30,"TPE, ANC, SDF",Dep 23:23,,departure,
EY 938_2026-07-18,EY 938,ETD,2026-07-18,23:35,AUH,Dep 22:37 (19/07/2026),,departure,
RH 4568_2026-07-19,RH 4568,HKC,2026-07-19,00:15,TPE,Dep 02:26,,departure,
RH 829_2026-07-19,RH 829,HKC,2026-07-19,00:15,PVG,Dep 08:41,,departure,
ET 3785_2026-07-19,ET 3785,ETH,2026-07-19,00:15,"MCT, MAD",Cancelled,,departure,
CV 3119_2026-07-19,CV 3119,CLX,2026-07-19,00:25,"GYD, LUX",Cancelled,,departure,
CV 597_2026-07-19,CV 597,CLX,2026-07-19,00:35,"GYD, LUX",Dep 06:41,,departure,
CX 006_2026-07-19,CX 006,CPA,2026-07-19,00:50,NRT,Dep 01:08,,departure,
7L 625_2026-07-19,7L 625,AZG,2026-07-19,01:20,GYD,Cancelled,,departure,
CX 096_2026-07-19,CX 096,CPA,2026-07-19,01:30,"ANC, NLU",Dep 01:53,,departure,
TH 671_2026-07-19,TH 671,RMY,2026-07-19,01:35,KUL,Dep 01:29,,departure,
SV 987_2026-07-19,SV 987,SVA,2026-07-19,01:40,RUH,Cancelled,,departure,
7L 247_2026-07-19,7L 247,AZG,2026-07-19,02:05,GYD,Dep 15:32,,departure,
QR 8465_2026-07-19,QR 8465,QTR,2026-07-19,02:20,DOH,Dep 02:15,,departure,
KZ 202_2026-07-19,KZ 202,NCA,2026-07-19,02:25,NRT,Dep 02:29,,departure,
5X 063_2026-07-19,5X 063,UPS,2026-07-19,02:35,"ANC, SDF",Dep 02:38,,departure,
QR 8419_2026-07-19,QR 8419,QTR,2026-07-19,02:40,DOH,Dep 03:19,,departure,
CI 5826_2026-07-19,CI 5826,CAL,2026-07-19,03:00,TPE,Dep 04:48,,departure,
KE 314_2026-07-19,KE 314,KAL,2026-07-19,03:10,ICN,Dep 02:55,,departure,
5X 001_2026-07-19,5X 001,UPS,2026-07-19,03:15,"BLR, CGN, PHL",Cancelled,,departure,
LD 457_2026-07-19,LD 457,AHK,2026-07-19,03:35,"MNL, CEB",Dep 03:45,,departure,
LD 768_2026-07-19,LD 768,AHK,2026-07-19,03:35,PEK,Dep 03:33,,departure,
LD 831_2026-07-19,LD 831,AHK,2026-07-19,03:40,BKK,Dep 03:39,,departure,
8K 526_2026-07-19,8K 526,KMI,2026-07-19,03:40,BKK,Dep 03:41,,departure,
ET 3769_2026-07-19,ET 3769,ETH,2026-07-19,03:50,"EMA, ADD",Cancelled,,departure,
LD 216_2026-07-19,LD 216,AHK,2026-07-19,03:55,NGO,Dep 03:56,,departure,
LD 327_2026-07-19,LD 327,AHK,2026-07-19,03:55,SIN,Dep 04:08,,departure,
LD 204_2026-07-19,LD 204,AHK,2026-07-19,04:00,KIX,Dep 04:05,,departure,
SV 973_2026-07-19,SV 973,SVA,2026-07-19,04:00,RUH,Cancelled,,departure,
MS 510_2026-07-19,MS 510,MSR,2026-07-19,04:00,BKK,Dep 05:11,,departure,
QR 8407_2026-07-19,QR 8407,QTR,2026-07-19,04:00,DOH,Dep 04:19,,departure,
LD 208_2026-07-19,LD 208,AHK,2026-07-19,04:05,NRT,Dep 04:19,,departure,
LD 720_2026-07-19,LD 720,AHK,2026-07-19,04:05,CTU,Dep 04:00,,departure,
LD 782_2026-07-19,LD 782,AHK,2026-07-19,04:15,PVG,Dep 04:28,,departure,
TH 3091_2026-07-19,TH 3091,RMY,2026-07-19,04:15,PEN,Dep 04:11,,departure,
5X 023_2026-07-19,5X 023,UPS,2026-07-19,04:35,"CGN, PHL",Cancelled,,departure,
CX 007_2026-07-19,CX 007,CPA,2026-07-19,04:40,"BLR, LHR",Dep 04:40,,departure,
TK 6691_2026-07-19,TK 6691,THY,2026-07-19,04:45,"CIT, IST",Dep 16:06,,departure,
LD 128_2026-07-19,LD 128,AHK,2026-07-19,04:50,ICN,Dep 04:48,,departure,
K4 223_2026-07-19,K4 223,CKS,2026-07-19,04:55,ANC,Dep 06:15,,departure,
5Y 8262_2026-07-19,5Y 8262,GTI,2026-07-19,05:00,"ANC, MIA",Dep 05:15,,departure,
LD 561_2026-07-19,LD 561,AHK,2026-07-19,05:00,"SGN, PEN",Dep 04:54,,departure,
ES 736_2026-07-19,ES 736,DHX,2026-07-19,05:00,"BLR, BAH",Dep 05:04,,departure,
TH 3508_2026-07-19,TH 3508,RMY,2026-07-19,05:00,KUL,Dep 04:58,,departure,
QR 8441_2026-07-19,QR 8441,QTR,2026-07-19,05:30,DOH,Dep 05:20,,departure,
3S 713_2026-07-19,3S 713,BOX,2026-07-19,05:35,"DXB, LEJ",Dep 06:18,,departure,
3S 707_2026-07-19,3S 707,BOX,2026-07-19,05:45,"BAH, LEJ",Dep 06:04,,departure,
QR 8453_2026-07-19,QR 8453,QTR,2026-07-19,05:45,DOH,Dep 05:57,,departure,
QY 655_2026-07-19,QY 655,BCS,2026-07-19,05:55,"DWC, LEJ",Dep 06:03,,departure,
QY 679_2026-07-19,QY 679,BCS,2026-07-19,05:55,DWC,Dep 06:03,,departure,
EK 9839_2026-07-19,EK 9839,UAE,2026-07-19,05:55,DWC,Dep 07:23,,departure,
3S 517_2026-07-19,3S 517,BOX,2026-07-19,06:00,LEJ,Dep 06:45,,departure,
QR 8431_2026-07-19,QR 8431,QTR,2026-07-19,06:00,DOH,Dep 06:01,,departure,
QY 651_2026-07-19,QY 651,BCS,2026-07-19,06:30,"BAH, LEJ",Dep 07:37,,departure,
CX 072_2026-07-19,CX 072,CPA,2026-07-19,06:40,"ANC, MIA, IAH",Dep 06:48,,departure,
K4 255_2026-07-19,K4 255,CKS,2026-07-19,06:55,"ANC, CVG",Dep 06:54,,departure,
3S 547_2026-07-19,3S 547,BOX,2026-07-19,06:55,"BRU, LEJ",Dep 07:24,,departure,
K4 235_2026-07-19,K4 235,CKS,2026-07-19,07:00,"ANC, CVG",Dep 07:23,,departure,
RH 331_2026-07-19,RH 331,HKC,2026-07-19,07:00,BKK,Dep 21:54 (20/07/2026),,departure,
CK 264_2026-07-19,CK 264,CKK,2026-07-19,07:00,"CKG, PVG",Cancelled,,departure,
CC 4030_2026-07-19,CC 4030,ABD,2026-07-19,07:00,CMB,Cancelled,,departure,
QY 517_2026-07-19,QY 517,BCS,2026-07-19,07:00,"DWC, LEJ",Dep 10:07,,departure,
K4 201_2026-07-19,K4 201,CKS,2026-07-19,07:05,"ANC, CVG",Dep 07:09,,departure,
CI 5834_2026-07-19,CI 5834,CAL,2026-07-19,07:20,TPE,Dep 13:31,,departure,
CV 708_2026-07-19,CV 708,CLX,2026-07-19,07:20,"GYD, LUX",Dep 08:01,,departure,
HJ 024_2026-07-19,HJ 024,TMN,2026-07-19,07:25,SYD,Dep 07:36,,departure,
MB 530_2026-07-19,MB 530,MNB,2026-07-19,07:30,"NVI, IST",Cancelled,,departure,
3S 721_2026-07-19,3S 721,BOX,2026-07-19,07:35,"DEL, LEJ",Dep 08:31,,departure,
5X 003_2026-07-19,5X 003,UPS,2026-07-19,07:35,"BLR, CGN, PHL",Dep 07:50,,departure,
MB 504_2026-07-19,MB 504,MNB,2026-07-19,07:40,"AMD, IST",Cancelled,,departure,
ES 696_2026-07-19,ES 696,DHX,2026-07-19,08:25,BAH,Dep 09:14,,departure,
QY 657_2026-07-19,QY 657,BCS,2026-07-19,08:55,"DWC, LEJ",Dep 09:51,,departure,
EK 9861_2026-07-19,EK 9861,UAE,2026-07-19,08:55,DWC,Dep 09:10,,departure,
FX 018_2026-07-19,FX 018,FDX,2026-07-19,09:15,"SIN, ANC, MEM",Dep 09:39,,departure,
KJ 954_2026-07-19,KJ 954,AIH,2026-07-19,09:20,ICN,Dep 09:24,,departure,
3S 509_2026-07-19,3S 509,BOX,2026-07-19,09:30,LEJ,Dep 10:24,,departure,
7L 1572_2026-07-19,7L 1572,AZG,2026-07-19,09:35,DMM,Dep 11:55,,departure,
HJ 032_2026-07-19,HJ 032,TMN,2026-07-19,09:35,MEL,Dep 09:56,,departure,
K4 704_2026-07-19,K4 704,CKS,2026-07-19,09:40,"DWC, TLV",Dep 10:32,,departure,
QR 8433_2026-07-19,QR 8433,QTR,2026-07-19,09:45,DOH,Dep 10:06,,departure,
CX 3249_2026-07-19,CX 3249,CPA,2026-07-19,09:50,CGK,Dep 10:21,,departure,
K4 273_2026-07-19,K4 273,CKS,2026-07-19,09:55,"ANC, CVG",Dep 09:47,,departure,
CX 079_2026-07-19,CX 079,CPA,2026-07-19,10:30,SIN,Dep 18:05,,departure,
HE 811_2026-07-19,HE 811,HGO,2026-07-19,11:00,SHJ,Dep 12:10,,departure,
7L 572_2026-07-19,7L 572,AZG,2026-07-19,11:05,DWC,Dep 13:17,,departure,
MP 9462_2026-07-19,MP 9462,MPH,2026-07-19,11:15,"GYD, AMS",Dep 11:21,,departure,
3V 400_2026-07-19,3V 400,TAY,2026-07-19,11:25,"DWC, LGG",Dep 12:59,,departure,
T8 4702_2026-07-19,T8 4702,TVR,2026-07-19,11:35,SHJ,Cancelled,,departure,
RH 371_2026-07-19,RH 371,HKC,2026-07-19,11:50,SIN,Dep 08:17,,departure,
CX 3194_2026-07-19,CX 3194,CPA,2026-07-19,11:55,"ANC, JFK",Dep 15:35,,departure,
RH 962_2026-07-19,RH 962,HKC,2026-07-19,12:30,KIX,Dep 13:00 (20/07/2026),,departure,
2U 8062_2026-07-19,2U 8062,FKH,2026-07-19,13:10,NQZ,Dep 13:47,,departure,
KJ 970_2026-07-19,KJ 970,AIH,2026-07-19,13:15,ICN,Dep 13:47,,departure,
5Y 5579_2026-07-19,5Y 5579,GTI,2026-07-19,13:20,ICN,Cancelled,,departure,
CC 4100_2026-07-19,CC 4100,ABD,2026-07-19,13:25,SHJ,Cancelled,,departure,
O3 3020_2026-07-19,O3 3020,CSS,2026-07-19,14:00,EHU,Dep 16:26,,departure,
EK 9849_2026-07-19,EK 9849,UAE,2026-07-19,14:00,DXB,Dep 14:29,,departure,
EK 9859_2026-07-19,EK 9859,UAE,2026-07-19,14:00,DXB,Cancelled,,departure,
K4 551_2026-07-19,K4 551,CKS,2026-07-19,14:15,"NRT, ANC, ORD",Dep 14:15,,departure,
LH 8473_2026-07-19,LH 8473,GEC,2026-07-19,14:35,FRA,Dep 14:53,,departure,
CV 209_2026-07-19,CV 209,CLX,2026-07-19,14:45,"ANC, ORD, LUX",Dep 17:55,,departure,
5Y 8373_2026-07-19,5Y 8373,GTI,2026-07-19,15:00,"ANC, MIA",Dep 17:57,,departure,
KZ 206_2026-07-19,KZ 206,NCA,2026-07-19,15:30,NRT,Dep 16:50,,departure,
CP 191_2026-07-19,CP 191,LSI,2026-07-19,15:35,OTP,Dep 15:41,,departure,
K4 283_2026-07-19,K4 283,CKS,2026-07-19,15:40,"LAX, CVG",Dep 19:16,,departure,
NH 8514_2026-07-19,NH 8514,ANA,2026-07-19,15:40,NRT,Dep 15:51,,departure,
P9 881D_2026-07-19,P9 881D,MGE,2026-07-19,16:10,GUM,Dep 18:00 (22/07/2026),,departure,
CV 342_2026-07-19,CV 342,CLX,2026-07-19,16:30,"ANC, MIA, LUX",Dep 02:49 (20/07/2026),,departure,
K4 527_2026-07-19,K4 527,CKS,2026-07-19,16:30,"ICN, ANC, LAX",Dep 07:07 (20/07/2026),,departure,
5Y 654_2026-07-19,5Y 654,GTI,2026-07-19,16:50,"ANC, ORD, MIA",Dep 17:39,,departure,
KE 8314_2026-07-19,KE 8314,KAL,2026-07-19,16:55,ICN,Dep 16:16,,departure,
7L 923_2026-07-19,7L 923,AZG,2026-07-19,17:20,GYD,Cancelled,,departure,
FX 9017_2026-07-19,FX 9017,FDX,2026-07-19,18:05,HAN,Dep 17:29,,departure,
MH 6107_2026-07-19,MH 6107,MAS,2026-07-19,18:20,KUL,Cancelled,,departure,
7L 621_2026-07-19,7L 621,AZG,2026-07-19,18:25,GYD,Cancelled,,departure,
AK 8542_2026-07-19,AK 8542,AXM,2026-07-19,18:30,KUL,Dep 21:52,,departure,
5C 850_2026-07-19,5C 850,ICL,2026-07-19,18:30,"DWC, TLV",Cancelled,,departure,
CV 226_2026-07-19,CV 226,CLX,2026-07-19,18:35,"ANC, JFK, LUX",Dep 03:42 (20/07/2026),,departure,
CX 043_2026-07-19,CX 043,CPA,2026-07-19,18:55,MAA,Dep 15:23 (20/07/2026),,departure,
F5 7619_2026-07-19,F5 7619,ATG,2026-07-19,19:00,"DWC, TLV",Dep 19:13,,departure,
C8 513_2026-07-19,C8 513,ICV,2026-07-19,19:15,"ASB, MXP",Dep 20:09,,departure,
SV 3031_2026-07-19,SV 3031,SVA,2026-07-19,19:30,"HSA, BUD",Cancelled,,departure,
SV 3967_2026-07-19,SV 3967,SVA,2026-07-19,19:30,RUH,Dep 20:18,,departure,
CV 942_2026-07-19,CV 942,CLX,2026-07-19,19:45,"ASB, LUX",Dep 21:41,,departure,
5Y 8007_2026-07-19,5Y 8007,GTI,2026-07-19,19:55,IST,Cancelled,,departure,
CX 2098_2026-07-19,CX 2098,CPA,2026-07-19,20:05,"ANC, ORD",Dep 20:06,,departure,
5Y 8523_2026-07-19,5Y 8523,GTI,2026-07-19,20:45,"ANC, ORD",Dep 23:13,,departure,
RH 9375_2026-07-19,RH 9375,HKC,2026-07-19,20:50,MAA,Dep 21:05,,departure,
RH 9457_2026-07-19,RH 9457,HKC,2026-07-19,21:00,DEL,Dep 19:00,,departure,
7L 692_2026-07-19,7L 692,AZG,2026-07-19,21:20,GYD,Cancelled,,departure,
CX 037_2026-07-19,CX 037,CPA,2026-07-19,21:30,"DEL, FRA",Dep 02:14 (20/07/2026),,departure,
AK 8535_2026-07-19,AK 8535,AXM,2026-07-19,21:55,KUL,Cancelled,,departure,
QR 8455_2026-07-19,QR 8455,QTR,2026-07-19,22:05,DOH,Dep 23:00,,departure,
QR 8477_2026-07-19,QR 8477,QTR,2026-07-19,22:10,DOH,Cancelled,,departure,
CX 3129_2026-07-19,CX 3129,CPA,2026-07-19,22:50,SYD,Dep 23:04,,departure,
WW 862_2026-07-19,WW 862,KXP,2026-07-19,23:00,KUL,Cancelled,,departure,
CI 5832_2026-07-19,CI 5832,CAL,2026-07-19,23:00,TPE,Dep 23:34,,departure,
SR 813_2026-07-19,SR 813,XKY,2026-07-19,23:15,MNL,Dep 23:20,,departure,
QF 7526_2026-07-19,QF 7526,QFA,2026-07-19,23:45,SYD,Dep 05:08 (20/07/2026),,departure,
CX 3290_2026-07-19,CX 3290,CPA,2026-07-19,23:55,"ANC, DFW, ATL",Dep 02:30 (20/07/2026),,departure,
EY 948_2026-07-20,EY 948,ETD,2026-07-20,00:30,AUH,Dep 00:35,,departure,
CV 915_2026-07-20,CV 915,CLX,2026-07-20,00:40,"GYD, LUX",Dep 20:26,,departure,
ET 3767_2026-07-20,ET 3767,ETH,2026-07-20,00:40,LGG,Cancelled,,departure,
CX 096_2026-07-20,CX 096,CPA,2026-07-20,01:30,"ANC, NLU",Dep 05:48,,departure,
5X 169_2026-07-20,5X 169,UPS,2026-07-20,01:35,"SIN, SDF",Dep 02:13,,departure,
TK 6257_2026-07-20,TK 6257,THY,2026-07-20,01:40,IST,Dep 01:23,,departure,
KZ 202_2026-07-20,KZ 202,NCA,2026-07-20,02:25,NRT,Dep 13:33,,departure,
QR 8411_2026-07-20,QR 8411,QTR,2026-07-20,02:30,DOH,Dep 02:06,,departure,
LD 680_2026-07-20,LD 680,AHK,2026-07-20,02:40,TPE,Dep 02:54,,departure,
SV 983_2026-07-20,SV 983,SVA,2026-07-20,03:05,RUH,Dep 03:42,,departure,
MB 530_2026-07-20,MB 530,MNB,2026-07-20,03:10,"NVI, IST",Dep 03:35,,departure,
KE 314_2026-07-20,KE 314,KAL,2026-07-20,03:10,ICN,Dep 02:33,,departure,
QR 8415_2026-07-20,QR 8415,QTR,2026-07-20,03:35,DOH,Dep 03:50,,departure,
SV 969_2026-07-20,SV 969,SVA,2026-07-20,03:45,"BOM, RUH",Dep 04:47,,departure,
BR 6530_2026-07-20,BR 6530,EVA,2026-07-20,03:50,TPE,Dep 04:05,,departure,
QR 8435_2026-07-20,QR 8435,QTR,2026-07-20,05:00,DOH,Dep 04:52,,departure,
EK 9863_2026-07-20,EK 9863,UAE,2026-07-20,05:25,DWC,Dep 05:16,,departure,
3S 635_2026-07-20,3S 635,BOX,2026-07-20,06:00,"DWC, FRA",Dep 05:56,,departure,
3S 637_2026-07-20,3S 637,BOX,2026-07-20,06:00,"DWC, FRA",Cancelled,,departure,
7L 621_2026-07-20,7L 621,AZG,2026-07-20,06:45,DMM,Dep 18:09,,departure,
SR 815_2026-07-20,SR 815,XKY,2026-07-20,06:50,CRK,Dep 07:20 (21/07/2026),,departure,
CX 3286_2026-07-20,CX 3286,CPA,2026-07-20,06:55,"ANC, JFK",Dep 06:15 (21/07/2026),,departure,
CK 264_2026-07-20,CK 264,CKK,2026-07-20,07:00,CKG,Cancelled,,departure,
CC 4800_2026-07-20,CC 4800,ABD,2026-07-20,07:00,"CMB, JNB",Dep 07:03,,departure,
CI 5828_2026-07-20,CI 5828,CAL,2026-07-20,07:05,TPE,Dep 08:06,,departure,
CX 2049_2026-07-20,CX 2049,CPA,2026-07-20,07:15,HAN,Dep 07:59,,departure,
CX 3245_2026-07-20,CX 3245,CPA,2026-07-20,07:20,DEL,Dep 18:33,,departure,
K4 253_2026-07-20,K4 253,CKS,2026-07-20,07:40,"ANC, CVG",Dep 18:21,,departure,
MB 504_2026-07-20,MB 504,MNB,2026-07-20,08:10,"AMD, KWI",Dep 02:32 (21/07/2026),,departure,
3S 515_2026-07-20,3S 515,BOX,2026-07-20,08:45,LEJ,Dep 09:38,,departure,
ET 3035_2026-07-20,ET 3035,ETH,2026-07-20,09:30,ADD,Cancelled,,departure,
CX 098_2026-07-20,CX 098,CPA,2026-07-20,09:50,"ANC, ORD",Dep 11:17,,departure,
QR 8409_2026-07-20,QR 8409,QTR,2026-07-20,10:10,DOH,Dep 10:17,,departure,
EK 9771_2026-07-20,EK 9771,UAE,2026-07-20,10:10,DWC,Dep 10:22,,departure,
MP 9472_2026-07-20,MP 9472,MPH,2026-07-20,10:35,"GYD, AMS",Cancelled,,departure,
SQ 7974_2026-07-20,SQ 7974,SIA,2026-07-20,10:40,"ANC, LAX",Dep 11:36,,departure,
EK 9849_2026-07-20,EK 9849,UAE,2026-07-20,10:40,DXB,Cancelled,,departure,
CV 9931_2026-07-20,CV 9931,CLX,2026-07-20,11:35,"NQZ, LUX",Cancelled,,departure,
5Y 8230_2026-07-20,5Y 8230,GTI,2026-07-20,11:35,"ANC, MIA",Dep 12:29,,departure,
CV 753_2026-07-20,CV 753,CLX,2026-07-20,11:35,"GYD, LUX",Dep 06:56 (21/07/2026),,departure,
Y9 2564_2026-07-20,Y9 2564,SGA,2026-07-20,12:00,"DAC, DWC",Dep 12:49,,departure,
T8 4726_2026-07-20,T8 4726,TVR,2026-07-20,12:00,DMM,Dep 11:59,,departure,
RH 6651_2026-07-20,RH 6651,HKC,2026-07-20,12:30,DAC,Dep 17:52,,departure,
KE 9314_2026-07-20,KE 9314,KAL,2026-07-20,13:05,ICN,Dep 12:48,,departure,
CV 283_2026-07-20,CV 283,CLX,2026-07-20,13:10,"ANC, GDL, NLU, LUX",Dep 17:22,,departure,
5X 065_2026-07-20,5X 065,UPS,2026-07-20,13:20,"ANC, SDF",Dep 14:04,,departure,
KZ 206_2026-07-20,KZ 206,NCA,2026-07-20,14:40,NRT,Dep 15:15,,departure,
WW 862_2026-07-20,WW 862,KXP,2026-07-20,14:45,KUL,Cancelled,,departure,
TK 6301_2026-07-20,TK 6301,THY,2026-07-20,14:50,"CIT, IST",Dep 01:31 (21/07/2026),,departure,
7L 648_2026-07-20,7L 648,AZG,2026-07-20,14:50,GYD,Dep 22:32,,departure,
MB 630_2026-07-20,MB 630,MNB,2026-07-20,15:00,"CRZ, IST",Cancelled,,departure,
CX 2084_2026-07-20,CX 2084,CPA,2026-07-20,15:30,"ANC, LAX, PDX",Dep 15:45,,departure,
5X 001_2026-07-20,5X 001,UPS,2026-07-20,15:40,"CGN, PHL",Cancelled,,departure,
EK 9797_2026-07-20,EK 9797,UAE,2026-07-20,15:55,DWC,Dep 15:58,,departure,
5X 061_2026-07-20,5X 061,UPS,2026-07-20,16:05,"TPE, ANC, SDF",Dep 15:52,,departure,
P9 881_2026-07-20,P9 881,MGE,2026-07-20,16:10,GUM,Dep 23:18 (22/07/2026),,departure,
EK 9851_2026-07-20,EK 9851,UAE,2026-07-20,16:15,DWC,Dep 17:24,,departure,
ET 3685_2026-07-20,ET 3685,ETH,2026-07-20,16:25,ADD,Dep 19:14,,departure,
KE 312_2026-07-20,KE 312,KAL,2026-07-20,16:40,ICN,Dep 16:45,,departure,
EK 9841_2026-07-20,EK 9841,UAE,2026-07-20,16:50,DWC,Dep 16:45,,departure,
CX 049D_2026-07-20,CX 049D,CPA,2026-07-20,16:55,BOM,Dep 13:46 (21/07/2026),,departure,
3S 519_2026-07-20,3S 519,BOX,2026-07-20,17:15,LEJ,Dep 17:04,,departure,
QR 8401_2026-07-20,QR 8401,QTR,2026-07-20,17:15,DOH,Dep 18:16,,departure,
CV 278_2026-07-20,CV 278,CLX,2026-07-20,17:50,"ANC, ORD, LUX",Dep 18:52,,departure,
TH 641_2026-07-20,TH 641,RMY,2026-07-20,18:00,KUL,Dep 20:43,,departure,
CX 2041_2026-07-20,CX 2041,CPA,2026-07-20,18:20,MAA,Dep 11:34 (22/07/2026),,departure,
EK 9781_2026-07-20,EK 9781,UAE,2026-07-20,18:35,DWC,Dep 21:33,,departure,
EK 9871_2026-07-20,EK 9871,UAE,2026-07-20,18:35,DWC,Cancelled,,departure,
5X 063_2026-07-20,5X 063,UPS,2026-07-20,19:05,"ANC, SDF",Dep 20:56,,departure,
CP 192_2026-07-20,CP 192,LSI,2026-07-20,19:25,"GYD, FCO",Dep 19:18,,departure,
2C 575_2026-07-20,2C 575,CMA,2026-07-20,19:30,"NVI, CDG",Dep 20:07,,departure,
5X 1937_2026-07-20,5X 1937,UPS,2026-07-20,19:30,"ANC, SDF",Cancelled,,departure,
WW 866_2026-07-20,WW 866,KXP,2026-07-20,19:35,HKG,Cancelled,,departure,
5X 059_2026-07-20,5X 059,UPS,2026-07-20,19:45,"ANC, ONT",Dep 19:48,,departure,
FX 5991_2026-07-20,FX 5991,FDX,2026-07-20,19:50,"KIX, OAK",Dep 19:50,,departure,
AK 8535_2026-07-20,AK 8535,AXM,2026-07-20,19:55,KUL,Dep 22:00,,departure,
3S 719_2026-07-20,3S 719,BOX,2026-07-20,20:20,LEJ,Dep 20:30,,departure,
7L 147_2026-07-20,7L 147,AZG,2026-07-20,20:25,GYD,Cancelled,,departure,
SQ 7873_2026-07-20,SQ 7873,SIA,2026-07-20,20:30,SIN,Dep 19:59,,departure,
CX 054_2026-07-20,CX 054,CPA,2026-07-20,20:45,"CGO, PVG",Dep 20:59,,departure,
3V 400_2026-07-20,3V 400,TAY,2026-07-20,20:50,"ALA, LGG",Dep 21:00,,departure,
QY 539_2026-07-20,QY 539,BCS,2026-07-20,21:00,"DWC, LEJ",Dep 21:19,,departure,
5Y 8692_2026-07-20,5Y 8692,GTI,2026-07-20,21:05,ANC,Dep 11:37 (21/07/2026),,departure,
EK 9837_2026-07-20,EK 9837,UAE,2026-07-20,21:15,DWC,Dep 21:21,,departure,
RH 351_2026-07-20,RH 351,HKC,2026-07-20,21:20,MNL,Cancelled,,departure,
ET 3229_2026-07-20,ET 3229,ETH,2026-07-20,21:30,ADD,Cancelled,,departure,
CX 3262_2026-07-20,CX 3262,CPA,2026-07-20,21:35,CKG,Dep 23:11,,departure,
3S 704_2026-07-20,3S 704,BOX,2026-07-20,21:40,CVG,Dep 21:52,,departure,
TK 6065_2026-07-20,TK 6065,THY,2026-07-20,21:45,"CIT, IST",Dep 22:57,,departure,
CV 7331_2026-07-20,CV 7331,CLX,2026-07-20,22:00,"NQZ, LUX",Dep 22:21,,departure,
K4 702_2026-07-20,K4 702,CKS,2026-07-20,22:05,"DWC, TLV",Dep 21:34,,departure,
CV 962_2026-07-20,CV 962,CLX,2026-07-20,22:05,"NQZ, LUX",Cancelled,,departure,
QR 8431_2026-07-20,QR 8431,QTR,2026-07-20,22:05,DOH,Dep 22:07,,departure,
RH 4568_2026-07-21,RH 4568,HKC,2026-07-21,00:15,TPE,Dep 01:02,,departure,
RH 9491_2026-07-21,RH 9491,HKC,2026-07-21,00:15,"ALA, IST",Dep 06:39,,departure,
CX 2023_2026-07-21,CX 2023,CPA,2026-07-21,00:40,SYD,Dep 00:37,,departure,
CX 006_2026-07-21,CX 006,CPA,2026-07-21,00:50,NRT,Dep 01:02,,departure,
TH 671_2026-07-21,TH 671,RMY,2026-07-21,01:00,KUL,Dep 07:04,,departure,
CX 086_2026-07-21,CX 086,CPA,2026-07-21,01:30,"ANC, NLU",Dep 06:54,,departure,
KZ 202_2026-07-21,KZ 202,NCA,2026-07-21,02:25,NRT,Dep 02:22,,departure,
NH 8512_2026-07-21,NH 8512,ANA,2026-07-21,02:25,NRT,Dep 02:12,,departure,
7L 625_2026-07-21,7L 625,AZG,2026-07-21,02:30,GYD,Dep 05:04,,departure,
KJ 972_2026-07-21,KJ 972,AIH,2026-07-21,02:40,ICN,Dep 02:59,,departure,
CI 5836_2026-07-21,CI 5836,CAL,2026-07-21,03:00,TPE,Dep 08:45,,departure,
KE 314_2026-07-21,KE 314,KAL,2026-07-21,03:10,ICN,Dep 02:52,,departure,
LD 204_2026-07-21,LD 204,AHK,2026-07-21,03:15,KIX,Dep 03:15,,departure,
LD 128_2026-07-21,LD 128,AHK,2026-07-21,03:20,ICN,Dep 03:21,,departure,
BR 6536_2026-07-21,BR 6536,EVA,2026-07-21,03:20,TPE,Dep 06:30,,departure,
LD 208_2026-07-21,LD 208,AHK,2026-07-21,03:25,NRT,Dep 03:29,,departure,
LD 327_2026-07-21,LD 327,AHK,2026-07-21,03:25,SIN,Dep 03:27,,departure,
LD 768_2026-07-21,LD 768,AHK,2026-07-21,03:25,PEK,Dep 03:21,,departure,
LD 216_2026-07-21,LD 216,AHK,2026-07-21,03:30,NGO,Dep 04:20,,departure,
8K 526_2026-07-21,8K 526,KMI,2026-07-21,03:30,BKK,Dep 03:32,,departure,
LD 457_2026-07-21,LD 457,AHK,2026-07-21,03:35,"MNL, CEB",Dep 03:37,,departure,
LD 782_2026-07-21,LD 782,AHK,2026-07-21,03:40,PVG,Dep 03:40,,departure,
LD 831_2026-07-21,LD 831,AHK,2026-07-21,03:40,BKK,Dep 03:58,,departure,
LD 561_2026-07-21,LD 561,AHK,2026-07-21,03:45,SGN,Dep 03:49,,departure,
TH 3508_2026-07-21,TH 3508,RMY,2026-07-21,03:45,KUL,Dep 03:45,,departure,
3S 582_2026-07-21,3S 582,BOX,2026-07-21,04:00,LAX,Dep 03:59,,departure,
3Y 6011_2026-07-21,3Y 6011,MYU,2026-07-21,04:00,CGK,Cancelled,,departure,
HJ 022_2026-07-21,HJ 022,TMN,2026-07-21,04:00,SYD,Dep 04:15,,departure,
LD 720_2026-07-21,LD 720,AHK,2026-07-21,04:05,CTU,Dep 03:58,,departure,
3G 841_2026-07-21,3G 841,WCM,2026-07-21,04:15,BKI,Dep 04:08,,departure,
TH 3091_2026-07-21,TH 3091,RMY,2026-07-21,04:15,PEN,Dep 04:15,,departure,
LD 680_2026-07-21,LD 680,AHK,2026-07-21,04:20,TPE,Dep 04:13,,departure,
QR 8467_2026-07-21,QR 8467,QTR,2026-07-21,04:20,DOH,Dep 04:07,,departure,
3S 511_2026-07-21,3S 511,BOX,2026-07-21,05:35,"DXB, LEJ",Dep 05:39,,departure,
3S 715_2026-07-21,3S 715,BOX,2026-07-21,05:35,"DXB, LEJ",Cancelled,,departure,
3S 733_2026-07-21,3S 733,BOX,2026-07-21,05:40,"BLR, LEJ",Dep 05:55,,departure,
ES 720_2026-07-21,ES 720,DHX,2026-07-21,05:40,BAH,Cancelled,,departure,
3S 517_2026-07-21,3S 517,BOX,2026-07-21,05:45,"BAH, LEJ",Dep 05:50,,departure,
3S 525_2026-07-21,3S 525,BOX,2026-07-21,05:45,"BAH, LEJ",Cancelled,,departure,
EK 9821_2026-07-21,EK 9821,UAE,2026-07-21,05:45,DWC,Dep 05:52,,departure,
ET 3707_2026-07-21,ET 3707,ETH,2026-07-21,05:55,"BUD, ADD",Cancelled,,departure,
FX 5217_2026-07-21,FX 5217,FDX,2026-07-21,06:20,"IST, CDG, LGG, MEM",Dep 06:22,,departure,
K4 255_2026-07-21,K4 255,CKS,2026-07-21,06:40,"YHM, JFK, CVG",Dep 06:44,,departure,
D0 593_2026-07-21,D0 593,DHK,2026-07-21,06:40,"DEL, EMA",Dep 06:38,,departure,
QR 8407_2026-07-21,QR 8407,QTR,2026-07-21,06:40,DOH,Dep 06:38,,departure,
CX 3258_2026-07-21,CX 3258,CPA,2026-07-21,06:45,PVG,Dep 08:48,,departure,
CX 3284_2026-07-21,CX 3284,CPA,2026-07-21,06:50,"ANC, LAX, PDX",Dep 06:18 (22/07/2026),,departure,
F5 7620_2026-07-21,F5 7620,ATG,2026-07-21,06:50,"DWC, TLV",Dep 15:07,,departure,
K4 241_2026-07-21,K4 241,CKS,2026-07-21,07:00,"ANC, MIA",Dep 21:16,,departure,
RH 331_2026-07-21,RH 331,HKC,2026-07-21,07:00,BKK,Dep 07:45,,departure,
CK 264_2026-07-21,CK 264,CKK,2026-07-21,07:00,CKG,Dep 06:48,,departure,
HE 1710_2026-07-21,HE 1710,HGO,2026-07-21,07:10,GYD,Dep 09:20,,departure,
3S 507_2026-07-21,3S 507,BOX,2026-07-21,07:25,LEJ,Dep 07:57,,departure,
SV 963_2026-07-21,SV 963,SVA,2026-07-21,07:30,RUH,Dep 07:24,,departure,
CI 5828_2026-07-21,CI 5828,CAL,2026-07-21,07:35,TPE,Dep 07:05,,departure,
CI 6842_2026-07-21,CI 6842,CAL,2026-07-21,07:35,TPE,Cancelled,,departure,
O3 152_2026-07-21,O3 152,CSS,2026-07-21,07:55,EHU,Dep 07:50,,departure,
5Y 8050_2026-07-21,5Y 8050,GTI,2026-07-21,08:15,"ANC, MIA",Dep 09:28,,departure,
K4 205_2026-07-21,K4 205,CKS,2026-07-21,08:25,"ANC, CVG",Dep 08:12,,departure,
3S 503_2026-07-21,3S 503,BOX,2026-07-21,08:30,LEJ,Cancelled,,departure,
3S 718_2026-07-21,3S 718,BOX,2026-07-21,08:30,LAX,Dep 09:19,,departure,
CC 4600_2026-07-21,CC 4600,ABD,2026-07-21,08:40,CMB,Cancelled,,departure,
ET 3035_2026-07-21,ET 3035,ETH,2026-07-21,09:30,ADD,Cancelled,,departure,
CV 2092_2026-07-21,CV 2092,CLX,2026-07-21,09:30,"ANC, MIA, LGG",Dep 15:15,,departure,
QY 653_2026-07-21,QY 653,BCS,2026-07-21,09:50,GYD,Dep 09:48,,departure,
O3 268_2026-07-21,O3 268,CSS,2026-07-21,09:55,NGB,Dep 09:37,,departure,
CV 519_2026-07-21,CV 519,CLX,2026-07-21,10:00,"GYD, LUX",Dep 02:01 (22/07/2026),,departure,
CV 9522_2026-07-21,CV 9522,CLX,2026-07-21,10:00,"NQZ, LUX",Cancelled,,departure,
MB 630_2026-07-21,MB 630,MNB,2026-07-21,10:15,"CRZ, IST",Dep 04:27 (22/07/2026),,departure,
5X 067_2026-07-21,5X 067,UPS,2026-07-21,10:15,"ICN, ANC, SDF",Dep 10:30,,departure,
TK 6267_2026-07-21,TK 6267,THY,2026-07-21,10:30,IST,Dep 11:33,,departure,
5Y 654_2026-07-21,5Y 654,GTI,2026-07-21,11:05,"ANC, MIA",Dep 11:23,,departure,
GH 1022_2026-07-21,GH 1022,IGT,2026-07-21,11:10,NVI,Cancelled,,departure,
MP 9412_2026-07-21,MP 9412,MPH,2026-07-21,11:15,"GYD, AMS",Cancelled,,departure,
5X 003_2026-07-21,5X 003,UPS,2026-07-21,11:25,"BLR, CGN, PHL",Dep 11:20,,departure,
TK 6356_2026-07-21,TK 6356,THY,2026-07-21,11:45,IST,Dep 12:30,,departure,
RH 371_2026-07-21,RH 371,HKC,2026-07-21,11:50,SIN,Dep 15:19,,departure,
CX 036_2026-07-21,CX 036,CPA,2026-07-21,11:55,KIX,Dep 12:00,,departure,
T8 4726_2026-07-21,T8 4726,TVR,2026-07-21,12:00,DMM,Dep 11:50,,departure,
KJ 968_2026-07-21,KJ 968,AIH,2026-07-21,12:45,ICN,Dep 13:55,,departure,
EK 9839_2026-07-21,EK 9839,UAE,2026-07-21,13:00,DWC,Dep 14:06,,departure,
CX 2045_2026-07-21,CX 2045,CPA,2026-07-21,13:10,DEL,Dep 13:19,,departure,
CX 049_2026-07-21,CX 049,CPA,2026-07-21,13:15,DAC,Dep 08:20 (22/07/2026),,departure,
CC 4100_2026-07-21,CC 4100,ABD,2026-07-21,13:30,"MCT, LGG",Dep 18:44,,departure,
CX 3298_2026-07-21,CX 3298,CPA,2026-07-21,13:50,"ANC, JFK",Dep 18:14,,departure,
CP 514_2026-07-21,CP 514,LSI,2026-07-21,14:25,"FAI, MIA",Dep 14:25,,departure,
WW 862_2026-07-21,WW 862,KXP,2026-07-21,14:40,KUL,Cancelled,,departure,
5X 001_2026-07-21,5X 001,UPS,2026-07-21,15:40,"CGN, PHL",Cancelled,,departure,
MH 6105_2026-07-21,MH 6105,MAS,2026-07-21,15:45,KUL,Cancelled,,departure,
RH 317_2026-07-21,RH 317,HKC,2026-07-21,15:55,HAN,Dep 17:54,,departure,
5X 061_2026-07-21,5X 061,UPS,2026-07-21,16:05,"TPE, ANC, SDF",Dep 16:57,,departure,
P9 881_2026-07-21,P9 881,MGE,2026-07-21,16:10,GUM,Est at 20:30 (24/07/2026),,departure,
5X 166_2026-07-21,5X 166,UPS,2026-07-21,16:10,"SIN, SDF",Dep 16:01,,departure,
EK 9863_2026-07-21,EK 9863,UAE,2026-07-21,16:25,DWC,Dep 17:13,,departure,
EK 9799_2026-07-21,EK 9799,UAE,2026-07-21,16:30,DWC,Dep 19:43,,departure,
CV 237_2026-07-21,CV 237,CLX,2026-07-21,17:00,"ANC, GDL, NLU, LUX",Dep 07:44 (22/07/2026),,departure,
3S 519_2026-07-21,3S 519,BOX,2026-07-21,17:10,LEJ,Dep 17:12,,departure,
KE 9314_2026-07-21,KE 9314,KAL,2026-07-21,17:10,ICN,Dep 16:30,,departure,
QR 8441_2026-07-21,QR 8441,QTR,2026-07-21,17:30,DOH,Dep 19:30,,departure,
TH 641_2026-07-21,TH 641,RMY,2026-07-21,17:45,KUL,Dep 18:39,,departure,
FX 9128_2026-07-21,FX 9128,FDX,2026-07-21,18:05,KIX,Dep 17:56,,departure,
EY 934_2026-07-21,EY 934,ETD,2026-07-21,18:05,AUH,Dep 18:23,,departure,
7L 247_2026-07-21,7L 247,AZG,2026-07-21,18:15,GYD,Cancelled,,departure,
CX 2026_2026-07-21,CX 2026,CPA,2026-07-21,18:15,TPE,Dep 18:06,,departure,
C8 736_2026-07-21,C8 736,ICV,2026-07-21,18:20,"ASB, MXP",Dep 18:04,,departure,
7L 1148_2026-07-21,7L 1148,AZG,2026-07-21,18:20,GYD,Cancelled,,departure,
LH 8461_2026-07-21,LH 8461,GEC,2026-07-21,18:25,"IST, FRA",Dep 18:28,,departure,
EK 9847_2026-07-21,EK 9847,UAE,2026-07-21,18:25,DWC,Dep 20:19,,departure,
7L 572_2026-07-21,7L 572,AZG,2026-07-21,18:35,GYD,Cancelled,,departure,
2C 561_2026-07-21,2C 561,CMA,2026-07-21,18:45,"NVI, CDG",Dep 19:03,,departure,
TK 6329_2026-07-21,TK 6329,THY,2026-07-21,18:50,"CIT, IST",Dep 07:11 (22/07/2026),,departure,
5X 063_2026-07-21,5X 063,UPS,2026-07-21,19:05,"ANC, SDF",Dep 19:06,,departure,
SQ 7922_2026-07-21,SQ 7922,SIA,2026-07-21,19:10,"ANC, DFW",Dep 21:13,,departure,
CI 5838_2026-07-21,CI 5838,CAL,2026-07-21,19:20,TPE,Dep 19:35,,departure,
5X 1931_2026-07-21,5X 1931,UPS,2026-07-21,19:30,"ANC, SDF",Cancelled,,departure,
CT 191_2026-07-21,CT 191,AAE,2026-07-21,19:30,HSA,Dep 19:21,,departure,
AK 8542_2026-07-21,AK 8542,AXM,2026-07-21,19:45,KUL,Dep 20:55,,departure,
5X 059_2026-07-21,5X 059,UPS,2026-07-21,19:45,"ANC, ONT",Dep 20:00,,departure,
TK 6219_2026-07-21,TK 6219,THY,2026-07-21,19:50,"AMM, IST",Dep 06:41 (22/07/2026),,departure,
FX 5991_2026-07-21,FX 5991,FDX,2026-07-21,19:50,"KIX, OAK",Dep 19:49,,departure,
HE 813_2026-07-21,HE 813,HGO,2026-07-21,20:30,SHJ,Dep 23:31,,departure,
CX 2033_2026-07-21,CX 2033,CPA,2026-07-21,20:55,MAA,Dep 09:47 (23/07/2026),,departure,
CX 3260_2026-07-21,CX 3260,CPA,2026-07-21,21:00,CKG,Dep 03:28 (22/07/2026),,departure,
SV 983_2026-07-21,SV 983,SVA,2026-07-21,21:30,RUH,Cancelled,,departure,
D0 009_2026-07-21,D0 009,DHK,2026-07-21,21:40,"CVG, EMA",Dep 23:53,,departure,
AK 8535_2026-07-21,AK 8535,AXM,2026-07-21,21:55,KUL,Cancelled,,departure,
7L 648_2026-07-21,7L 648,AZG,2026-07-21,21:55,GYD,Cancelled,,departure,
EK 9833_2026-07-21,EK 9833,UAE,2026-07-21,22:15,DWC,Dep 22:15,,departure,
CX 3238_2026-07-21,CX 3238,CPA,2026-07-21,22:20,"XMN, PVG",Dep 04:32 (22/07/2026),,departure,
RH 327_2026-07-21,RH 327,HKC,2026-07-21,23:00,HAN,Dep 01:03 (22/07/2026),,departure,
CX 050_2026-07-21,CX 050,CPA,2026-07-21,23:05,PVG,Dep 23:01,,departure,
SR 813_2026-07-21,SR 813,XKY,2026-07-21,23:15,MNL,Cancelled,,departure,
ET 3447_2026-07-21,ET 3447,ETH,2026-07-21,23:30,ADD,Cancelled,,departure,
QR 8421_2026-07-21,QR 8421,QTR,2026-07-21,23:40,DOH,Dep 23:23,,departure,
ET 3785_2026-07-22,ET 3785,ETH,2026-07-22,00:00,"MCT, MAD",Cancelled,,departure,
ET 3791_2026-07-22,ET 3791,ETH,2026-07-22,00:00,LGG,Cancelled,,departure,
RH 4568_2026-07-22,RH 4568,HKC,2026-07-22,00:15,TPE,Dep 13:34,,departure,
CX 006_2026-07-22,CX 006,CPA,2026-07-22,00:50,NRT,Dep 00:58,,departure,
TH 671_2026-07-22,TH 671,RMY,2026-07-22,01:00,KUL,Dep 01:09,,departure,
KZ 202_2026-07-22,KZ 202,NCA,2026-07-22,01:25,NRT,Dep 01:34,,departure,
CX 096_2026-07-22,CX 096,CPA,2026-07-22,01:30,"ANC, NLU",Dep 09:24 (23/07/2026),,departure,
ET 3229_2026-07-22,ET 3229,ETH,2026-07-22,01:45,ADD,Dep 10:50,,departure,
QR 8439_2026-07-22,QR 8439,QTR,2026-07-22,02:00,DOH,Dep 01:44,,departure,
NH 8512_2026-07-22,NH 8512,ANA,2026-07-22,02:25,NRT,Dep 02:54,,departure,
KJ 974_2026-07-22,KJ 974,AIH,2026-07-22,02:40,ICN,Dep 02:55,,departure,
CI 5826_2026-07-22,CI 5826,CAL,2026-07-22,03:00,TPE,Dep 03:15,,departure,
KE 314_2026-07-22,KE 314,KAL,2026-07-22,03:10,ICN,Dep 02:36,,departure,
LD 204_2026-07-22,LD 204,AHK,2026-07-22,03:15,KIX,Dep 03:20,,departure,
LD 128_2026-07-22,LD 128,AHK,2026-07-22,03:20,ICN,Dep 03:22,,departure,
BR 6538_2026-07-22,BR 6538,EVA,2026-07-22,03:20,TPE,Dep 06:15,,departure,
LD 208_2026-07-22,LD 208,AHK,2026-07-22,03:25,NRT,Dep 03:28,,departure,
LD 327_2026-07-22,LD 327,AHK,2026-07-22,03:25,SIN,Dep 03:31,,departure,
LD 768_2026-07-22,LD 768,AHK,2026-07-22,03:25,PEK,Dep 03:31,,departure,
LD 216_2026-07-22,LD 216,AHK,2026-07-22,03:30,NGO,Dep 03:40,,departure,
8K 526_2026-07-22,8K 526,KMI,2026-07-22,03:30,BKK,Dep 03:26,,departure,
LD 457_2026-07-22,LD 457,AHK,2026-07-22,03:35,"MNL, CEB",Dep 03:48,,departure,
LD 782_2026-07-22,LD 782,AHK,2026-07-22,03:40,PVG,Dep 03:45,,departure,
LD 831_2026-07-22,LD 831,AHK,2026-07-22,03:40,BKK,Dep 03:42,,departure,
LD 561_2026-07-22,LD 561,AHK,2026-07-22,03:45,SGN,Dep 03:52,,departure,
ET 3769_2026-07-22,ET 3769,ETH,2026-07-22,03:45,"EMA, ADD",Dep 04:50,,departure,
TH 3508_2026-07-22,TH 3508,RMY,2026-07-22,03:45,KUL,Dep 03:48,,departure,
3Y 6011_2026-07-22,3Y 6011,MYU,2026-07-22,04:00,CGK,Cancelled,,departure,
HJ 022_2026-07-22,HJ 022,TMN,2026-07-22,04:00,SYD,Dep 04:05,,departure,
LD 720_2026-07-22,LD 720,AHK,2026-07-22,04:05,CTU,Dep 07:02,,departure,
3G 841_2026-07-22,3G 841,WCM,2026-07-22,04:15,BKI,Dep 04:39,,departure,
TH 3091_2026-07-22,TH 3091,RMY,2026-07-22,04:15,PEN,Dep 04:12,,departure,
LD 680_2026-07-22,LD 680,AHK,2026-07-22,04:20,TPE,Dep 04:20,,departure,
TK 6351_2026-07-22,TK 6351,THY,2026-07-22,04:20,IST,Dep 04:35,,departure,
K4 280_2026-07-22,K4 280,CKS,2026-07-22,04:55,"ANC, LAX, CVG",Dep 04:52,,departure,
EK 9831_2026-07-22,EK 9831,UAE,2026-07-22,05:00,DWC,Dep 05:02,,departure,
3S 738_2026-07-22,3S 738,BOX,2026-07-22,05:10,LAX,Dep 05:18,,departure,
CP 166_2026-07-22,CP 166,LSI,2026-07-22,05:35,MXP,Dep 05:34,,departure,
3S 517_2026-07-22,3S 517,BOX,2026-07-22,05:35,"BLR, LEJ",Dep 05:54,,departure,
3S 735_2026-07-22,3S 735,BOX,2026-07-22,05:40,"BLR, LEJ",Dep 05:41,,departure,
ES 728_2026-07-22,ES 728,DHX,2026-07-22,05:40,BAH,Cancelled,,departure,
QR 8411_2026-07-22,QR 8411,QTR,2026-07-22,05:45,DOH,Dep 05:28,,departure,
FX 5023_2026-07-22,FX 5023,FDX,2026-07-22,06:00,"IST, CDG, LGG, MEM",Dep 05:57,,departure,
K4 253_2026-07-22,K4 253,CKS,2026-07-22,06:40,"YHM, JFK, CVG",Dep 06:49,,departure,
D0 591_2026-07-22,D0 591,DHK,2026-07-22,06:40,"DEL, EMA",Dep 06:49,,departure,
TK 6329_2026-07-22,TK 6329,THY,2026-07-22,07:00,"CIT, IST",Cancelled,,departure,
K4 243_2026-07-22,K4 243,CKS,2026-07-22,07:00,"ANC, CVG",Dep 07:08,,departure,
RH 331_2026-07-22,RH 331,HKC,2026-07-22,07:00,BKK,Dep 20:28,,departure,
MB 480_2026-07-22,MB 480,MNB,2026-07-22,07:10,"SHJ, IST",Dep 10:04,,departure,
ET 3767_2026-07-22,ET 3767,ETH,2026-07-22,07:10,LGG,Cancelled,,departure,
SR 815_2026-07-22,SR 815,XKY,2026-07-22,07:15,CRK,Dep 06:47,,departure,
F5 6621_2026-07-22,F5 6621,ATG,2026-07-22,07:15,"DWC, EMA",Cancelled,,departure,
CC 4030_2026-07-22,CC 4030,ABD,2026-07-22,07:30,"CMB, JNB",Dep 09:20 (23/07/2026),,departure,
QR 8429_2026-07-22,QR 8429,QTR,2026-07-22,07:30,DOH,Dep 08:06,,departure,
CX 2075_2026-07-22,CX 2075,CPA,2026-07-22,08:15,SIN,Dep 10:38,,departure,
CV 515_2026-07-22,CV 515,CLX,2026-07-22,08:25,"GYD, BUD, LUX",Dep 17:23,,departure,
Y9 2562_2026-07-22,Y9 2562,SGA,2026-07-22,08:40,"DAC, DWC",Dep 08:52,,departure,
5Y 8030_2026-07-22,5Y 8030,GTI,2026-07-22,08:50,"ANC, MIA",Dep 09:05,,departure,
3S 515_2026-07-22,3S 515,BOX,2026-07-22,09:20,LEJ,Dep 09:03,,departure,
KJ 952_2026-07-22,KJ 952,AIH,2026-07-22,09:20,ICN,Dep 09:12,,departure,
EK 9861_2026-07-22,EK 9861,UAE,2026-07-22,09:20,DWC,Dep 09:06,,departure,
CX 3016_2026-07-22,CX 3016,CPA,2026-07-22,09:25,"ANC, ORD",Dep 00:01 (24/07/2026),,departure,
K4 704_2026-07-22,K4 704,CKS,2026-07-22,09:40,"DWC, TLV",Dep 10:24,,departure,
QY 657_2026-07-22,QY 657,BCS,2026-07-22,09:50,"GYD, LEJ",Dep 09:55,,departure,
O3 268_2026-07-22,O3 268,CSS,2026-07-22,09:55,NGB,Dep 09:30,,departure,
QY 517_2026-07-22,QY 517,BCS,2026-07-22,10:00,"ALA, LEJ",Dep 16:17,,departure,
5X 067_2026-07-22,5X 067,UPS,2026-07-22,10:15,"ANC, SDF",Dep 10:17,,departure,
CX 3174_2026-07-22,CX 3174,CPA,2026-07-22,10:25,"ANC, MIA, ATL",Dep 10:50,,departure,
CX 3241_2026-07-22,CX 3241,CPA,2026-07-22,10:45,CGK,Cancelled,,departure,
5X 003_2026-07-22,5X 003,UPS,2026-07-22,11:25,"BLR, CGN, PHL",Dep 11:16,,departure,
RH 371_2026-07-22,RH 371,HKC,2026-07-22,11:50,SIN,Dep 15:04,,departure,
K4 270_2026-07-22,K4 270,CKS,2026-07-22,12:00,"DWC, LGG",Dep 16:03,,departure,
T8 4726_2026-07-22,T8 4726,TVR,2026-07-22,12:00,DMM,Dep 12:01,,departure,
5Y 8131_2026-07-22,5Y 8131,GTI,2026-07-22,12:15,"DEL, ANC",Dep 12:17,,departure,
3V 400_2026-07-22,3V 400,TAY,2026-07-22,12:25,"ALA, LGG",Dep 17:20,,departure,
F5 7622_2026-07-22,F5 7622,ATG,2026-07-22,12:50,"DWC, TLV",Dep 21:00,,departure,
CV 261_2026-07-22,CV 261,CLX,2026-07-22,12:55,"ANC, MIA, JFK, LUX",Dep 12:24,,departure,
KJ 970_2026-07-22,KJ 970,AIH,2026-07-22,13:15,ICN,Dep 13:37,,departure,
CX 3294_2026-07-22,CX 3294,CPA,2026-07-22,13:30,"ANC, JFK",Dep 02:40 (23/07/2026),,departure,
EK 9859_2026-07-22,EK 9859,UAE,2026-07-22,14:00,DWC,Dep 20:38,,departure,
TK 6237_2026-07-22,TK 6237,THY,2026-07-22,14:05,IST,Dep 13:57,,departure,
K4 551_2026-07-22,K4 551,CKS,2026-07-22,14:15,"NRT, ORD",Dep 14:21,,departure,
CX 2086_2026-07-22,CX 2086,CPA,2026-07-22,14:25,"ANC, MIA",Cancelled,,departure,
WW 862_2026-07-22,WW 862,KXP,2026-07-22,14:45,KUL,Cancelled,,departure,
EK 9781_2026-07-22,EK 9781,UAE,2026-07-22,14:45,DWC,Dep 14:59,,departure,
QR 8465_2026-07-22,QR 8465,QTR,2026-07-22,14:50,DOH,Dep 15:50,,departure,
CX 045_2026-07-22,CX 045,CPA,2026-07-22,15:20,BOM,Dep 15:20,,departure,
KZ 206_2026-07-22,KZ 206,NCA,2026-07-22,15:30,NRT,Dep 15:53,,departure,
EY 9726_2026-07-22,EY 9726,ETD,2026-07-22,15:40,AUH,Dep 16:15,,departure,
5X 001_2026-07-22,5X 001,UPS,2026-07-22,15:40,"CGN, PHL",Cancelled,,departure,
RH 317_2026-07-22,RH 317,HKC,2026-07-22,15:55,HAN,Dep 01:17 (24/07/2026),,departure,
5X 061_2026-07-22,5X 061,UPS,2026-07-22,16:05,"TPE, ANC, SDF",Dep 16:26,,departure,
P9 881_2026-07-22,P9 881,MGE,2026-07-22,16:10,GUM,Cancelled,,departure,
5X 166_2026-07-22,5X 166,UPS,2026-07-22,16:10,"SIN, SDF",Dep 18:07,,departure,
ET 3629_2026-07-22,ET 3629,ETH,2026-07-22,16:15,ADD,Dep 20:09,,departure,
CX 3037_2026-07-22,CX 3037,CPA,2026-07-22,16:15,HAN,Dep 17:36,,departure,
3S 519_2026-07-22,3S 519,BOX,2026-07-22,17:00,LEJ,Dep 17:02,,departure,
CX 041_2026-07-22,CX 041,CPA,2026-07-22,17:05,DEL,Dep 17:50,,departure,
7L 923_2026-07-22,7L 923,AZG,2026-07-22,17:20,GYD,Cancelled,,departure,
KE 8314_2026-07-22,KE 8314,KAL,2026-07-22,17:30,ICN,Dep 17:10,,departure,
SQ 7988_2026-07-22,SQ 7988,SIA,2026-07-22,17:35,"ANC, LAX",Dep 22:07,,departure,
TH 641_2026-07-22,TH 641,RMY,2026-07-22,18:00,KUL,Dep 18:19,,departure,
RH 9457_2026-07-22,RH 9457,HKC,2026-07-22,18:20,DEL,Dep 23:21,,departure,
7L 1923_2026-07-22,7L 1923,AZG,2026-07-22,18:20,GYD,Cancelled,,departure,
LH 8461_2026-07-22,LH 8461,GEC,2026-07-22,18:25,"IST, FRA",Dep 18:18,,departure,
7L 624_2026-07-22,7L 624,AZG,2026-07-22,18:25,GYD,Cancelled,,departure,
CX 3349_2026-07-22,CX 3349,CPA,2026-07-22,18:40,BKK,Dep 02:17 (23/07/2026),,departure,
CV 245_2026-07-22,CV 245,CLX,2026-07-22,18:50,"ANC, GDL, SNN, LUX",Dep 21:01,,departure,
5X 063_2026-07-22,5X 063,UPS,2026-07-22,19:05,"ANC, SDF",Dep 20:45,,departure,
CI 6844_2026-07-22,CI 6844,CAL,2026-07-22,19:20,TPE,Dep 18:56,,departure,
SQ 7861_2026-07-22,SQ 7861,SIA,2026-07-22,19:30,SIN,Dep 19:12,,departure,
WW 866_2026-07-22,WW 866,KXP,2026-07-22,19:35,HKG,Cancelled,,departure,
MH 6103_2026-07-22,MH 6103,MAS,2026-07-22,19:40,KUL,Dep 19:49,,departure,
AK 8546_2026-07-22,AK 8546,AXM,2026-07-22,19:45,KUL,Dep 19:12,,departure,
FX 5991_2026-07-22,FX 5991,FDX,2026-07-22,19:50,"KIX, OAK",Dep 19:57,,departure,
5X 059_2026-07-22,5X 059,UPS,2026-07-22,19:50,"ANC, ONT",Dep 20:35,,departure,
CX 017_2026-07-22,CX 017,CPA,2026-07-22,20:00,MAA,Dep 21:02,,departure,
TK 6239_2026-07-22,TK 6239,THY,2026-07-22,20:15,"CIT, IST",Dep 20:18,,departure,
CI 5834_2026-07-22,CI 5834,CAL,2026-07-22,21:20,TPE,Dep 20:00,,departure,
RH 351_2026-07-22,RH 351,HKC,2026-07-22,21:20,MNL,Cancelled,,departure,
5Y 825_2026-07-22,5Y 825,GTI,2026-07-22,21:30,"ANC, MIA",Dep 22:25,,departure,
SV 963_2026-07-22,SV 963,SVA,2026-07-22,21:35,RUH,Dep 22:20,,departure,
D0 007_2026-07-22,D0 007,DHK,2026-07-22,21:40,"CVG, EMA",Dep 22:12,,departure,
AK 8535_2026-07-22,AK 8535,AXM,2026-07-22,21:55,KUL,Dep 12:17 (23/07/2026),,departure,
CV 531_2026-07-22,CV 531,CLX,2026-07-22,23:05,"NQZ, LUX",Dep 02:27 (23/07/2026),,departure,
CX 037_2026-07-22,CX 037,CPA,2026-07-22,23:20,"DEL, CDG",Dep 23:26,,departure,
QR 8479_2026-07-22,QR 8479,QTR,2026-07-22,23:35,DOH,Dep 23:43,,departure,
QF 7526_2026-07-22,QF 7526,QFA,2026-07-22,23:55,SYD,Dep 23:42,,departure,
CX 050_2026-07-22,CX 050,CPA,2026-07-22,23:55,PVG,Dep 15:28 (23/07/2026),,departure,
CX 2062_2026-07-22,CX 2062,CPA,2026-07-22,23:55,CTU,Dep 23:44,,departure,
CX 2033_2026-07-21,CX 2033,CPA,2026-07-21,20:55,MAA,Dep 09:47 (23/07/2026),,departure,2026-07-24T09:51:12+08:00
CX 096_2026-07-22,CX 096,CPA,2026-07-22,01:30,"ANC, NLU",Dep 09:24 (23/07/2026),,departure,2026-07-24T09:51:12+08:00
CC 4030_2026-07-22,CC 4030,ABD,2026-07-22,07:30,"CMB, JNB",Dep 09:20 (23/07/2026),,departure,2026-07-24T09:51:12+08:00
CX 3294_2026-07-22,CX 3294,CPA,2026-07-22,13:30,"ANC, JFK",Dep 02:40 (23/07/2026),,departure,2026-07-24T09:51:12+08:00
CX 3349_2026-07-22,CX 3349,CPA,2026-07-22,18:40,BKK,Dep 02:17 (23/07/2026),,departure,2026-07-24T09:51:12+08:00
AK 8535_2026-07-22,AK 8535,AXM,2026-07-22,21:55,KUL,Dep 12:17 (23/07/2026),,departure,2026-07-24T09:51:12+08:00
CV 531_2026-07-22,CV 531,CLX,2026-07-22,23:05,"NQZ, LUX",Dep 02:27 (23/07/2026),,departure,2026-07-24T09:51:12+08:00
CX 050_2026-07-22,CX 050,CPA,2026-07-22,23:55,PVG,Dep 15:28 (23/07/2026),,departure,2026-07-24T09:51:12+08:00
RH 4568_2026-07-23,RH 4568,HKC,2026-07-23,00:15,TPE,Dep 16:53,,departure,2026-07-24T09:51:12+08:00
CV 531_2026-07-23,CV 531,CLX,2026-07-23,00:30,"NQZ, LUX",Cancelled,,departure,2026-07-24T09:51:12+08:00
TK 6265_2026-07-23,TK 6265,THY,2026-07-23,00:35,IST,Dep 00:43,,departure,2026-07-24T09:51:12+08:00
CX 006_2026-07-23,CX 006,CPA,2026-07-23,00:50,NRT,Dep 02:57,,departure,2026-07-24T09:51:12+08:00
CX 086_2026-07-23,CX 086,CPA,2026-07-23,01:30,"ANC, NLU",Est at 11:30 (24/07/2026),,departure,2026-07-24T09:51:12+08:00
CX 3170_2026-07-23,CX 3170,CPA,2026-07-23,01:50,"ANC, MIA, IAH",Dep 10:16,,departure,2026-07-24T09:51:12+08:00
KZ 202_2026-07-23,KZ 202,NCA,2026-07-23,02:25,NRT,Dep 03:53,,departure,2026-07-24T09:51:12+08:00
NH 8512_2026-07-23,NH 8512,ANA,2026-07-23,02:25,NRT,Dep 02:28,,departure,2026-07-24T09:51:12+08:00
KJ 972_2026-07-23,KJ 972,AIH,2026-07-23,02:40,ICN,Dep 02:38,,departure,2026-07-24T09:51:12+08:00
CI 5836_2026-07-23,CI 5836,CAL,2026-07-23,03:00,TPE,Dep 04:54,,departure,2026-07-24T09:51:12+08:00
CX 3254_2026-07-23,CX 3254,CPA,2026-07-23,03:10,PVG,Dep 03:05,,departure,2026-07-24T09:51:12+08:00
KE 314_2026-07-23,KE 314,KAL,2026-07-23,03:10,ICN,Dep 02:53,,departure,2026-07-24T09:51:12+08:00
LD 204_2026-07-23,LD 204,AHK,2026-07-23,03:15,KIX,Dep 03:19,,departure,2026-07-24T09:51:12+08:00
LD 128_2026-07-23,LD 128,AHK,2026-07-23,03:20,ICN,Dep 03:22,,departure,2026-07-24T09:51:12+08:00
BR 6536_2026-07-23,BR 6536,EVA,2026-07-23,03:20,TPE,Dep 04:03,,departure,2026-07-24T09:51:12+08:00
LD 208_2026-07-23,LD 208,AHK,2026-07-23,03:25,NRT,Dep 04:11,,departure,2026-07-24T09:51:12+08:00
LD 327_2026-07-23,LD 327,AHK,2026-07-23,03:25,SIN,Dep 03:47,,departure,2026-07-24T09:51:12+08:00
LD 768_2026-07-23,LD 768,AHK,2026-07-23,03:25,PEK,Dep 03:39,,departure,2026-07-24T09:51:12+08:00
LD 216_2026-07-23,LD 216,AHK,2026-07-23,03:30,NGO,Dep 03:31,,departure,2026-07-24T09:51:12+08:00
8K 526_2026-07-23,8K 526,KMI,2026-07-23,03:30,BKK,Dep 03:31,,departure,2026-07-24T09:51:12+08:00
LD 457_2026-07-23,LD 457,AHK,2026-07-23,03:35,"MNL, CEB",Dep 03:29,,departure,2026-07-24T09:51:12+08:00
LD 782_2026-07-23,LD 782,AHK,2026-07-23,03:40,PVG,Dep 03:41,,departure,2026-07-24T09:51:12+08:00
LD 831_2026-07-23,LD 831,AHK,2026-07-23,03:40,BKK,Dep 03:40,,departure,2026-07-24T09:51:12+08:00
LD 561_2026-07-23,LD 561,AHK,2026-07-23,03:45,SGN,Dep 03:50,,departure,2026-07-24T09:51:12+08:00
TH 3508_2026-07-23,TH 3508,RMY,2026-07-23,03:45,KUL,Dep 03:48,,departure,2026-07-24T09:51:12+08:00
EK 9785_2026-07-23,EK 9785,UAE,2026-07-23,03:45,DWC,Dep 03:50,,departure,2026-07-24T09:51:12+08:00
3S 502_2026-07-23,3S 502,BOX,2026-07-23,04:00,LAX,Dep 04:20,,departure,2026-07-24T09:51:12+08:00
3Y 6011_2026-07-23,3Y 6011,MYU,2026-07-23,04:00,"BKI, CGK",Dep 04:28,,departure,2026-07-24T09:51:12+08:00
QR 8433_2026-07-23,QR 8433,QTR,2026-07-23,04:00,DOH,Dep 04:03,,departure,2026-07-24T09:51:12+08:00
HJ 022_2026-07-23,HJ 022,TMN,2026-07-23,04:00,SYD,Dep 04:13,,departure,2026-07-24T09:51:12+08:00
LD 720_2026-07-23,LD 720,AHK,2026-07-23,04:05,CTU,Dep 05:48,,departure,2026-07-24T09:51:12+08:00
3G 841_2026-07-23,3G 841,WCM,2026-07-23,04:15,BKI,Cancelled,,departure,2026-07-24T09:51:12+08:00
TH 3091_2026-07-23,TH 3091,RMY,2026-07-23,04:15,PEN,Dep 04:20,,departure,2026-07-24T09:51:12+08:00
LD 680_2026-07-23,LD 680,AHK,2026-07-23,04:20,TPE,Dep 04:21,,departure,2026-07-24T09:51:12+08:00
3S 715_2026-07-23,3S 715,BOX,2026-07-23,05:35,"DXB, LEJ",Dep 06:04,,departure,2026-07-24T09:51:12+08:00
3S 733_2026-07-23,3S 733,BOX,2026-07-23,05:40,"BLR, LEJ",Dep 05:46,,departure,2026-07-24T09:51:12+08:00
ES 720_2026-07-23,ES 720,DHX,2026-07-23,05:40,BAH,Cancelled,,departure,2026-07-24T09:51:12+08:00
3S 525_2026-07-23,3S 525,BOX,2026-07-23,05:45,"BAH, LEJ",Cancelled,,departure,2026-07-24T09:51:12+08:00
3S 725_2026-07-23,3S 725,BOX,2026-07-23,05:45,"LEJ, DXB",Dep 05:48,,departure,2026-07-24T09:51:12+08:00
EK 9835_2026-07-23,EK 9835,UAE,2026-07-23,05:45,DWC,Dep 05:36,,departure,2026-07-24T09:51:12+08:00
FX 5025_2026-07-23,FX 5025,FDX,2026-07-23,06:20,"IST, CDG, LGG, MEM",Dep 06:16,,departure,2026-07-24T09:51:12+08:00
RH 372_2026-07-23,RH 372,HKC,2026-07-23,06:30,HAN,Dep 06:44,,departure,2026-07-24T09:51:12+08:00
K4 255_2026-07-23,K4 255,CKS,2026-07-23,06:40,"YHM, JFK, CVG",Dep 09:58,,departure,2026-07-24T09:51:12+08:00
D0 590_2026-07-23,D0 590,DHK,2026-07-23,06:40,"DEL, EMA",Cancelled,,departure,2026-07-24T09:51:12+08:00
D0 593_2026-07-23,D0 593,DHK,2026-07-23,06:40,"DEL, EMA",Dep 06:49,,departure,2026-07-24T09:51:12+08:00
K4 241_2026-07-23,K4 241,CKS,2026-07-23,07:00,"ANC, CVG",Dep 18:12,,departure,2026-07-24T09:51:12+08:00
RH 331_2026-07-23,RH 331,HKC,2026-07-23,07:00,BKK,Dep 07:52,,departure,2026-07-24T09:51:12+08:00
N8 503_2026-07-23,N8 503,NCR,2026-07-23,07:00,KWI,Dep 11:08,,departure,2026-07-24T09:51:12+08:00
CK 264_2026-07-23,CK 264,CKK,2026-07-23,07:00,CKG,Dep 06:56,,departure,2026-07-24T09:51:12+08:00
5C 852_2026-07-23,5C 852,ICL,2026-07-23,07:00,TLV,Dep 07:53,,departure,2026-07-24T09:51:12+08:00
MB 430_2026-07-23,MB 430,MNB,2026-07-23,07:10,"NVI, IST",Dep 12:03,,departure,2026-07-24T09:51:12+08:00
5Y 8523_2026-07-23,5Y 8523,GTI,2026-07-23,07:30,"ANC, ORD",Dep 08:35,,departure,2026-07-24T09:51:12+08:00
SR 815_2026-07-23,SR 815,XKY,2026-07-23,07:30,CRK,Dep 07:03,,departure,2026-07-24T09:51:12+08:00
ET 3366_2026-07-23,ET 3366,ETH,2026-07-23,07:35,"EMA, ADD",Dep 08:01,,departure,2026-07-24T09:51:12+08:00
3S 507_2026-07-23,3S 507,BOX,2026-07-23,07:40,LEJ,Dep 10:09,,departure,2026-07-24T09:51:12+08:00
CX 3280_2026-07-23,CX 3280,CPA,2026-07-23,08:05,"ANC, LAX, PDX",Dep 15:31,,departure,2026-07-24T09:51:12+08:00
3S 503_2026-07-23,3S 503,BOX,2026-07-23,08:55,LEJ,Dep 09:41,,departure,2026-07-24T09:51:12+08:00
QY 653_2026-07-23,QY 653,BCS,2026-07-23,09:50,GYD,Dep 10:05,,departure,2026-07-24T09:51:12+08:00
O3 268_2026-07-23,O3 268,CSS,2026-07-23,09:55,NGB,Dep 09:19,,departure,2026-07-24T09:51:12+08:00
ES 820_2026-07-23,ES 820,DHX,2026-07-23,10:00,MCT,Dep 14:00,,departure,2026-07-24T09:51:12+08:00
CX 043_2026-07-23,CX 043,CPA,2026-07-23,10:10,DEL,Cancelled,,departure,2026-07-24T09:51:12+08:00
5X 067_2026-07-23,5X 067,UPS,2026-07-23,10:25,"ICN, ANC, SDF",Dep 11:35,,departure,2026-07-24T09:51:12+08:00
CV 976_2026-07-23,CV 976,CLX,2026-07-23,10:30,"GYD, LUX",Dep 11:53,,departure,2026-07-24T09:51:12+08:00
CV 7624_2026-07-23,CV 7624,CLX,2026-07-23,10:30,"GYD, LUX",Cancelled,,departure,2026-07-24T09:51:12+08:00
MP 9432_2026-07-23,MP 9432,MPH,2026-07-23,10:35,"GYD, AMS",Delayed,,departure,2026-07-24T09:51:12+08:00
BR 6530_2026-07-23,BR 6530,EVA,2026-07-23,11:05,TPE,Dep 12:10,,departure,2026-07-24T09:51:12+08:00
CI 5832_2026-07-23,CI 5832,CAL,2026-07-23,11:15,TPE,Cancelled,,departure,2026-07-24T09:51:12+08:00
EY 926_2026-07-23,EY 926,ETD,2026-07-23,11:15,AUH,Dep 11:46,,departure,2026-07-24T09:51:12+08:00
5X 003_2026-07-23,5X 003,UPS,2026-07-23,11:25,"BLR, CGN, PHL",Dep 11:23,,departure,2026-07-24T09:51:12+08:00
RH 371_2026-07-23,RH 371,HKC,2026-07-23,11:50,SIN,Dep 23:19,,departure,2026-07-24T09:51:12+08:00
CX 036_2026-07-23,CX 036,CPA,2026-07-23,11:55,KIX,Dep 19:17,,departure,2026-07-24T09:51:12+08:00
T8 4702_2026-07-23,T8 4702,TVR,2026-07-23,12:00,SHJ,Cancelled,,departure,2026-07-24T09:51:12+08:00
T8 4726_2026-07-23,T8 4726,TVR,2026-07-23,12:00,DMM,Est at 12:00 (24/07/2026),,departure,2026-07-24T09:51:12+08:00
QR 8427_2026-07-23,QR 8427,QTR,2026-07-23,12:10,DOH,Dep 12:45,,departure,2026-07-24T09:51:12+08:00
CT 188_2026-07-23,CT 188,AAE,2026-07-23,12:10,HSA,Cancelled,,departure,2026-07-24T09:51:12+08:00
RH 962_2026-07-23,RH 962,HKC,2026-07-23,12:30,KIX,Dep 14:20,,departure,2026-07-24T09:51:12+08:00
KJ 968_2026-07-23,KJ 968,AIH,2026-07-23,12:45,ICN,Dep 13:40,,departure,2026-07-24T09:51:12+08:00
EK 9825_2026-07-23,EK 9825,UAE,2026-07-23,12:50,DWC,Dep 12:43,,departure,2026-07-24T09:51:12+08:00
SQ 7921_2026-07-23,SQ 7921,SIA,2026-07-23,13:10,SIN,Dep 14:52,,departure,2026-07-24T09:51:12+08:00
EK 9837_2026-07-23,EK 9837,UAE,2026-07-23,13:15,DWC,Dep 13:52,,departure,2026-07-24T09:51:12+08:00
RH 9457_2026-07-23,RH 9457,HKC,2026-07-23,13:20,DEL,Dep 16:01,,departure,2026-07-24T09:51:12+08:00
CT 128_2026-07-23,CT 128,AAE,2026-07-23,13:30,DWC,Cancelled,,departure,2026-07-24T09:51:12+08:00
CX 3298_2026-07-23,CX 3298,CPA,2026-07-23,13:50,"ANC, JFK",Cancelled,,departure,2026-07-24T09:51:12+08:00
3S 509_2026-07-23,3S 509,BOX,2026-07-23,14:15,LEJ,Dep 14:05,,departure,2026-07-24T09:51:12+08:00
EK 9841_2026-07-23,EK 9841,UAE,2026-07-23,14:30,DWC,Dep 14:53,,departure,2026-07-24T09:51:12+08:00
SQ 7952_2026-07-23,SQ 7952,SIA,2026-07-23,14:45,"ANC, DFW",Dep 14:37,,departure,2026-07-24T09:51:12+08:00
WW 862_2026-07-23,WW 862,KXP,2026-07-23,14:45,KUL,Cancelled,,departure,2026-07-24T09:51:12+08:00
QR 8417_2026-07-23,QR 8417,QTR,2026-07-23,15:20,DOH,Dep 15:12,,departure,2026-07-24T09:51:12+08:00
CC 4800_2026-07-23,CC 4800,ABD,2026-07-23,15:40,CMB,Cancelled,,departure,2026-07-24T09:51:12+08:00
5X 001_2026-07-23,5X 001,UPS,2026-07-23,15:40,"CGN, PHL",Cancelled,,departure,2026-07-24T09:51:12+08:00
RH 317_2026-07-23,RH 317,HKC,2026-07-23,15:55,HAN,Cancelled,,departure,2026-07-24T09:51:12+08:00
CX 3243_2026-07-23,CX 3243,CPA,2026-07-23,16:05,HAN,Dep 16:37,,departure,2026-07-24T09:51:12+08:00
5X 061_2026-07-23,5X 061,UPS,2026-07-23,16:05,"TPE, ANC, SDF",Dep 16:32,,departure,2026-07-24T09:51:12+08:00
P9 881_2026-07-23,P9 881,MGE,2026-07-23,16:10,GUM,Est at 20:30 (25/07/2026),,departure,2026-07-24T09:51:12+08:00
5X 166_2026-07-23,5X 166,UPS,2026-07-23,16:10,"SIN, SDF",Dep 15:58,,departure,2026-07-24T09:51:12+08:00
KE 9314_2026-07-23,KE 9314,KAL,2026-07-23,16:55,ICN,Dep 16:40,,departure,2026-07-24T09:51:12+08:00
3S 519_2026-07-23,3S 519,BOX,2026-07-23,17:00,LEJ,Dep 21:07,,departure,2026-07-24T09:51:12+08:00
5Y 654_2026-07-23,5Y 654,GTI,2026-07-23,17:25,"ICN, ANC, ORD",Dep 17:33,,departure,2026-07-24T09:51:12+08:00
CV 287_2026-07-23,CV 287,CLX,2026-07-23,17:30,"ANC, MIA",Dep 18:47,,departure,2026-07-24T09:51:12+08:00
5Y 4356_2026-07-23,5Y 4356,GTI,2026-07-23,17:55,"GYD, LGG",Dep 18:08,,departure,2026-07-24T09:51:12+08:00
TH 641_2026-07-23,TH 641,RMY,2026-07-23,18:00,KUL,Dep 18:06,,departure,2026-07-24T09:51:12+08:00
MH 6119_2026-07-23,MH 6119,MAS,2026-07-23,18:10,KUL,Dep 21:18,,departure,2026-07-24T09:51:12+08:00
LH 8461_2026-07-23,LH 8461,GEC,2026-07-23,18:25,"IST, FRA",Dep 18:20,,departure,2026-07-24T09:51:12+08:00
CX 2047_2026-07-23,CX 2047,CPA,2026-07-23,18:30,MAA,Cancelled,,departure,2026-07-24T09:51:12+08:00
5X 063_2026-07-23,5X 063,UPS,2026-07-23,19:05,"ANC, SDF",Dep 19:31,,departure,2026-07-24T09:51:12+08:00
CI 5838_2026-07-23,CI 5838,CAL,2026-07-23,19:20,TPE,Dep 19:29,,departure,2026-07-24T09:51:12+08:00
7L 923_2026-07-23,7L 923,AZG,2026-07-23,19:20,GYD,Dep 19:29,,departure,2026-07-24T09:51:12+08:00
QR 8471_2026-07-23,QR 8471,QTR,2026-07-23,19:40,DOH,Dep 19:43,,departure,2026-07-24T09:51:12+08:00
AK 8542_2026-07-23,AK 8542,AXM,2026-07-23,19:45,KUL,Dep 19:42,,departure,2026-07-24T09:51:12+08:00
SV 3021_2026-07-23,SV 3021,SVA,2026-07-23,19:50,"HSA, BUD",Cancelled,,departure,2026-07-24T09:51:12+08:00
FX 5991_2026-07-23,FX 5991,FDX,2026-07-23,19:50,"KIX, OAK",Dep 19:58,,departure,2026-07-24T09:51:12+08:00
5X 059_2026-07-23,5X 059,UPS,2026-07-23,19:50,"ANC, ONT",Dep 19:42,,departure,2026-07-24T09:51:12+08:00
C8 782_2026-07-23,C8 782,ICV,2026-07-23,20:00,"ASB, MXP",Dep 21:38,,departure,2026-07-24T09:51:12+08:00
CX 056_2026-07-23,CX 056,CPA,2026-07-23,20:25,PVG,Dep 01:10 (24/07/2026),,departure,2026-07-24T09:51:12+08:00
7L 147_2026-07-23,7L 147,AZG,2026-07-23,20:25,GYD,Cancelled,,departure,2026-07-24T09:51:12+08:00
CX 054_2026-07-23,CX 054,CPA,2026-07-23,20:45,"CGO, PVG",Dep 20:57,,departure,2026-07-24T09:51:12+08:00
RH 351_2026-07-23,RH 351,HKC,2026-07-23,21:20,MNL,Cancelled,,departure,2026-07-24T09:51:12+08:00
7L 692_2026-07-23,7L 692,AZG,2026-07-23,21:20,GYD,Cancelled,,departure,2026-07-24T09:51:12+08:00
QR 8413_2026-07-23,QR 8413,QTR,2026-07-23,21:30,DOH,Dep 21:28,,departure,2026-07-24T09:51:12+08:00
D0 009_2026-07-23,D0 009,DHK,2026-07-23,21:40,"CVG, EMA",Dep 21:49,,departure,2026-07-24T09:51:12+08:00
EK 9925_2026-07-23,EK 9925,UAE,2026-07-23,22:45,"ANC, LAX",Cancelled,,departure,2026-07-24T09:51:12+08:00
P9 881_2026-07-21,P9 881,MGE,2026-07-21,16:10,GUM,Est at 20:30 (24/07/2026),,departure,2026-07-24T09:52:02+08:00
CX 3016_2026-07-22,CX 3016,CPA,2026-07-22,09:25,"ANC, ORD",Dep 00:01 (24/07/2026),,departure,2026-07-24T09:52:02+08:00
RH 317_2026-07-22,RH 317,HKC,2026-07-22,15:55,HAN,Dep 01:17 (24/07/2026),,departure,2026-07-24T09:52:02+08:00
CX 086_2026-07-23,CX 086,CPA,2026-07-23,01:30,"ANC, NLU",Est at 11:30 (24/07/2026),,departure,2026-07-24T09:52:02+08:00
T8 4702_2026-07-23,T8 4702,TVR,2026-07-23,12:00,SHJ,Cancelled,,departure,2026-07-24T09:52:02+08:00
T8 4726_2026-07-23,T8 4726,TVR,2026-07-23,12:00,DMM,Est at 12:00 (24/07/2026),,departure,2026-07-24T09:52:02+08:00
CX 056_2026-07-23,CX 056,CPA,2026-07-23,20:25,PVG,Dep 01:10 (24/07/2026),,departure,2026-07-24T09:52:02+08:00
ET 3785_2026-07-24,ET 3785,ETH,2026-07-24,00:00,"MCT, MAD",Cancelled,,departure,2026-07-24T09:52:02+08:00
CX 2094_2026-07-24,CX 2094,CPA,2026-07-24,00:10,"ANC, ORD",Est at 16:00,,departure,2026-07-24T09:52:02+08:00
RH 4568_2026-07-24,RH 4568,HKC,2026-07-24,00:15,TPE,Cancelled,,departure,2026-07-24T09:52:02+08:00
RH 829_2026-07-24,RH 829,HKC,2026-07-24,00:15,PVG,Dep 01:21,,departure,2026-07-24T09:52:02+08:00
SV 987_2026-07-24,SV 987,SVA,2026-07-24,00:30,RUH,Dep 00:30,,departure,2026-07-24T09:52:02+08:00
QR 8401_2026-07-24,QR 8401,QTR,2026-07-24,00:30,DOH,Dep 00:45,,departure,2026-07-24T09:52:02+08:00
CX 006_2026-07-24,CX 006,CPA,2026-07-24,00:50,NRT,Dep 00:59,,departure,2026-07-24T09:52:02+08:00
CX 096_2026-07-24,CX 096,CPA,2026-07-24,01:30,"ANC, NLU",Est at 16:00,,departure,2026-07-24T09:52:02+08:00
TH 671_2026-07-24,TH 671,RMY,2026-07-24,01:35,KUL,Dep 01:04,,departure,2026-07-24T09:52:02+08:00
KZ 202_2026-07-24,KZ 202,NCA,2026-07-24,02:25,NRT,Dep 02:25,,departure,2026-07-24T09:52:02+08:00
KJ 974_2026-07-24,KJ 974,AIH,2026-07-24,02:40,ICN,Dep 02:34,,departure,2026-07-24T09:52:02+08:00
CI 5826_2026-07-24,CI 5826,CAL,2026-07-24,03:00,TPE,Dep 02:57,,departure,2026-07-24T09:52:02+08:00
CX 3031_2026-07-24,CX 3031,CPA,2026-07-24,03:00,AMS,Dep 03:18,,departure,2026-07-24T09:52:02+08:00
KE 314_2026-07-24,KE 314,KAL,2026-07-24,03:10,ICN,Est at 13:35,,departure,2026-07-24T09:52:02+08:00
LD 204_2026-07-24,LD 204,AHK,2026-07-24,03:15,KIX,Dep 03:44,,departure,2026-07-24T09:52:02+08:00
LD 128_2026-07-24,LD 128,AHK,2026-07-24,03:20,ICN,Dep 03:22,,departure,2026-07-24T09:52:02+08:00
BR 6538_2026-07-24,BR 6538,EVA,2026-07-24,03:20,TPE,Dep 02:58,,departure,2026-07-24T09:52:02+08:00
LD 208_2026-07-24,LD 208,AHK,2026-07-24,03:25,NRT,Dep 03:58,,departure,2026-07-24T09:52:02+08:00
LD 327_2026-07-24,LD 327,AHK,2026-07-24,03:25,SIN,Dep 03:25,,departure,2026-07-24T09:52:02+08:00
LD 768_2026-07-24,LD 768,AHK,2026-07-24,03:25,PEK,Dep 03:55,,departure,2026-07-24T09:52:02+08:00
LD 216_2026-07-24,LD 216,AHK,2026-07-24,03:30,NGO,Dep 03:31,,departure,2026-07-24T09:52:02+08:00
8K 526_2026-07-24,8K 526,KMI,2026-07-24,03:30,BKK,Dep 03:35,,departure,2026-07-24T09:52:02+08:00
LD 457_2026-07-24,LD 457,AHK,2026-07-24,03:35,"MNL, CEB",Dep 03:38,,departure,2026-07-24T09:52:02+08:00
LD 782_2026-07-24,LD 782,AHK,2026-07-24,03:40,PVG,Dep 03:51,,departure,2026-07-24T09:52:02+08:00
LD 831_2026-07-24,LD 831,AHK,2026-07-24,03:40,BKK,Dep 03:45,,departure,2026-07-24T09:52:02+08:00
LD 561_2026-07-24,LD 561,AHK,2026-07-24,03:45,SGN,Dep 03:48,,departure,2026-07-24T09:52:02+08:00
TH 3508_2026-07-24,TH 3508,RMY,2026-07-24,03:45,KUL,Dep 03:50,,departure,2026-07-24T09:52:02+08:00
NH 8512_2026-07-24,NH 8512,ANA,2026-07-24,03:50,NRT,Dep 04:08,,departure,2026-07-24T09:52:02+08:00
3S 500_2026-07-24,3S 500,BOX,2026-07-24,04:00,LAX,Dep 04:18,,departure,2026-07-24T09:52:02+08:00
3Y 6011_2026-07-24,3Y 6011,MYU,2026-07-24,04:00,CGK,Dep 04:11,,departure,2026-07-24T09:52:02+08:00
LD 720_2026-07-24,LD 720,AHK,2026-07-24,04:05,CTU,Dep 04:11,,departure,2026-07-24T09:52:02+08:00
CX 072_2026-07-24,CX 072,CPA,2026-07-24,04:10,"ANC, MIA",Est at 22:20,,departure,2026-07-24T09:52:02+08:00
QR 8407_2026-07-24,QR 8407,QTR,2026-07-24,04:10,DOH,Dep 04:04,,departure,2026-07-24T09:52:02+08:00
TH 3091_2026-07-24,TH 3091,RMY,2026-07-24,04:15,PEN,Dep 04:22,,departure,2026-07-24T09:52:02+08:00
LD 680_2026-07-24,LD 680,AHK,2026-07-24,04:20,TPE,Dep 04:18,,departure,2026-07-24T09:52:02+08:00
ET 3769_2026-07-24,ET 3769,ETH,2026-07-24,05:00,"EMA, IST",Cancelled,,departure,2026-07-24T09:52:02+08:00
QR 8415_2026-07-24,QR 8415,QTR,2026-07-24,05:30,DOH,Dep 06:10,,departure,2026-07-24T09:52:02+08:00
3S 713_2026-07-24,3S 713,BOX,2026-07-24,05:35,"DXB, LEJ",Dep 06:44,,departure,2026-07-24T09:52:02+08:00
3S 735_2026-07-24,3S 735,BOX,2026-07-24,05:40,"BLR, LEJ",Dep 05:50,,departure,2026-07-24T09:52:02+08:00
ES 728_2026-07-24,ES 728,DHX,2026-07-24,05:40,BAH,Cancelled,,departure,2026-07-24T09:52:02+08:00
3S 523_2026-07-24,3S 523,BOX,2026-07-24,05:45,"BAH, LEJ",Cancelled,,departure,2026-07-24T09:52:02+08:00
FX 5217_2026-07-24,FX 5217,FDX,2026-07-24,06:05,"IST, LGG, CDG, MEM",Dep 06:02,,departure,2026-07-24T09:52:02+08:00
3S 517_2026-07-24,3S 517,BOX,2026-07-24,06:10,LEJ,Dep 06:17,,departure,2026-07-24T09:52:02+08:00
3S 723_2026-07-24,3S 723,BOX,2026-07-24,06:10,"DXB, LEJ",Cancelled,,departure,2026-07-24T09:52:02+08:00
D0 591_2026-07-24,D0 591,DHK,2026-07-24,06:40,"DEL, EMA",Dep 06:46,,departure,2026-07-24T09:52:02+08:00
CX 2058_2026-07-24,CX 2058,CPA,2026-07-24,06:45,PVG,Est at 14:00,,departure,2026-07-24T09:52:02+08:00
K4 277D_2026-07-24,K4 277D,CKS,2026-07-24,06:50,"ANC, ANC",Dep 08:55,,departure,2026-07-24T09:52:02+08:00
ET 3035_2026-07-24,ET 3035,ETH,2026-07-24,06:55,ADD,Cancelled,,departure,2026-07-24T09:52:02+08:00
QR 8409_2026-07-24,QR 8409,QTR,2026-07-24,06:55,DOH,Dep 07:48,,departure,2026-07-24T09:52:02+08:00
K4 243_2026-07-24,K4 243,CKS,2026-07-24,07:00,"ANC, MIA",Dep 06:51,,departure,2026-07-24T09:52:02+08:00
RH 331_2026-07-24,RH 331,HKC,2026-07-24,07:00,BKK,Est at 10:20,,departure,2026-07-24T09:52:02+08:00
CC 4800_2026-07-24,CC 4800,ABD,2026-07-24,07:00,"CMB, JNB",Dep 06:58,,departure,2026-07-24T09:52:02+08:00
QR 8411_2026-07-24,QR 8411,QTR,2026-07-24,07:00,DOH,Dep 06:52,,departure,2026-07-24T09:52:02+08:00
CC 3571_2026-07-24,CC 3571,ABD,2026-07-24,07:00,"CMB, JNB",Dep 08:02,,departure,2026-07-24T09:52:02+08:00
SQ 7861_2026-07-24,SQ 7861,SIA,2026-07-24,07:00,SIN,Est at 13:00,,departure,2026-07-24T09:52:02+08:00
K4 209_2026-07-24,K4 209,CKS,2026-07-24,07:05,"ANC, CVG",Est at 17:30 (25/07/2026),,departure,2026-07-24T09:52:02+08:00
CI 5828_2026-07-24,CI 5828,CAL,2026-07-24,07:05,TPE,Dep 07:07,,departure,2026-07-24T09:52:02+08:00
CX 037_2026-07-24,CX 037,CPA,2026-07-24,07:05,"BLR, LHR",Cancelled,,departure,2026-07-24T09:52:02+08:00
K4 272_2026-07-24,K4 272,CKS,2026-07-24,07:15,"DWC, LGG",Dep 07:06,,departure,2026-07-24T09:52:02+08:00
SR 815_2026-07-24,SR 815,XKY,2026-07-24,07:30,CRK,Dep 07:11,,departure,2026-07-24T09:52:02+08:00
CI 6842_2026-07-24,CI 6842,CAL,2026-07-24,07:35,TPE,Cancelled,,departure,2026-07-24T09:52:02+08:00
3S 703_2026-07-24,3S 703,BOX,2026-07-24,07:40,LEJ,Dep 08:10,,departure,2026-07-24T09:52:02+08:00
O3 152_2026-07-24,O3 152,CSS,2026-07-24,07:55,EHU,Dep 07:27,,departure,2026-07-24T09:52:02+08:00
CX 2073_2026-07-24,CX 2073,CPA,2026-07-24,09:20,SIN,Est at 10:35,,departure,2026-07-24T09:52:02+08:00
O3 268_2026-07-24,O3 268,CSS,2026-07-24,09:55,NGB,Est at 10:00,,departure,2026-07-24T09:52:02+08:00
ES 810_2026-07-24,ES 810,DHX,2026-07-24,10:00,MCT,Est at 11:30,,departure,2026-07-24T09:52:02+08:00
ES 836_2026-07-24,ES 836,DHX,2026-07-24,10:00,MCT,Cancelled,,departure,2026-07-24T09:52:02+08:00
QY 517_2026-07-24,QY 517,BCS,2026-07-24,10:00,"ALA, LEJ",Est at 13:35,,departure,2026-07-24T09:52:02+08:00
CV 913_2026-07-24,CV 913,CLX,2026-07-24,10:15,"GYD, LUX",Est at 13:25,,departure,2026-07-24T09:52:02+08:00
CV 7955_2026-07-24,CV 7955,CLX,2026-07-24,10:15,"NQZ, LUX",Cancelled,,departure,2026-07-24T09:52:02+08:00
QR 8435_2026-07-24,QR 8435,QTR,2026-07-24,10:15,DOH,,,departure,2026-07-24T09:52:02+08:00
5C 852_2026-07-24,5C 852,ICL,2026-07-24,10:30,TLV,Est at 10:30,,departure,2026-07-24T09:52:02+08:00
EY 932_2026-07-24,EY 932,ETD,2026-07-24,10:35,AUH,Est at 10:35,,departure,2026-07-24T09:52:02+08:00
EK 9843_2026-07-24,EK 9843,UAE,2026-07-24,10:45,DWC,Est at 10:25,,departure,2026-07-24T09:52:02+08:00
3S 503_2026-07-24,3S 503,BOX,2026-07-24,10:50,LEJ,,,departure,2026-07-24T09:52:02+08:00
EK 9791_2026-07-24,EK 9791,UAE,2026-07-24,10:55,DWC,,,departure,2026-07-24T09:52:02+08:00
5X 003_2026-07-24,5X 003,UPS,2026-07-24,11:25,"BLR, CGN, PHL",,,departure,2026-07-24T09:52:02+08:00
CP 155_2026-07-24,CP 155,LSI,2026-07-24,11:35,OTP,Est at 12:40,,departure,2026-07-24T09:52:02+08:00
RH 371D_2026-07-24,RH 371D,HKC,2026-07-24,11:50,SIN,Est at 11:00,,departure,2026-07-24T09:52:02+08:00
QR 8405_2026-07-24,QR 8405,QTR,2026-07-24,11:55,DOH,Est at 14:10,,departure,2026-07-24T09:52:02+08:00
T8 4726_2026-07-24,T8 4726,TVR,2026-07-24,12:00,DMM,Cancelled,,departure,2026-07-24T09:52:02+08:00
RH 9457_2026-07-24,RH 9457,HKC,2026-07-24,12:00,DEL,Est at 20:50,,departure,2026-07-24T09:52:02+08:00
CV 272_2026-07-24,CV 272,CLX,2026-07-24,12:25,"ANC, ORD, LUX",Est at 13:55,,departure,2026-07-24T09:52:02+08:00
3V 400_2026-07-24,3V 400,TAY,2026-07-24,12:25,"ALA, LGG",Est at 14:20,,departure,2026-07-24T09:52:02+08:00
7L 1923_2026-07-24,7L 1923,AZG,2026-07-24,12:45,DWC,Est at 17:00,,departure,2026-07-24T09:52:02+08:00
5Y 612_2026-07-24,5Y 612,GTI,2026-07-24,13:10,"ANC, HSV, MIA",Est at 16:05,,departure,2026-07-24T09:52:02+08:00
KJ 970_2026-07-24,KJ 970,AIH,2026-07-24,13:15,ICN,Est at 14:00,,departure,2026-07-24T09:52:02+08:00
EK 9853_2026-07-24,EK 9853,UAE,2026-07-24,13:35,DWC,Est at 14:00,,departure,2026-07-24T09:52:02+08:00
2U 8482_2026-07-24,2U 8482,FKH,2026-07-24,14:00,BOM,Cancelled,,departure,2026-07-24T09:52:02+08:00
RH 9375_2026-07-24,RH 9375,HKC,2026-07-24,14:00,MAA,,,departure,2026-07-24T09:52:02+08:00
K4 551_2026-07-24,K4 551,CKS,2026-07-24,14:15,"NRT, ORD",Est at 07:00 (25/07/2026),,departure,2026-07-24T09:52:02+08:00
TK 6259_2026-07-24,TK 6259,THY,2026-07-24,14:20,IST,Est at 16:00,,departure,2026-07-24T09:52:02+08:00
5X 067_2026-07-24,5X 067,UPS,2026-07-24,14:20,"ANC, SDF",,,departure,2026-07-24T09:52:02+08:00
CX 039_2026-07-24,CX 039,CPA,2026-07-24,14:45,BOM,Est at 17:50,,departure,2026-07-24T09:52:02+08:00
WW 862_2026-07-24,WW 862,KXP,2026-07-24,15:20,KUL,Cancelled,,departure,2026-07-24T09:52:02+08:00
KE 8314_2026-07-24,KE 8314,KAL,2026-07-24,15:50,ICN,Est at 19:20,,departure,2026-07-24T09:52:02+08:00
RH 317_2026-07-24,RH 317,HKC,2026-07-24,15:55,HAN,Est at 06:50 (25/07/2026),,departure,2026-07-24T09:52:02+08:00
CX 094_2026-07-24,CX 094,CPA,2026-07-24,16:00,"ANC, JFK",Est at 03:05 (25/07/2026),,departure,2026-07-24T09:52:02+08:00
5X 061_2026-07-24,5X 061,UPS,2026-07-24,16:05,"TPE, ANC, SDF",,,departure,2026-07-24T09:52:02+08:00
P9 881_2026-07-24,P9 881,MGE,2026-07-24,16:10,GUM,Delayed,,departure,2026-07-24T09:52:02+08:00
TK 6321_2026-07-24,TK 6321,THY,2026-07-24,16:25,IST,,,departure,2026-07-24T09:52:02+08:00
5X 169_2026-07-24,5X 169,UPS,2026-07-24,16:25,"SIN, SDF",,,departure,2026-07-24T09:52:02+08:00
3S 519_2026-07-24,3S 519,BOX,2026-07-24,16:45,LEJ,Est at 17:00,,departure,2026-07-24T09:52:02+08:00
CX 2049_2026-07-24,CX 2049,CPA,2026-07-24,16:55,HAN,Est at 20:45,,departure,2026-07-24T09:52:02+08:00
SR 824_2026-07-24,SR 824,XKY,2026-07-24,17:00,CRK,,,departure,2026-07-24T09:52:02+08:00
CX 2082_2026-07-24,CX 2082,CPA,2026-07-24,17:05,"ANC, ORD",Cancelled,,departure,2026-07-24T09:52:02+08:00
QR 8475_2026-07-24,QR 8475,QTR,2026-07-24,17:15,DOH,Est at 19:55,,departure,2026-07-24T09:52:02+08:00
5Y 8139_2026-07-24,5Y 8139,GTI,2026-07-24,17:45,"DEL, ANC",Cancelled,,departure,2026-07-24T09:52:02+08:00
TH 641_2026-07-24,TH 641,RMY,2026-07-24,18:05,KUL,,,departure,2026-07-24T09:52:02+08:00
CX 2026_2026-07-24,CX 2026,CPA,2026-07-24,18:05,TPE,,,departure,2026-07-24T09:52:02+08:00
7L 247_2026-07-24,7L 247,AZG,2026-07-24,18:10,GYD,Cancelled,,departure,2026-07-24T09:52:02+08:00
EK 9847_2026-07-24,EK 9847,UAE,2026-07-24,18:25,DWC,,,departure,2026-07-24T09:52:02+08:00
7L 572_2026-07-24,7L 572,AZG,2026-07-24,18:35,GYD,Cancelled,,departure,2026-07-24T09:52:02+08:00
2C 561_2026-07-24,2C 561,CMA,2026-07-24,18:45,"NVI, CDG",Est at 19:15,,departure,2026-07-24T09:52:02+08:00
SQ 7859_2026-07-24,SQ 7859,SIA,2026-07-24,18:55,SIN,,,departure,2026-07-24T09:52:02+08:00
CI 6844_2026-07-24,CI 6844,CAL,2026-07-24,19:20,TPE,Est at 18:50,,departure,2026-07-24T09:52:02+08:00
5X 063_2026-07-24,5X 063,UPS,2026-07-24,19:25,"ANC, SDF",,,departure,2026-07-24T09:52:02+08:00
QR 8423_2026-07-24,QR 8423,QTR,2026-07-24,19:30,DOH,Est at 22:15,,departure,2026-07-24T09:52:02+08:00
WW 866_2026-07-24,WW 866,KXP,2026-07-24,19:35,HKG,Cancelled,,departure,2026-07-24T09:52:02+08:00
AK 8542_2026-07-24,AK 8542,AXM,2026-07-24,19:45,KUL,Est at 23:15,,departure,2026-07-24T09:52:02+08:00
5X 059_2026-07-24,5X 059,UPS,2026-07-24,19:45,"ANC, ONT",,,departure,2026-07-24T09:52:02+08:00
FX 5991_2026-07-24,FX 5991,FDX,2026-07-24,19:50,"KIX, OAK, MEM",,,departure,2026-07-24T09:52:02+08:00
SQ 7354_2026-07-24,SQ 7354,SIA,2026-07-24,20:05,"MAA, BRU",Cancelled,,departure,2026-07-24T09:52:02+08:00
K4 702_2026-07-24,K4 702,CKS,2026-07-24,20:25,"DWC, TLV",,,departure,2026-07-24T09:52:02+08:00
CX 3147_2026-07-24,CX 3147,CPA,2026-07-24,21:00,HAN,Est at 00:05 (25/07/2026),,departure,2026-07-24T09:52:02+08:00
CX 090_2026-07-24,CX 090,CPA,2026-07-24,21:05,"ANC, DFW",Cancelled,,departure,2026-07-24T09:52:02+08:00
RH 351_2026-07-24,RH 351,HKC,2026-07-24,21:20,MNL,Cancelled,,departure,2026-07-24T09:52:02+08:00
EK 9775_2026-07-24,EK 9775,UAE,2026-07-24,21:25,DWC,,,departure,2026-07-24T09:52:02+08:00
Y9 2564_2026-07-24,Y9 2564,SGA,2026-07-24,21:30,"DAC, DWC",,,departure,2026-07-24T09:52:02+08:00
CV 293_2026-07-24,CV 293,CLX,2026-07-24,21:45,"ANC, NLU, GDL, LUX",Est at 21:45,,departure,2026-07-24T09:52:02+08:00
AK 8535_2026-07-24,AK 8535,AXM,2026-07-24,21:55,KUL,Cancelled,,departure,2026-07-24T09:52:02+08:00
HJ 022_2026-07-24,HJ 022,TMN,2026-07-24,22:35,SYD,,,departure,2026-07-24T09:52:02+08:00
C6 7632_2026-07-24,C6 7632,MFX,2026-07-24,23:00,TAS,Est at 23:00 (25/07/2026),,departure,2026-07-24T09:52:02+08:00
QF 7526_2026-07-24,QF 7526,QFA,2026-07-24,23:55,SYD,Est at 23:40,,departure,2026-07-24T09:52:02+08:00
ET 3707_2026-07-25,ET 3707,ETH,2026-07-25,07:20,"ADD, BUD",Dep 07:49 (24/07/2026),,departure,2026-07-24T09:52:02+08:00
P9 881_2026-07-23,P9 881,MGE,2026-07-23,16:10,GUM,Est at 20:30 (25/07/2026),,departure,2026-07-24T09:40:34+08:00
K4 209_2026-07-24,K4 209,CKS,2026-07-24,07:05,"ANC, CVG",Est at 17:30 (25/07/2026),,departure,2026-07-24T09:40:34+08:00
K4 551_2026-07-24,K4 551,CKS,2026-07-24,14:15,"NRT, ORD",Est at 07:00 (25/07/2026),,departure,2026-07-24T09:40:34+08:00
RH 317_2026-07-24,RH 317,HKC,2026-07-24,15:55,HAN,Est at 06:50 (25/07/2026),,departure,2026-07-24T09:40:34+08:00
CX 094_2026-07-24,CX 094,CPA,2026-07-24,16:00,"ANC, JFK",Est at 03:05 (25/07/2026),,departure,2026-07-24T09:40:34+08:00
CX 3147_2026-07-24,CX 3147,CPA,2026-07-24,21:00,HAN,Est at 00:05 (25/07/2026),,departure,2026-07-24T09:40:34+08:00
C6 7632_2026-07-24,C6 7632,MFX,2026-07-24,23:00,TAS,Est at 23:00 (25/07/2026),,departure,2026-07-24T09:40:34+08:00
CX 3272_2026-07-25,CX 3272,CPA,2026-07-25,00:05,"ANC, MIA, ATL",,,departure,2026-07-24T09:40:34+08:00
RH 4568_2026-07-25,RH 4568,HKC,2026-07-25,00:15,TPE,Est at 01:00,,departure,2026-07-24T09:40:34+08:00
CX 006_2026-07-25,CX 006,CPA,2026-07-25,00:50,NRT,Cancelled,,departure,2026-07-24T09:40:34+08:00
CX 086_2026-07-25,CX 086,CPA,2026-07-25,01:30,"ANC, NLU",Est at 06:55,,departure,2026-07-24T09:40:34+08:00
KJ 972_2026-07-25,KJ 972,AIH,2026-07-25,02:20,ICN,Est at 02:30,,departure,2026-07-24T09:40:34+08:00
KZ 202_2026-07-25,KZ 202,NCA,2026-07-25,02:25,NRT,,,departure,2026-07-24T09:40:34+08:00
NH 8512_2026-07-25,NH 8512,ANA,2026-07-25,02:25,NRT,,,departure,2026-07-24T09:40:34+08:00
SV 983_2026-07-25,SV 983,SVA,2026-07-25,02:25,RUH,,,departure,2026-07-24T09:40:34+08:00
CX 056_2026-07-25,CX 056,CPA,2026-07-25,02:40,PVG,,,departure,2026-07-24T09:40:34+08:00
ET 3219_2026-07-25,ET 3219,ETH,2026-07-25,02:40,ADD,Est at 09:10 (26/07/2026),,departure,2026-07-24T09:40:34+08:00
CI 5836_2026-07-25,CI 5836,CAL,2026-07-25,03:00,TPE,Est at 04:30,,departure,2026-07-24T09:40:34+08:00
KE 314_2026-07-25,KE 314,KAL,2026-07-25,03:10,ICN,,,departure,2026-07-24T09:40:34+08:00
BR 6536_2026-07-25,BR 6536,EVA,2026-07-25,03:20,TPE,,,departure,2026-07-24T09:40:34+08:00
LD 457_2026-07-25,LD 457,AHK,2026-07-25,03:35,"MNL, CEB",,,departure,2026-07-24T09:40:34+08:00
QR 8421_2026-07-25,QR 8421,QTR,2026-07-25,03:35,DOH,,,departure,2026-07-24T09:40:34+08:00
8K 526_2026-07-25,8K 526,KMI,2026-07-25,03:40,BKK,,,departure,2026-07-24T09:40:34+08:00
LD 591_2026-07-25,LD 591,AHK,2026-07-25,03:45,PEN,,,departure,2026-07-24T09:40:34+08:00
LD 128_2026-07-25,LD 128,AHK,2026-07-25,03:50,ICN,,,departure,2026-07-24T09:40:34+08:00
LD 208_2026-07-25,LD 208,AHK,2026-07-25,03:55,NRT,,,departure,2026-07-24T09:40:34+08:00
CX 050_2026-07-25,CX 050,CPA,2026-07-25,04:00,CGO,,,departure,2026-07-24T09:40:34+08:00
LD 831_2026-07-25,LD 831,AHK,2026-07-25,04:05,BKK,,,departure,2026-07-24T09:40:34+08:00
SQ 7412_2026-07-25,SQ 7412,SIA,2026-07-25,04:05,"NGO, CVG",,,departure,2026-07-24T09:40:34+08:00
LD 782_2026-07-25,LD 782,AHK,2026-07-25,04:15,PVG,,,departure,2026-07-24T09:40:34+08:00
LD 317_2026-07-25,LD 317,AHK,2026-07-25,04:35,SIN,,,departure,2026-07-24T09:40:34+08:00
CV 352_2026-07-25,CV 352,CLX,2026-07-25,04:40,"GYD, LUX",Est at 05:00,,departure,2026-07-24T09:40:34+08:00
LD 680_2026-07-25,LD 680,AHK,2026-07-25,04:45,TPE,,,departure,2026-07-24T09:40:34+08:00
CX 061_2026-07-25,CX 061,CPA,2026-07-25,05:00,"BLR, FRA",,,departure,2026-07-24T09:40:34+08:00
3S 715_2026-07-25,3S 715,BOX,2026-07-25,05:35,"DXB, LEJ",,,departure,2026-07-24T09:40:34+08:00
EK 9831_2026-07-25,EK 9831,UAE,2026-07-25,05:35,DWC,,,departure,2026-07-24T09:40:34+08:00
3S 733_2026-07-25,3S 733,BOX,2026-07-25,05:40,"BLR, LEJ",,,departure,2026-07-24T09:40:34+08:00
ES 720_2026-07-25,ES 720,DHX,2026-07-25,05:40,BAH,Cancelled,,departure,2026-07-24T09:40:34+08:00
3S 545_2026-07-25,3S 545,BOX,2026-07-25,05:55,"BRU, FRA",,,departure,2026-07-24T09:40:34+08:00
K4 287_2026-07-25,K4 287,CKS,2026-07-25,06:00,"LAX, LEJ",,,departure,2026-07-24T09:40:34+08:00
FX 021_2026-07-25,FX 021,FDX,2026-07-25,06:05,"IST, MEM",,,departure,2026-07-24T09:40:34+08:00
RH 392_2026-07-25,RH 392,HKC,2026-07-25,06:05,"DEL, BUD",,,departure,2026-07-24T09:40:34+08:00
2U 8021_2026-07-25,2U 8021,FKH,2026-07-25,06:40,NQZ,,,departure,2026-07-24T09:40:34+08:00
3S 729_2026-07-25,3S 729,BOX,2026-07-25,06:50,"DXB, LEJ",,,departure,2026-07-24T09:40:34+08:00
K4 253_2026-07-25,K4 253,CKS,2026-07-25,06:55,"ANC, CVG",,,departure,2026-07-24T09:40:34+08:00
CC 3575_2026-07-25,CC 3575,ABD,2026-07-25,06:55,CMB,Est at 07:00,,departure,2026-07-24T09:40:34+08:00
K4 241_2026-07-25,K4 241,CKS,2026-07-25,07:00,"ANC, CVG",,,departure,2026-07-24T09:40:34+08:00
CK 264_2026-07-25,CK 264,CKK,2026-07-25,07:00,CKG,,,departure,2026-07-24T09:40:34+08:00
CT 182_2026-07-25,CT 182,AAE,2026-07-25,07:05,HSA,,,departure,2026-07-24T09:40:34+08:00
ET 3601_2026-07-25,ET 3601,ETH,2026-07-25,07:10,ADD,Cancelled,,departure,2026-07-24T09:40:34+08:00
ET 3707_2026-07-25,ET 3707,ETH,2026-07-25,07:20,"ADD, BUD",Dep 07:49 (24/07/2026),,departure,2026-07-24T09:40:34+08:00
SR 815_2026-07-25,SR 815,XKY,2026-07-25,07:30,CRK,,,departure,2026-07-24T09:40:34+08:00
HJ 026_2026-07-25,HJ 026,TMN,2026-07-25,07:30,SYD,,,departure,2026-07-24T09:40:34+08:00
CX 3073_2026-07-25,CX 3073,CPA,2026-07-25,08:20,PEN,,,departure,2026-07-24T09:40:34+08:00
QR 8403_2026-07-25,QR 8403,QTR,2026-07-25,08:40,DOH,,,departure,2026-07-24T09:40:34+08:00
RH 9489_2026-07-25,RH 9489,HKC,2026-07-25,08:45,"ALA, IST",,,departure,2026-07-24T09:40:34+08:00
MB 502_2026-07-25,MB 502,MNB,2026-07-25,08:55,"SHJ, IST",,,departure,2026-07-24T09:40:34+08:00
TK 6241_2026-07-25,TK 6241,THY,2026-07-25,09:20,IST,,,departure,2026-07-24T09:40:34+08:00
KJ 952_2026-07-25,KJ 952,AIH,2026-07-25,09:20,ICN,,,departure,2026-07-24T09:40:34+08:00
EK 9833_2026-07-25,EK 9833,UAE,2026-07-25,09:40,DWC,,,departure,2026-07-24T09:40:34+08:00
CV 251_2026-07-25,CV 251,CLX,2026-07-25,09:55,"ANC, DFW",,,departure,2026-07-24T09:40:34+08:00
O3 268_2026-07-25,O3 268,CSS,2026-07-25,09:55,NGB,Est at 10:00,,departure,2026-07-24T09:40:34+08:00
RH 6651_2026-07-25,RH 6651,HKC,2026-07-25,09:55,DAC,,,departure,2026-07-24T09:40:34+08:00
ES 820_2026-07-25,ES 820,DHX,2026-07-25,10:00,MCT,,,departure,2026-07-24T09:40:34+08:00
LH 8461_2026-07-25,LH 8461,GEC,2026-07-25,10:20,"IST, FRA",,,departure,2026-07-24T09:40:34+08:00
SQ 7980_2026-07-25,SQ 7980,SIA,2026-07-25,10:30,"ANC, DFW",,,departure,2026-07-24T09:40:34+08:00
CV 292_2026-07-25,CV 292,CLX,2026-07-25,10:30,"GYD, LUX",,,departure,2026-07-24T09:40:34+08:00
BR 6522_2026-07-25,BR 6522,EVA,2026-07-25,11:05,TPE,,,departure,2026-07-24T09:40:34+08:00
RH 371_2026-07-25,RH 371,HKC,2026-07-25,11:50,SIN,,,departure,2026-07-24T09:40:34+08:00
CX 036_2026-07-25,CX 036,CPA,2026-07-25,11:55,KIX,,,departure,2026-07-24T09:40:34+08:00
D0 593_2026-07-25,D0 593,DHK,2026-07-25,11:55,"DEL, EMA",,,departure,2026-07-24T09:40:34+08:00
CX 084_2026-07-25,CX 084,CPA,2026-07-25,12:10,"ANC, LAX, PDX",,,departure,2026-07-24T09:40:34+08:00
7L 1512_2026-07-25,7L 1512,AZG,2026-07-25,12:20,GYD,,,departure,2026-07-24T09:40:34+08:00
5Y 8052_2026-07-25,5Y 8052,GTI,2026-07-25,12:30,"ANC, MIA",,,departure,2026-07-24T09:40:34+08:00
KJ 968_2026-07-25,KJ 968,AIH,2026-07-25,12:45,ICN,Est at 13:30,,departure,2026-07-24T09:40:34+08:00
CX 049_2026-07-25,CX 049,CPA,2026-07-25,13:15,DAC,,,departure,2026-07-24T09:40:34+08:00
CX 3241_2026-07-25,CX 3241,CPA,2026-07-25,14:30,DEL,,,departure,2026-07-24T09:40:34+08:00
EK 9845_2026-07-25,EK 9845,UAE,2026-07-25,14:40,DWC,,,departure,2026-07-24T09:40:34+08:00
WW 862_2026-07-25,WW 862,KXP,2026-07-25,14:45,KUL,Cancelled,,departure,2026-07-24T09:40:34+08:00
CP 156_2026-07-25,CP 156,LSI,2026-07-25,14:50,"GYD, FCO",,,departure,2026-07-24T09:40:34+08:00
5X 069_2026-07-25,5X 069,UPS,2026-07-25,14:55,"ANC, SDF",,,departure,2026-07-24T09:40:34+08:00
EY 926_2026-07-25,EY 926,ETD,2026-07-25,15:40,AUH,Est at 15:55,,departure,2026-07-24T09:40:34+08:00
RH 317_2026-07-25,RH 317,HKC,2026-07-25,15:55,HAN,,,departure,2026-07-24T09:40:34+08:00
CX 080_2026-07-25,CX 080,CPA,2026-07-25,16:05,"ANC, ORD",Est at 21:30,,departure,2026-07-24T09:40:34+08:00
SV 3049_2026-07-25,SV 3049,SVA,2026-07-25,16:20,RUH,Est at 07:20 (26/07/2026),,departure,2026-07-24T09:40:34+08:00
CX 3296_2026-07-25,CX 3296,CPA,2026-07-25,16:30,"ANC, JFK",,,departure,2026-07-24T09:40:34+08:00
MP 9452_2026-07-25,MP 9452,MPH,2026-07-25,16:30,"GYD, AMS",Est at 16:25,,departure,2026-07-24T09:40:34+08:00
EK 9793_2026-07-25,EK 9793,UAE,2026-07-25,16:50,DWC,,,departure,2026-07-24T09:40:34+08:00
QR 8802_2026-07-25,QR 8802,QTR,2026-07-25,16:55,AKL,,,departure,2026-07-24T09:40:34+08:00
SR 824_2026-07-25,SR 824,XKY,2026-07-25,17:00,CRK,,,departure,2026-07-24T09:40:34+08:00
5Y 8137_2026-07-25,5Y 8137,GTI,2026-07-25,17:15,"DEL, ANC",Est at 16:55,,departure,2026-07-24T09:40:34+08:00
5C 852_2026-07-25,5C 852,ICL,2026-07-25,17:15,TLV,,,departure,2026-07-24T09:40:34+08:00
C8 762_2026-07-25,C8 762,ICV,2026-07-25,17:25,"ASB, MXP",,,departure,2026-07-24T09:40:34+08:00
KE 9314_2026-07-25,KE 9314,KAL,2026-07-25,17:30,ICN,,,departure,2026-07-24T09:40:34+08:00
TH 641_2026-07-25,TH 641,RMY,2026-07-25,17:50,KUL,Est at 18:05,,departure,2026-07-24T09:40:34+08:00
Z7 322_2026-07-25,Z7 322,CMS,2026-07-25,18:15,"CCU, EVN",,,departure,2026-07-24T09:40:34+08:00
CV 9936_2026-07-25,CV 9936,CLX,2026-07-25,18:20,"GYD, LUX",,,departure,2026-07-24T09:40:34+08:00
7L 624_2026-07-25,7L 624,AZG,2026-07-25,18:25,GYD,,,departure,2026-07-24T09:40:34+08:00
EK 9841_2026-07-25,EK 9841,UAE,2026-07-25,18:25,DWC,,,departure,2026-07-24T09:40:34+08:00
TK 6227_2026-07-25,TK 6227,THY,2026-07-25,18:35,IST,,,departure,2026-07-24T09:40:34+08:00
CI 5824_2026-07-25,CI 5824,CAL,2026-07-25,18:50,TPE,,,departure,2026-07-24T09:40:34+08:00
HE 1710_2026-07-25,HE 1710,HGO,2026-07-25,19:00,GYD,Est at 18:40,,departure,2026-07-24T09:40:34+08:00
CI 5838_2026-07-25,CI 5838,CAL,2026-07-25,19:20,TPE,,,departure,2026-07-24T09:40:34+08:00
2C 575_2026-07-25,2C 575,CMA,2026-07-25,19:25,"NVI, CDG",Est at 19:15,,departure,2026-07-24T09:40:34+08:00
QR 8473_2026-07-25,QR 8473,QTR,2026-07-25,19:25,DOH,,,departure,2026-07-24T09:40:34+08:00
AK 8546_2026-07-25,AK 8546,AXM,2026-07-25,19:45,KUL,,,departure,2026-07-24T09:40:34+08:00
SQ 7867_2026-07-25,SQ 7867,SIA,2026-07-25,19:45,SIN,,,departure,2026-07-24T09:40:34+08:00
CX 067_2026-07-25,CX 067,CPA,2026-07-25,19:55,"MAA, FRA",,,departure,2026-07-24T09:40:34+08:00
P9 881_2026-07-25,P9 881,MGE,2026-07-25,20:05,GUM,,,departure,2026-07-24T09:40:34+08:00
BR 6820_2026-07-25,BR 6820,EVA,2026-07-25,20:15,TPE,,,departure,2026-07-24T09:40:34+08:00
3S 637_2026-07-25,3S 637,BOX,2026-07-25,20:15,"DWC, FRA",,,departure,2026-07-24T09:40:34+08:00
FX 5012_2026-07-25,FX 5012,FDX,2026-07-25,20:45,"ANC, MEM",,,departure,2026-07-24T09:40:34+08:00
5X 059_2026-07-25,5X 059,UPS,2026-07-25,21:00,"ANC, ONT",,,departure,2026-07-24T09:40:34+08:00
5Y 8139_2026-07-25,5Y 8139,GTI,2026-07-25,21:10,"DEL, ANC",,,departure,2026-07-24T09:40:34+08:00
CV 309_2026-07-25,CV 309,CLX,2026-07-25,21:15,"NQZ, LUX",,,departure,2026-07-24T09:40:34+08:00
K4 875_2026-07-25,K4 875,CKS,2026-07-25,21:15,"ICN, ANC",Cancelled,,departure,2026-07-24T09:40:34+08:00
RH 351_2026-07-25,RH 351,HKC,2026-07-25,21:20,MNL,,,departure,2026-07-24T09:40:34+08:00
MH 6113_2026-07-25,MH 6113,MAS,2026-07-25,21:50,KUL,Delayed,,departure,2026-07-24T09:40:34+08:00
CV 244_2026-07-25,CV 244,CLX,2026-07-25,21:55,"ANC, LAX",,,departure,2026-07-24T09:40:34+08:00
7L 648_2026-07-25,7L 648,AZG,2026-07-25,21:55,GYD,,,departure,2026-07-24T09:40:34+08:00
CX 3262_2026-07-25,CX 3262,CPA,2026-07-25,22:00,CKG,,,departure,2026-07-24T09:40:34+08:00
CX 3238_2026-07-25,CX 3238,CPA,2026-07-25,23:10,XMN,,,departure,2026-07-24T09:40:34+08:00
CX 054_2026-07-25,CX 054,CPA,2026-07-25,23:30,PVG,Est at 23:30,,departure,2026-07-24T09:40:34+08:00
5X 061_2026-07-25,5X 061,UPS,2026-07-25,23:30,"TPE, ANC, SDF",,,departure,2026-07-24T09:40:34+08:00
EY 938_2026-07-25,EY 938,ETD,2026-07-25,23:35,AUH,,,departure,2026-07-24T09:40:34+08:00
TK 6691_2026-07-25,TK 6691,THY,2026-07-25,23:45,"CIT, IST",,,departure,2026-07-24T09:40:34+08:00
QF 7526_2026-07-26,QF 7526,QFA,2026-07-26,23:40,SYD,Est at 23:40 (25/07/2026),,departure,2026-07-24T09:40:34+08:00
ET 3219_2026-07-25,ET 3219,ETH,2026-07-25,02:40,ADD,Est at 09:10 (26/07/2026),,departure,2026-07-24T09:50:20+08:00
SV 3049_2026-07-25,SV 3049,SVA,2026-07-25,16:20,RUH,Est at 07:20 (26/07/2026),,departure,2026-07-24T09:50:20+08:00
RH 4568_2026-07-26,RH 4568,HKC,2026-07-26,00:15,TPE,,,departure,2026-07-24T09:50:20+08:00
RH 829_2026-07-26,RH 829,HKC,2026-07-26,00:15,PVG,,,departure,2026-07-24T09:50:20+08:00
ET 3785_2026-07-26,ET 3785,ETH,2026-07-26,00:15,"MCT, MAD",Cancelled,,departure,2026-07-24T09:50:20+08:00
CV 597_2026-07-26,CV 597,CLX,2026-07-26,00:35,"GYD, LUX",,,departure,2026-07-24T09:50:20+08:00
CX 006_2026-07-26,CX 006,CPA,2026-07-26,00:50,NRT,,,departure,2026-07-24T09:50:20+08:00
SV 973_2026-07-26,SV 973,SVA,2026-07-26,01:00,RUH,Est at 02:00,,departure,2026-07-24T09:50:20+08:00
CX 096_2026-07-26,CX 096,CPA,2026-07-26,01:30,"ANC, NLU",,,departure,2026-07-24T09:50:20+08:00
TH 671_2026-07-26,TH 671,RMY,2026-07-26,01:35,KUL,Est at 01:00,,departure,2026-07-24T09:50:20+08:00
D0 015_2026-07-26,D0 015,DHK,2026-07-26,02:20,"LEJ, EMA",,,departure,2026-07-24T09:50:20+08:00
QR 8465_2026-07-26,QR 8465,QTR,2026-07-26,02:20,DOH,,,departure,2026-07-24T09:50:20+08:00
KZ 202_2026-07-26,KZ 202,NCA,2026-07-26,02:25,NRT,,,departure,2026-07-24T09:50:20+08:00
5X 063_2026-07-26,5X 063,UPS,2026-07-26,02:35,"ANC, SDF",,,departure,2026-07-24T09:50:20+08:00
CI 5826_2026-07-26,CI 5826,CAL,2026-07-26,03:00,TPE,,,departure,2026-07-24T09:50:20+08:00
KE 314_2026-07-26,KE 314,KAL,2026-07-26,03:10,ICN,,,departure,2026-07-24T09:50:20+08:00
5X 001_2026-07-26,5X 001,UPS,2026-07-26,03:15,"BLR, PHL",,,departure,2026-07-24T09:50:20+08:00
LD 457_2026-07-26,LD 457,AHK,2026-07-26,03:35,"MNL, CEB",,,departure,2026-07-24T09:50:20+08:00
LD 768_2026-07-26,LD 768,AHK,2026-07-26,03:35,PEK,,,departure,2026-07-24T09:50:20+08:00
LD 831_2026-07-26,LD 831,AHK,2026-07-26,03:40,BKK,,,departure,2026-07-24T09:50:20+08:00
8K 526_2026-07-26,8K 526,KMI,2026-07-26,03:40,BKK,,,departure,2026-07-24T09:50:20+08:00
ET 3769_2026-07-26,ET 3769,ETH,2026-07-26,03:50,"EMA, OSL",,,departure,2026-07-24T09:50:20+08:00
LD 216_2026-07-26,LD 216,AHK,2026-07-26,03:55,NGO,,,departure,2026-07-24T09:50:20+08:00
LD 327_2026-07-26,LD 327,AHK,2026-07-26,03:55,SIN,,,departure,2026-07-24T09:50:20+08:00
LD 204_2026-07-26,LD 204,AHK,2026-07-26,04:00,KIX,,,departure,2026-07-24T09:50:20+08:00
QR 8407_2026-07-26,QR 8407,QTR,2026-07-26,04:00,DOH,,,departure,2026-07-24T09:50:20+08:00
LD 208_2026-07-26,LD 208,AHK,2026-07-26,04:05,NRT,,,departure,2026-07-24T09:50:20+08:00
LD 720_2026-07-26,LD 720,AHK,2026-07-26,04:05,CTU,,,departure,2026-07-24T09:50:20+08:00
MS 510_2026-07-26,MS 510,MSR,2026-07-26,04:10,BKK,,,departure,2026-07-24T09:50:20+08:00
LD 782_2026-07-26,LD 782,AHK,2026-07-26,04:15,PVG,,,departure,2026-07-24T09:50:20+08:00
TH 3091_2026-07-26,TH 3091,RMY,2026-07-26,04:15,PEN,,,departure,2026-07-24T09:50:20+08:00
5X 023_2026-07-26,5X 023,UPS,2026-07-26,04:35,"CGN, PHL",,,departure,2026-07-24T09:50:20+08:00
CX 007_2026-07-26,CX 007,CPA,2026-07-26,04:40,"BLR, LHR",,,departure,2026-07-24T09:50:20+08:00
LD 128_2026-07-26,LD 128,AHK,2026-07-26,04:50,ICN,,,departure,2026-07-24T09:50:20+08:00
K4 223_2026-07-26,K4 223,CKS,2026-07-26,04:55,ANC,Est at 06:00,,departure,2026-07-24T09:50:20+08:00
MH 6013_2026-07-26,MH 6013,MAS,2026-07-26,04:55,KUL,,,departure,2026-07-24T09:50:20+08:00
LD 561_2026-07-26,LD 561,AHK,2026-07-26,05:00,"SGN, PEN",,,departure,2026-07-24T09:50:20+08:00
ES 736_2026-07-26,ES 736,DHX,2026-07-26,05:00,"BLR, BAH",Cancelled,,departure,2026-07-24T09:50:20+08:00
ES 810_2026-07-26,ES 810,DHX,2026-07-26,05:00,MCT,,,departure,2026-07-24T09:50:20+08:00
TH 3508_2026-07-26,TH 3508,RMY,2026-07-26,05:00,KUL,,,departure,2026-07-24T09:50:20+08:00
QR 8441_2026-07-26,QR 8441,QTR,2026-07-26,05:30,DOH,,,departure,2026-07-24T09:50:20+08:00
3S 713_2026-07-26,3S 713,BOX,2026-07-26,05:35,"DXB, LEJ",,,departure,2026-07-24T09:50:20+08:00
3S 727_2026-07-26,3S 727,BOX,2026-07-26,05:45,"DXB, LEJ",,,departure,2026-07-24T09:50:20+08:00
QR 8453_2026-07-26,QR 8453,QTR,2026-07-26,05:45,DOH,,,departure,2026-07-24T09:50:20+08:00
MB 530_2026-07-26,MB 530,MNB,2026-07-26,05:55,"NVI, IST",,,departure,2026-07-24T09:50:20+08:00
QY 655_2026-07-26,QY 655,BCS,2026-07-26,05:55,"GYD, LEJ",,,departure,2026-07-24T09:50:20+08:00
QY 679_2026-07-26,QY 679,BCS,2026-07-26,05:55,"GYD, LEJ",,,departure,2026-07-24T09:50:20+08:00
3S 500_2026-07-26,3S 500,BOX,2026-07-26,06:00,LAX,,,departure,2026-07-24T09:50:20+08:00
QY 651_2026-07-26,QY 651,BCS,2026-07-26,06:30,"BAH, LEJ",,,departure,2026-07-24T09:50:20+08:00
CX 072_2026-07-26,CX 072,CPA,2026-07-26,06:40,"ANC, MIA, IAH",,,departure,2026-07-24T09:50:20+08:00
K4 255_2026-07-26,K4 255,CKS,2026-07-26,06:55,"ANC, CVG",,,departure,2026-07-24T09:50:20+08:00
D0 501_2026-07-26,D0 501,DHK,2026-07-26,06:55,"BRU, EMA",,,departure,2026-07-24T09:50:20+08:00
CC 4030_2026-07-26,CC 4030,ABD,2026-07-26,06:55,CMB,,,departure,2026-07-24T09:50:20+08:00
K4 235_2026-07-26,K4 235,CKS,2026-07-26,07:00,"ANC, CVG",,,departure,2026-07-24T09:50:20+08:00
RH 331_2026-07-26,RH 331,HKC,2026-07-26,07:00,BKK,,,departure,2026-07-24T09:50:20+08:00
QR 8431_2026-07-26,QR 8431,QTR,2026-07-26,07:00,DOH,,,departure,2026-07-24T09:50:20+08:00
QY 517_2026-07-26,QY 517,BCS,2026-07-26,07:00,"ALA, LEJ",,,departure,2026-07-24T09:50:20+08:00
EK 9839_2026-07-26,EK 9839,UAE,2026-07-26,07:00,DWC,,,departure,2026-07-24T09:50:20+08:00
K4 201_2026-07-26,K4 201,CKS,2026-07-26,07:05,"ANC, CVG",,,departure,2026-07-24T09:50:20+08:00
CI 5834_2026-07-26,CI 5834,CAL,2026-07-26,07:20,TPE,,,departure,2026-07-24T09:50:20+08:00
CV 708_2026-07-26,CV 708,CLX,2026-07-26,07:20,"GYD, LUX",,,departure,2026-07-24T09:50:20+08:00
HJ 024_2026-07-26,HJ 024,TMN,2026-07-26,07:25,SYD,,,departure,2026-07-24T09:50:20+08:00
3S 721_2026-07-26,3S 721,BOX,2026-07-26,07:35,"DEL, LEJ",,,departure,2026-07-24T09:50:20+08:00
5X 003_2026-07-26,5X 003,UPS,2026-07-26,07:35,"BLR, CGN",,,departure,2026-07-24T09:50:20+08:00
MB 504_2026-07-26,MB 504,MNB,2026-07-26,07:40,"AMD, IST",,,departure,2026-07-24T09:50:20+08:00
ES 696_2026-07-26,ES 696,DHX,2026-07-26,08:25,BAH,,,departure,2026-07-24T09:50:20+08:00
QY 657_2026-07-26,QY 657,BCS,2026-07-26,08:55,GYD,,,departure,2026-07-24T09:50:20+08:00
EK 9861_2026-07-26,EK 9861,UAE,2026-07-26,08:55,DWC,,,departure,2026-07-24T09:50:20+08:00
FX 018_2026-07-26,FX 018,FDX,2026-07-26,09:15,"SIN, MEM",,,departure,2026-07-24T09:50:20+08:00
MB 502_2026-07-26,MB 502,MNB,2026-07-26,09:20,"SHJ, IST",,,departure,2026-07-24T09:50:20+08:00
3S 509_2026-07-26,3S 509,BOX,2026-07-26,09:30,LEJ,,,departure,2026-07-24T09:50:20+08:00
HJ 032_2026-07-26,HJ 032,TMN,2026-07-26,09:35,MEL,,,departure,2026-07-24T09:50:20+08:00
K4 704_2026-07-26,K4 704,CKS,2026-07-26,09:40,"GYD, TLV",,,departure,2026-07-24T09:50:20+08:00
QR 8419_2026-07-26,QR 8419,QTR,2026-07-26,09:40,DOH,,,departure,2026-07-24T09:50:20+08:00
CX 3249_2026-07-26,CX 3249,CPA,2026-07-26,09:50,CGK,,,departure,2026-07-24T09:50:20+08:00
K4 273_2026-07-26,K4 273,CKS,2026-07-26,09:55,"ANC, CVG",,,departure,2026-07-24T09:50:20+08:00
LH 8463_2026-07-26,LH 8463,GEC,2026-07-26,10:15,"IST, FRA",,,departure,2026-07-24T09:50:20+08:00
CX 079_2026-07-26,CX 079,CPA,2026-07-26,10:40,SIN,,,departure,2026-07-24T09:50:20+08:00
KJ 954_2026-07-26,KJ 954,AIH,2026-07-26,10:45,ICN,,,departure,2026-07-24T09:50:20+08:00
3V 400_2026-07-26,3V 400,TAY,2026-07-26,11:25,"ALA, LGG",,,departure,2026-07-24T09:50:20+08:00
K4 283_2026-07-26,K4 283,CKS,2026-07-26,11:45,"LAX, CVG",,,departure,2026-07-24T09:50:20+08:00
RH 371_2026-07-26,RH 371,HKC,2026-07-26,11:50,SIN,,,departure,2026-07-24T09:50:20+08:00
CX 3194_2026-07-26,CX 3194,CPA,2026-07-26,11:55,"ANC, JFK",,,departure,2026-07-24T09:50:20+08:00
RH 962_2026-07-26,RH 962,HKC,2026-07-26,12:30,KIX,,,departure,2026-07-24T09:50:20+08:00
KJ 970_2026-07-26,KJ 970,AIH,2026-07-26,13:15,ICN,,,departure,2026-07-24T09:50:20+08:00
5Y 5579_2026-07-26,5Y 5579,GTI,2026-07-26,13:20,ICN,,,departure,2026-07-24T09:50:20+08:00
LD 8915_2026-07-26,LD 8915,AHK,2026-07-26,13:45,CGK,,,departure,2026-07-24T09:50:20+08:00
K4 875_2026-07-26,K4 875,CKS,2026-07-26,14:00,"ICN, ANC, MIA",,,departure,2026-07-24T09:50:20+08:00
EK 9859_2026-07-26,EK 9859,UAE,2026-07-26,14:00,DWC,,,departure,2026-07-24T09:50:20+08:00
K4 551_2026-07-26,K4 551,CKS,2026-07-26,14:15,"NRT, ORD",,,departure,2026-07-24T09:50:20+08:00
CC 4100_2026-07-26,CC 4100,ABD,2026-07-26,14:40,SHJ,,,departure,2026-07-24T09:50:20+08:00
CV 209_2026-07-26,CV 209,CLX,2026-07-26,14:45,"ANC, ORD",,,departure,2026-07-24T09:50:20+08:00
5Y 8373_2026-07-26,5Y 8373,GTI,2026-07-26,15:00,"ANC, MIA",,,departure,2026-07-24T09:50:20+08:00
KZ 206_2026-07-26,KZ 206,NCA,2026-07-26,15:00,NRT,,,departure,2026-07-24T09:50:20+08:00
CP 191_2026-07-26,CP 191,LSI,2026-07-26,15:35,OTP,,,departure,2026-07-24T09:50:20+08:00
NH 8514_2026-07-26,NH 8514,ANA,2026-07-26,15:40,NRT,,,departure,2026-07-24T09:50:20+08:00
P9 881_2026-07-26,P9 881,MGE,2026-07-26,16:10,GUM,,,departure,2026-07-24T09:50:20+08:00
CV 342_2026-07-26,CV 342,CLX,2026-07-26,16:30,"ANC, MIA",,,departure,2026-07-24T09:50:20+08:00
K4 527_2026-07-26,K4 527,CKS,2026-07-26,16:30,"ICN, LAX",,,departure,2026-07-24T09:50:20+08:00
5Y 654_2026-07-26,5Y 654,GTI,2026-07-26,16:50,"ICN, ORD",,,departure,2026-07-24T09:50:20+08:00
KE 8314_2026-07-26,KE 8314,KAL,2026-07-26,16:55,ICN,,,departure,2026-07-24T09:50:20+08:00
7L 923_2026-07-26,7L 923,AZG,2026-07-26,17:20,GYD,,,departure,2026-07-24T09:50:20+08:00
FX 9017_2026-07-26,FX 9017,FDX,2026-07-26,18:05,HAN,,,departure,2026-07-24T09:50:20+08:00
7L 621_2026-07-26,7L 621,AZG,2026-07-26,18:25,GYD,,,departure,2026-07-24T09:50:20+08:00
AK 8542_2026-07-26,AK 8542,AXM,2026-07-26,18:30,KUL,,,departure,2026-07-24T09:50:20+08:00
CV 226_2026-07-26,CV 226,CLX,2026-07-26,18:35,"ANC, JFK",,,departure,2026-07-24T09:50:20+08:00
SQ 7873_2026-07-26,SQ 7873,SIA,2026-07-26,18:45,SIN,,,departure,2026-07-24T09:50:20+08:00
CX 043_2026-07-26,CX 043,CPA,2026-07-26,18:55,MAA,,,departure,2026-07-24T09:50:20+08:00
C8 513_2026-07-26,C8 513,ICV,2026-07-26,19:15,"ASB, MXP",,,departure,2026-07-24T09:50:20+08:00
MH 6107_2026-07-26,MH 6107,MAS,2026-07-26,19:30,KUL,,,departure,2026-07-24T09:50:20+08:00
QR 8455_2026-07-26,QR 8455,QTR,2026-07-26,19:30,DOH,,,departure,2026-07-24T09:50:20+08:00
CV 942_2026-07-26,CV 942,CLX,2026-07-26,19:45,"ASB, LUX",,,departure,2026-07-24T09:50:20+08:00
5Y 8007_2026-07-26,5Y 8007,GTI,2026-07-26,19:55,IST,,,departure,2026-07-24T09:50:20+08:00
CX 2098_2026-07-26,CX 2098,CPA,2026-07-26,20:05,"ANC, ORD",,,departure,2026-07-24T09:50:20+08:00
5C 852_2026-07-26,5C 852,ICL,2026-07-26,20:15,TLV,,,departure,2026-07-24T09:50:20+08:00
5Y 8523_2026-07-26,5Y 8523,GTI,2026-07-26,20:45,"ANC, ORD",,,departure,2026-07-24T09:50:20+08:00
RH 9375_2026-07-26,RH 9375,HKC,2026-07-26,20:50,MAA,,,departure,2026-07-24T09:50:20+08:00
RH 9457_2026-07-26,RH 9457,HKC,2026-07-26,21:00,DEL,,,departure,2026-07-24T09:50:20+08:00
7L 692_2026-07-26,7L 692,AZG,2026-07-26,21:20,GYD,,,departure,2026-07-24T09:50:20+08:00
CX 037_2026-07-26,CX 037,CPA,2026-07-26,21:30,"DEL, FRA",,,departure,2026-07-24T09:50:20+08:00
CX 3129_2026-07-26,CX 3129,CPA,2026-07-26,22:50,SYD,,,departure,2026-07-24T09:50:20+08:00
WW 862_2026-07-26,WW 862,KXP,2026-07-26,23:00,KUL,,,departure,2026-07-24T09:50:20+08:00
CI 5832_2026-07-26,CI 5832,CAL,2026-07-26,23:00,TPE,,,departure,2026-07-24T09:50:20+08:00
QF 7526_2026-07-26,QF 7526,QFA,2026-07-26,23:40,SYD,Est at 23:40 (25/07/2026),,departure,2026-07-24T09:50:20+08:00
CX 3290_2026-07-26,CX 3290,CPA,2026-07-26,23:55,"ANC, DFW, ATL",,,departure,2026-07-24T09:50:20+08:00
