flight_id,flight_no,airline,date,time,destination,status,status_code,flight_type,last_updated
ET 3785_2026-05-27,ET 3785,ETH,2026-05-27,00:00,"MCT, MAD, ADD",Dep 06:50,,departure,
ET 3791_2026-05-27,ET 3791,ETH,2026-05-27,00:00,LGG,Cancelled,,departure,
RH 4568_2026-05-27,RH 4568,HKC,2026-05-27,00:15,TPE,Dep 20:14,,departure,
RH 829_2026-05-27,RH 829,HKC,2026-05-27,00:15,PVG,Cancelled,,departure,
3G 801_2026-05-27,3G 801,WCM,2026-05-27,00:30,KUL,Cancelled,,departure,
CX 006_2026-05-27,CX 006,CPA,2026-05-27,00:50,NRT,Dep 01:14,,departure,
2U 8011_2026-05-27,2U 8011,FKH,2026-05-27,00:50,"NQZ, RIX",Cancelled,,departure,
RH 4568_2026-05-27,RH 4568,HKC,2026-05-27,01:00,TPE,Cancelled,,departure,
2U 8011_2026-05-27,2U 8011,FKH,2026-05-27,01:00,"NQZ, RIX",Dep 00:54,,departure,
QR 8441_2026-05-27,QR 8441,QTR,2026-05-27,01:10,DOH,Dep 00:53,,departure,
RH 829_2026-05-27,RH 829,HKC,2026-05-27,01:20,PVG,Dep 09:53,,departure,
KZ 202_2026-05-27,KZ 202,NCA,2026-05-27,01:25,NRT,Dep 01:47,,departure,
CX 096_2026-05-27,CX 096,CPA,2026-05-27,01:30,"ANC, NLU",Dep 04:45,,departure,
SV 985_2026-05-27,SV 985,SVA,2026-05-27,02:05,RUH,Dep 13:35,,departure,
JL 6782_2026-05-27,JL 6782,JAL,2026-05-27,02:20,NRT,Dep 02:29,,departure,
NH 8512_2026-05-27,NH 8512,ANA,2026-05-27,02:25,NRT,Dep 02:08,,departure,
QR 8421_2026-05-27,QR 8421,QTR,2026-05-27,02:30,DOH,Dep 03:09,,departure,
QR 8465_2026-05-27,QR 8465,QTR,2026-05-27,02:40,DOH,Dep 03:20,,departure,
EK 9881_2026-05-27,EK 9881,UAE,2026-05-27,02:55,DWC,Cancelled,,departure,
CI 5826_2026-05-27,CI 5826,CAL,2026-05-27,03:00,TPE,Dep 02:37,,departure,
QR 8411_2026-05-27,QR 8411,QTR,2026-05-27,03:05,DOH,Dep 02:39,,departure,
KE 314_2026-05-27,KE 314,KAL,2026-05-27,03:10,ICN,Dep 03:01,,departure,
LD 204_2026-05-27,LD 204,AHK,2026-05-27,03:15,KIX,Dep 03:24,,departure,
LD 128_2026-05-27,LD 128,AHK,2026-05-27,03:20,ICN,Dep 03:19,,departure,
7L 621_2026-05-27,7L 621,AZG,2026-05-27,03:20,GYD,Cancelled,,departure,
7L 1148_2026-05-27,7L 1148,AZG,2026-05-27,03:20,GYD,Dep 03:23,,departure,
BR 6538_2026-05-27,BR 6538,EVA,2026-05-27,03:20,TPE,Dep 02:58,,departure,
LD 208_2026-05-27,LD 208,AHK,2026-05-27,03:25,NRT,Dep 03:44,,departure,
LD 327_2026-05-27,LD 327,AHK,2026-05-27,03:25,SIN,Dep 03:24,,departure,
LD 768_2026-05-27,LD 768,AHK,2026-05-27,03:25,PEK,Dep 03:31,,departure,
LD 216_2026-05-27,LD 216,AHK,2026-05-27,03:30,NGO,Dep 03:37,,departure,
8K 526_2026-05-27,8K 526,KMI,2026-05-27,03:30,BKK,Dep 03:45,,departure,
LD 457_2026-05-27,LD 457,AHK,2026-05-27,03:35,"MNL, CEB",Dep 03:43,,departure,
LD 782_2026-05-27,LD 782,AHK,2026-05-27,03:40,PVG,Dep 03:55,,departure,
LD 831_2026-05-27,LD 831,AHK,2026-05-27,03:40,BKK,Dep 03:53,,departure,
LD 561_2026-05-27,LD 561,AHK,2026-05-27,03:45,SGN,Dep 03:45,,departure,
TH 3508_2026-05-27,TH 3508,RMY,2026-05-27,03:45,KUL,Dep 03:43,,departure,
3S 500_2026-05-27,3S 500,BOX,2026-05-27,04:00,LAX,Dep 04:12,,departure,
3Y 6011_2026-05-27,3Y 6011,MYU,2026-05-27,04:00,CGK,Dep 04:15,,departure,
EK 9037_2026-05-27,EK 9037,UAE,2026-05-27,04:00,DWC,Cancelled,,departure,
HJ 022_2026-05-27,HJ 022,TMN,2026-05-27,04:00,SYD,Dep 04:02,,departure,
LD 720_2026-05-27,LD 720,AHK,2026-05-27,04:05,CTU,Dep 04:09,,departure,
TH 3091_2026-05-27,TH 3091,RMY,2026-05-27,04:15,PEN,Dep 04:20,,departure,
LD 680_2026-05-27,LD 680,AHK,2026-05-27,04:20,TPE,Dep 04:22,,departure,
TK 6351_2026-05-27,TK 6351,THY,2026-05-27,04:20,IST,Dep 04:29,,departure,
CX 2090_2026-05-27,CX 2090,CPA,2026-05-27,04:25,"ANC, DFW, LAX",Dep 07:10,,departure,
3S 713_2026-05-27,3S 713,BOX,2026-05-27,05:35,"DXB, LEJ",Dep 05:54,,departure,
3S 735_2026-05-27,3S 735,BOX,2026-05-27,05:40,"BLR, LEJ",Dep 05:55,,departure,
ES 728_2026-05-27,ES 728,DHX,2026-05-27,05:40,BAH,Dep 13:39,,departure,
3S 707_2026-05-27,3S 707,BOX,2026-05-27,05:45,"BAH, LEJ",Dep 06:00,,departure,
FX 5023_2026-05-27,FX 5023,FDX,2026-05-27,06:10,"CDG, LGG, MEM",Dep 08:10,,departure,
EK 9831_2026-05-27,EK 9831,UAE,2026-05-27,06:30,DWC,Dep 06:27,,departure,
K4 253_2026-05-27,K4 253,CKS,2026-05-27,06:40,"YHM, JFK, CVG",Dep 14:30,,departure,
D0 591_2026-05-27,D0 591,DHK,2026-05-27,06:40,"DEL, EMA",Dep 06:31,,departure,
CP 166_2026-05-27,CP 166,LSI,2026-05-27,06:45,"GYD, MXP",Dep 06:32,,departure,
3S 711_2026-05-27,3S 711,BOX,2026-05-27,06:50,LEJ,Dep 07:23,,departure,
K4 243_2026-05-27,K4 243,CKS,2026-05-27,07:00,"ANC, MIA, CVG",Dep 19:47,,departure,
RH 331_2026-05-27,RH 331,HKC,2026-05-27,07:00,BKK,Dep 02:48 (28/05/2026),,departure,
HE 772_2026-05-27,HE 772,HGO,2026-05-27,07:00,"EMA, CIT",Cancelled,,departure,
CK 264_2026-05-27,CK 264,CKK,2026-05-27,07:00,"CKG, PVG",Dep 06:56,,departure,
CC 4100_2026-05-27,CC 4100,ABD,2026-05-27,07:00,"LGG, KGF",Dep 08:43,,departure,
7L 572_2026-05-27,7L 572,AZG,2026-05-27,07:00,DWC,Dep 07:11,,departure,
ET 3767_2026-05-27,ET 3767,ETH,2026-05-27,07:10,LGG,Cancelled,,departure,
5C 852_2026-05-27,5C 852,ICL,2026-05-27,07:30,TLV,Dep 07:21,,departure,
QR 8403_2026-05-27,QR 8403,QTR,2026-05-27,07:55,DOH,Dep 07:58,,departure,
ET 3229_2026-05-27,ET 3229,ETH,2026-05-27,08:05,ADD,Dep 11:44,,departure,
CX 2075_2026-05-27,CX 2075,CPA,2026-05-27,08:15,SIN,Dep 08:20,,departure,
QR 8439_2026-05-27,QR 8439,QTR,2026-05-27,08:15,DOH,Dep 08:37,,departure,
RH 371_2026-05-27,RH 371,HKC,2026-05-27,08:20,SIN,Cancelled,,departure,
3S 515_2026-05-27,3S 515,BOX,2026-05-27,08:30,LEJ,Dep 08:28,,departure,
ES 726_2026-05-27,ES 726,DHX,2026-05-27,08:40,BAH,Cancelled,,departure,
HE 969_2026-05-27,HE 969,HGO,2026-05-27,08:45,SHJ,Dep 14:38,,departure,
5Y 8030_2026-05-27,5Y 8030,GTI,2026-05-27,08:50,"ANC, MIA",Dep 21:21,,departure,
CX 3408_2026-05-27,CX 3408,CPA,2026-05-27,08:55,"ANC, JFK",Dep 09:01,,departure,
EK 9861_2026-05-27,EK 9861,UAE,2026-05-27,08:55,DWC,Dep 09:10,,departure,
5Y 3023_2026-05-27,5Y 3023,GTI,2026-05-27,09:00,"ANC, MIA",Dep 09:48,,departure,
F5 6627_2026-05-27,F5 6627,ATG,2026-05-27,09:00,"BUD, CIT",Dep 09:18,,departure,
5Y 3032_2026-05-27,5Y 3032,GTI,2026-05-27,09:20,"ANC, LAX",Cancelled,,departure,
KJ 952_2026-05-27,KJ 952,AIH,2026-05-27,09:20,ICN,Dep 11:14,,departure,
RH 9487_2026-05-27,RH 9487,HKC,2026-05-27,09:20,"ALA, IST",Dep 23:18 (29/05/2026),,departure,
CB 853_2026-05-27,CB 853,ABB,2026-05-27,09:30,"NVI, BRU",Dep 09:28,,departure,
EK 9929_2026-05-27,EK 9929,UAE,2026-05-27,09:30,DXB,Cancelled,,departure,
O3 268_2026-05-27,O3 268,CSS,2026-05-27,09:55,NGB,Dep 09:34,,departure,
TK 6299_2026-05-27,TK 6299,THY,2026-05-27,10:15,IST,Dep 23:05,,departure,
5X 067_2026-05-27,5X 067,UPS,2026-05-27,10:15,"ANC, SDF",Dep 10:18,,departure,
CX 3174_2026-05-27,CX 3174,CPA,2026-05-27,10:25,"ANC, MIA, ATL",Dep 10:53,,departure,
MB 270_2026-05-27,MB 270,MNB,2026-05-27,10:30,"SHJ, IST",Cancelled,,departure,
CV 515_2026-05-27,CV 515,CLX,2026-05-27,10:35,"GYD, LUX",Dep 10:44,,departure,
CX 3241_2026-05-27,CX 3241,CPA,2026-05-27,10:45,CGK,Dep 10:57,,departure,
EK 9025_2026-05-27,EK 9025,UAE,2026-05-27,10:55,DWC,Cancelled,,departure,
5X 003_2026-05-27,5X 003,UPS,2026-05-27,11:25,"CGN, PHL",Dep 11:14,,departure,
MB 229_2026-05-27,MB 229,MNB,2026-05-27,12:00,SHJ,Dep 12:09,,departure,
QY 675_2026-05-27,QY 675,BCS,2026-05-27,12:20,"ALA, LEJ",Dep 12:19,,departure,
3V 400_2026-05-27,3V 400,TAY,2026-05-27,12:25,"ALA, LGG",Dep 12:35,,departure,
7L 247_2026-05-27,7L 247,AZG,2026-05-27,12:40,GYD,Dep 17:51,,departure,
QY 539_2026-05-27,QY 539,BCS,2026-05-27,12:50,"ALA, LEJ",Dep 13:09,,departure,
CV 261_2026-05-27,CV 261,CLX,2026-05-27,13:00,"ANC, JFK",Dep 14:52,,departure,
EK 9781_2026-05-27,EK 9781,UAE,2026-05-27,13:35,DWC,Dep 14:29,,departure,
CX 2086_2026-05-27,CX 2086,CPA,2026-05-27,14:25,"ANC, MIA",Dep 20:55,,departure,
WW 862_2026-05-27,WW 862,KXP,2026-05-27,14:45,KUL,Dep 23:13,,departure,
EY 9726_2026-05-27,EY 9726,ETD,2026-05-27,14:50,AUH,Dep 15:21,,departure,
T8 4706_2026-05-27,T8 4706,TVR,2026-05-27,15:00,SHJ,Dep 15:46,,departure,
KJ 970_2026-05-27,KJ 970,AIH,2026-05-27,15:00,ICN,Dep 16:45,,departure,
K4 293_2026-05-27,K4 293,CKS,2026-05-27,15:20,"ANC, CVG",Dep 07:01 (28/05/2026),,departure,
CX 045_2026-05-27,CX 045,CPA,2026-05-27,15:20,BOM,Dep 15:27,,departure,
KZ 206_2026-05-27,KZ 206,NCA,2026-05-27,15:30,NRT,Dep 15:45,,departure,
EK 9239_2026-05-27,EK 9239,UAE,2026-05-27,15:35,DWC,Cancelled,,departure,
K4 270_2026-05-27,K4 270,CKS,2026-05-27,15:55,"ALA, LGG",Dep 16:25,,departure,
RH 317_2026-05-27,RH 317,HKC,2026-05-27,15:55,HAN,Dep 06:09 (28/05/2026),,departure,
5X 061_2026-05-27,5X 061,UPS,2026-05-27,16:05,"TPE, ANC, SDF",Dep 16:18,,departure,
P9 881_2026-05-27,P9 881,MGE,2026-05-27,16:10,GUM,Cancelled,,departure,
5X 166_2026-05-27,5X 166,UPS,2026-05-27,16:10,"SIN, SDF",Dep 16:16,,departure,
ET 3629_2026-05-27,ET 3629,ETH,2026-05-27,16:15,ADD,Cancelled,,departure,
CX 3037_2026-05-27,CX 3037,CPA,2026-05-27,16:50,HAN,Dep 17:14,,departure,
RH 9375_2026-05-27,RH 9375,HKC,2026-05-27,16:50,MAA,Dep 08:09 (29/05/2026),,departure,
3S 519_2026-05-27,3S 519,BOX,2026-05-27,17:00,LEJ,Dep 17:19,,departure,
CX 041_2026-05-27,CX 041,CPA,2026-05-27,17:05,DEL,Dep 17:20,,departure,
7L 923_2026-05-27,7L 923,AZG,2026-05-27,17:20,GYD,Cancelled,,departure,
EK 9833_2026-05-27,EK 9833,UAE,2026-05-27,17:20,DWC,Cancelled,,departure,
KE 8314_2026-05-27,KE 8314,KAL,2026-05-27,17:30,ICN,Dep 16:51,,departure,
SQ 7988_2026-05-27,SQ 7988,SIA,2026-05-27,17:35,"ANC, LAX",Dep 17:26,,departure,
TH 6825_2026-05-27,TH 6825,RMY,2026-05-27,17:50,KUL,Dep 17:58,,departure,
RH 9457_2026-05-27,RH 9457,HKC,2026-05-27,18:10,DEL,Dep 19:11,,departure,
AK 8546_2026-05-27,AK 8546,AXM,2026-05-27,18:20,KUL,Cancelled,,departure,
7L 1923_2026-05-27,7L 1923,AZG,2026-05-27,18:20,GYD,Cancelled,,departure,
7L 624_2026-05-27,7L 624,AZG,2026-05-27,18:25,GYD,Cancelled,,departure,
7L 1247_2026-05-27,7L 1247,AZG,2026-05-27,18:35,GYD,Dep 20:01,,departure,
LH 8461_2026-05-27,LH 8461,GEC,2026-05-27,18:40,"IST, FRA",Dep 18:31,,departure,
CX 3349_2026-05-27,CX 3349,CPA,2026-05-27,18:40,BKK,Dep 19:03,,departure,
CV 245_2026-05-27,CV 245,CLX,2026-05-27,18:55,"ANC, NLU",Dep 02:56 (28/05/2026),,departure,
5X 063_2026-05-27,5X 063,UPS,2026-05-27,19:05,"ANC, SDF",Dep 19:25,,departure,
QR 8479_2026-05-27,QR 8479,QTR,2026-05-27,19:15,DOH,Dep 20:27,,departure,
CI 6844_2026-05-27,CI 6844,CAL,2026-05-27,19:20,TPE,Dep 19:08,,departure,
5Y 825_2026-05-27,5Y 825,GTI,2026-05-27,19:30,"ANC, MIA",Dep 23:32,,departure,
SQ 7861_2026-05-27,SQ 7861,SIA,2026-05-27,19:30,SIN,Dep 18:45,,departure,
MH 6103_2026-05-27,MH 6103,MAS,2026-05-27,19:40,KUL,Dep 19:47,,departure,
FX 5991_2026-05-27,FX 5991,FDX,2026-05-27,19:50,"KIX, OAK",Dep 19:53,,departure,
5X 059D_2026-05-27,5X 059D,UPS,2026-05-27,19:50,"ANC, ONT",Dep 14:02 (28/05/2026),,departure,
CX 017_2026-05-27,CX 017,CPA,2026-05-27,20:00,MAA,Cancelled,,departure,
CT 131_2026-05-27,CT 131,AAE,2026-05-27,20:05,"PRG, KGF",Dep 19:51,,departure,
CI 5834_2026-05-27,CI 5834,CAL,2026-05-27,21:20,TPE,Dep 20:29,,departure,
RH 351_2026-05-27,RH 351,HKC,2026-05-27,21:20,MNL,Dep 22:05,,departure,
EK 9011_2026-05-27,EK 9011,UAE,2026-05-27,21:25,DWC,Cancelled,,departure,
K4 280_2026-05-27,K4 280,CKS,2026-05-27,21:40,CVG,Dep 22:05,,departure,
D0 007_2026-05-27,D0 007,DHK,2026-05-27,21:40,"CVG, EMA",Cancelled,,departure,
K4 702_2026-05-27,K4 702,CKS,2026-05-27,21:45,"ALA, TLV",Dep 04:15 (29/05/2026),,departure,
AK 8535_2026-05-27,AK 8535,AXM,2026-05-27,21:55,KUL,Dep 22:32,,departure,
TK 6239_2026-05-27,TK 6239,THY,2026-05-27,22:30,"CIT, IST",Dep 23:16,,departure,
EY 9647_2026-05-27,EY 9647,ETD,2026-05-27,22:50,AUH,Dep 00:28 (28/05/2026),,departure,
CX 037_2026-05-27,CX 037,CPA,2026-05-27,23:20,"DEL, CDG",Dep 23:27,,departure,
BR 6530_2026-05-27,BR 6530,EVA,2026-05-27,23:35,TPE,Dep 00:02 (28/05/2026),,departure,
QF 7526_2026-05-27,QF 7526,QFA,2026-05-27,23:55,SYD,Dep 23:41,,departure,
CX 050_2026-05-27,CX 050,CPA,2026-05-27,23:55,PVG,Dep 08:36 (28/05/2026),,departure,
RH 4568_2026-05-28,RH 4568,HKC,2026-05-28,00:15,TPE,Dep 01:03,,departure,
QR 8427_2026-05-28,QR 8427,QTR,2026-05-28,00:20,DOH,Dep 00:23,,departure,
CV 531_2026-05-28,CV 531,CLX,2026-05-28,00:30,"GYD, LUX",Dep 00:06,,departure,
3G 801_2026-05-28,3G 801,WCM,2026-05-28,00:30,KUL,Cancelled,,departure,
EK 9885_2026-05-28,EK 9885,UAE,2026-05-28,00:30,DWC,Cancelled,,departure,
TK 6265_2026-05-28,TK 6265,THY,2026-05-28,00:35,IST,Dep 00:44,,departure,
CX 006_2026-05-28,CX 006,CPA,2026-05-28,00:50,NRT,Dep 01:48,,departure,
MS 510_2026-05-28,MS 510,MSR,2026-05-28,01:00,BKK,Dep 01:56,,departure,
CX 086_2026-05-28,CX 086,CPA,2026-05-28,01:30,"ANC, NLU",Dep 06:06,,departure,
CX 3170_2026-05-28,CX 3170,CPA,2026-05-28,01:50,"ANC, MIA, IAH",Dep 02:30,,departure,
SV 981_2026-05-28,SV 981,SVA,2026-05-28,02:00,RUH,Dep 02:12,,departure,
JL 6782_2026-05-28,JL 6782,JAL,2026-05-28,02:20,NRT,Dep 02:30,,departure,
KZ 202_2026-05-28,KZ 202,NCA,2026-05-28,02:25,NRT,Dep 03:04,,departure,
NH 8512_2026-05-28,NH 8512,ANA,2026-05-28,02:25,NRT,Dep 02:20,,departure,
5Y 8578_2026-05-28,5Y 8578,GTI,2026-05-28,02:30,"ANC, JFK",Dep 02:37,,departure,
CI 5836_2026-05-28,CI 5836,CAL,2026-05-28,03:00,TPE,Dep 04:14,,departure,
CX 3254_2026-05-28,CX 3254,CPA,2026-05-28,03:10,PVG,Dep 03:38,,departure,
KE 314_2026-05-28,KE 314,KAL,2026-05-28,03:10,ICN,Dep 02:46,,departure,
LD 204_2026-05-28,LD 204,AHK,2026-05-28,03:15,KIX,Dep 03:13,,departure,
LD 128_2026-05-28,LD 128,AHK,2026-05-28,03:20,ICN,Dep 03:21,,departure,
BR 6536_2026-05-28,BR 6536,EVA,2026-05-28,03:20,TPE,Dep 02:56,,departure,
LD 208_2026-05-28,LD 208,AHK,2026-05-28,03:25,NRT,Dep 03:28,,departure,
LD 327_2026-05-28,LD 327,AHK,2026-05-28,03:25,SIN,Dep 03:25,,departure,
LD 768_2026-05-28,LD 768,AHK,2026-05-28,03:25,PEK,Dep 03:21,,departure,
LD 216_2026-05-28,LD 216,AHK,2026-05-28,03:30,NGO,Dep 03:30,,departure,
8K 526_2026-05-28,8K 526,KMI,2026-05-28,03:30,BKK,Dep 03:40,,departure,
LD 457_2026-05-28,LD 457,AHK,2026-05-28,03:35,"MNL, CEB",Dep 03:46,,departure,
LD 782_2026-05-28,LD 782,AHK,2026-05-28,03:40,PVG,Dep 03:55,,departure,
LD 831_2026-05-28,LD 831,AHK,2026-05-28,03:40,BKK,Dep 04:09,,departure,
LD 561_2026-05-28,LD 561,AHK,2026-05-28,03:45,SGN,Dep 03:49,,departure,
TH 3508_2026-05-28,TH 3508,RMY,2026-05-28,03:45,KUL,Dep 03:41,,departure,
3S 502_2026-05-28,3S 502,BOX,2026-05-28,04:00,LAX,Dep 04:13,,departure,
3Y 6011_2026-05-28,3Y 6011,MYU,2026-05-28,04:00,CGK,Dep 04:03,,departure,
EK 9037_2026-05-28,EK 9037,UAE,2026-05-28,04:00,DWC,Cancelled,,departure,
HJ 022_2026-05-28,HJ 022,TMN,2026-05-28,04:00,SYD,Dep 04:02,,departure,
LD 720_2026-05-28,LD 720,AHK,2026-05-28,04:05,CTU,Dep 04:06,,departure,
SV 963_2026-05-28,SV 963,SVA,2026-05-28,04:15,RUH,Dep 15:50,,departure,
TH 3091_2026-05-28,TH 3091,RMY,2026-05-28,04:15,PEN,Dep 04:41,,departure,
LD 680_2026-05-28,LD 680,AHK,2026-05-28,04:20,TPE,Dep 04:34,,departure,
3S 715_2026-05-28,3S 715,BOX,2026-05-28,05:35,"DXB, LEJ",Dep 05:59,,departure,
3S 733_2026-05-28,3S 733,BOX,2026-05-28,05:40,"BLR, LEJ",Dep 05:55,,departure,
ES 720_2026-05-28,ES 720,DHX,2026-05-28,05:40,BAH,Dep 05:35,,departure,
3S 709_2026-05-28,3S 709,BOX,2026-05-28,05:45,"BAH, LEJ",Dep 06:06,,departure,
EK 9835_2026-05-28,EK 9835,UAE,2026-05-28,05:45,DWC,Dep 05:38,,departure,
MB 541_2026-05-28,MB 541,MNB,2026-05-28,06:00,"NVI, IST",Dep 05:51,,departure,
Y9 2562_2026-05-28,Y9 2562,SGA,2026-05-28,06:15,"DAC, DWC",Dep 15:59,,departure,
FX 5025_2026-05-28,FX 5025,FDX,2026-05-28,06:20,"CDG, LGG, MEM",Dep 06:26,,departure,
K4 255_2026-05-28,K4 255,CKS,2026-05-28,06:40,"YHM, CVG, JFK",Dep 09:08,,departure,
D0 593_2026-05-28,D0 593,DHK,2026-05-28,06:40,"DEL, EMA",Dep 06:43,,departure,
3V 952_2026-05-28,3V 952,TAY,2026-05-28,06:50,"ALA, LGG",Dep 06:52,,departure,
3S 505_2026-05-28,3S 505,BOX,2026-05-28,06:50,LEJ,Dep 07:27,,departure,
K4 241_2026-05-28,K4 241,CKS,2026-05-28,07:00,"ANC, CVG",Dep 07:51,,departure,
RH 331_2026-05-28,RH 331,HKC,2026-05-28,07:00,BKK,Dep 18:28,,departure,
CK 264_2026-05-28,CK 264,CKK,2026-05-28,07:00,CKG,Dep 06:43,,departure,
NJ 5509_2026-05-28,NJ 5509,RCR,2026-05-28,07:00,"ALA, EMA",Dep 11:28,,departure,
CT 126_2026-05-28,CT 126,AAE,2026-05-28,07:00,KGF,Dep 06:53,,departure,
K4 259_2026-05-28,K4 259,CKS,2026-05-28,07:15,"ANC, CVG",Dep 08:43,,departure,
SR 815_2026-05-28,SR 815,XKY,2026-05-28,07:15,CRK,Dep 07:11,,departure,
2U 8021_2026-05-28,2U 8021,FKH,2026-05-28,07:40,"KGF, RIX",Dep 11:12,,departure,
CX 3280_2026-05-28,CX 3280,CPA,2026-05-28,08:05,"ANC, LAX, PDX",Dep 08:05,,departure,
RH 371_2026-05-28,RH 371,HKC,2026-05-28,08:20,SIN,Cancelled,,departure,
ES 724_2026-05-28,ES 724,DHX,2026-05-28,08:40,BAH,Dep 09:12,,departure,
MB 180_2026-05-28,MB 180,MNB,2026-05-28,08:45,"NVI, IST",Dep 09:10,,departure,
CC 4800_2026-05-28,CC 4800,ABD,2026-05-28,08:45,CMB,Dep 09:13,,departure,
3S 503_2026-05-28,3S 503,BOX,2026-05-28,08:55,LEJ,Dep 09:26,,departure,
RH 492_2026-05-28,RH 492,HKC,2026-05-28,09:30,"CIT, BUD",Cancelled,,departure,
RH 962_2026-05-28,RH 962,HKC,2026-05-28,09:55,KIX,Dep 12:09,,departure,
O3 268_2026-05-28,O3 268,CSS,2026-05-28,09:55,NGB,Dep 09:44,,departure,
RH 394_2026-05-28,RH 394,HKC,2026-05-28,10:00,"ALA, ATH",Dep 20:01 (30/05/2026),,departure,
CX 043_2026-05-28,CX 043,CPA,2026-05-28,10:10,DEL,Cancelled,,departure,
N8 552_2026-05-28,N8 552,NCR,2026-05-28,10:20,"AUH, TLV",Dep 21:34 (27/05/2026),,departure,
5X 067_2026-05-28,5X 067,UPS,2026-05-28,10:25,"ICN, ANC, SDF",Dep 10:22,,departure,
CV 976_2026-05-28,CV 976,CLX,2026-05-28,10:30,"GYD, LUX",Dep 10:50,,departure,
EY 926_2026-05-28,EY 926,ETD,2026-05-28,10:45,AUH,Dep 13:42,,departure,
EK 9025_2026-05-28,EK 9025,UAE,2026-05-28,10:55,DWC,Cancelled,,departure,
CI 5832_2026-05-28,CI 5832,CAL,2026-05-28,11:15,TPE,Dep 13:15,,departure,
MP 9432_2026-05-28,MP 9432,MPH,2026-05-28,11:15,"ALA, AMS",Dep 12:00,,departure,
5X 003_2026-05-28,5X 003,UPS,2026-05-28,11:25,"CGN, PHL",Dep 13:52,,departure,
5Y 8030_2026-05-28,5Y 8030,GTI,2026-05-28,11:25,"ANC, MIA",Cancelled,,departure,
HE 971_2026-05-28,HE 971,HGO,2026-05-28,11:30,SHJ,Dep 11:24,,departure,
QR 8417_2026-05-28,QR 8417,QTR,2026-05-28,11:35,DOH,Dep 11:23,,departure,
RH 392_2026-05-28,RH 392,HKC,2026-05-28,11:50,"CIT, BUD",Cancelled,,departure,
CX 036_2026-05-28,CX 036,CPA,2026-05-28,11:55,KIX,Dep 12:09,,departure,
5Y 8318_2026-05-28,5Y 8318,GTI,2026-05-28,12:00,"ANC, LAX",Dep 08:42 (29/05/2026),,departure,
EK 9825_2026-05-28,EK 9825,UAE,2026-05-28,12:15,DWC,Dep 12:49,,departure,
5C 858_2026-05-28,5C 858,ICL,2026-05-28,12:45,"ALA, TLV",Dep 08:02,,departure,
5X 055_2026-05-28,5X 055,UPS,2026-05-28,12:55,"ANC, SDF",Dep 13:05,,departure,
SQ 7921_2026-05-28,SQ 7921,SIA,2026-05-28,13:10,SIN,Dep 13:13,,departure,
CX 3298_2026-05-28,CX 3298,CPA,2026-05-28,13:50,"ANC, JFK",Dep 02:14 (29/05/2026),,departure,
T8 4722_2026-05-28,T8 4722,TVR,2026-05-28,14:00,JED,Dep 14:40,,departure,
EK 9837_2026-05-28,EK 9837,UAE,2026-05-28,14:05,DWC,Dep 14:05,,departure,
KJ 968_2026-05-28,KJ 968,AIH,2026-05-28,14:30,ICN,Dep 14:36,,departure,
SQ 7952_2026-05-28,SQ 7952,SIA,2026-05-28,14:45,"ANC, DFW",Dep 06:59 (29/05/2026),,departure,
WW 862_2026-05-28,WW 862,KXP,2026-05-28,14:45,KUL,Dep 23:24,,departure,
F5 6528_2026-05-28,F5 6528,ATG,2026-05-28,15:30,"CIT, BUD",Dep 07:11 (29/05/2026),,departure,
F5 6628_2026-05-28,F5 6628,ATG,2026-05-28,15:30,"CIT, BUD",Cancelled,,departure,
7L 923_2026-05-28,7L 923,AZG,2026-05-28,15:35,GYD,Dep 16:26,,departure,
EK 9941_2026-05-28,EK 9941,UAE,2026-05-28,15:35,DWC,Cancelled,,departure,
5X 001_2026-05-28,5X 001,UPS,2026-05-28,15:40,"CGN, PHL",Dep 16:32,,departure,
RH 317_2026-05-28,RH 317,HKC,2026-05-28,15:55,HAN,Cancelled,,departure,
3S 509_2026-05-28,3S 509,BOX,2026-05-28,16:00,LEJ,Dep 14:36,,departure,
CX 3243_2026-05-28,CX 3243,CPA,2026-05-28,16:05,HAN,Dep 16:14,,departure,
5X 061_2026-05-28,5X 061,UPS,2026-05-28,16:05,"TPE, ANC, SDF",Dep 18:32,,departure,
P9 881_2026-05-28,P9 881,MGE,2026-05-28,16:10,GUM,Dep 16:55,,departure,
5X 166_2026-05-28,5X 166,UPS,2026-05-28,16:10,"SIN, SDF",Dep 16:18,,departure,
ET 3039_2026-05-28,ET 3039,ETH,2026-05-28,16:25,ADD,Dep 17:39,,departure,
ET 3685_2026-05-28,ET 3685,ETH,2026-05-28,16:30,ADD,Dep 17:09,,departure,
3S 519_2026-05-28,3S 519,BOX,2026-05-28,17:00,LEJ,Dep 17:15,,departure,
KE 9314_2026-05-28,KE 9314,KAL,2026-05-28,17:10,ICN,Dep 16:44,,departure,
5Y 654_2026-05-28,5Y 654,GTI,2026-05-28,17:25,"ANC, ORD",Dep 02:55 (29/05/2026),,departure,
ET 3629_2026-05-28,ET 3629,ETH,2026-05-28,17:40,ADD,Cancelled,,departure,
T8 4704_2026-05-28,T8 4704,TVR,2026-05-28,18:00,SHJ,Dep 19:57,,departure,
MH 6119_2026-05-28,MH 6119,MAS,2026-05-28,18:10,KUL,Dep 19:48,,departure,
MB 272_2026-05-28,MB 272,MNB,2026-05-28,18:20,"NVI, IST",Dep 20:36,,departure,
LH 8461_2026-05-28,LH 8461,GEC,2026-05-28,18:25,"IST, FRA",Dep 19:24,,departure,
AK 8542_2026-05-28,AK 8542,AXM,2026-05-28,18:30,KUL,Dep 04:50 (29/05/2026),,departure,
CX 2047_2026-05-28,CX 2047,CPA,2026-05-28,18:30,MAA,Dep 18:39,,departure,
CB 855_2026-05-28,CB 855,ABB,2026-05-28,18:50,NVI,Dep 18:41,,departure,
5X 063_2026-05-28,5X 063,UPS,2026-05-28,19:05,"ANC, SDF",Dep 19:11,,departure,
CI 5838_2026-05-28,CI 5838,CAL,2026-05-28,19:20,TPE,Dep 20:41,,departure,
CV 287_2026-05-28,CV 287,CLX,2026-05-28,19:25,"ANC, DFW, MIA, LUX",Dep 02:09 (29/05/2026),,departure,
TH 6825_2026-05-28,TH 6825,RMY,2026-05-28,19:30,KUL,Dep 17:56,,departure,
CP 138_2026-05-28,CP 138,LSI,2026-05-28,19:35,"GYD, MXP",Dep 19:13,,departure,
FX 5991_2026-05-28,FX 5991,FDX,2026-05-28,19:50,"KIX, OAK",Dep 19:57,,departure,
5X 059_2026-05-28,5X 059,UPS,2026-05-28,19:50,"ANC, ONT",Dep 19:40,,departure,
QR 8471_2026-05-28,QR 8471,QTR,2026-05-28,19:55,DOH,Dep 20:18,,departure,
C8 782_2026-05-28,C8 782,ICV,2026-05-28,20:00,"ASB, MXP",Dep 08:38 (29/05/2026),,departure,
SV 3021_2026-05-28,SV 3021,SVA,2026-05-28,20:25,"HSA, BUD, FRA",Dep 07:04 (29/05/2026),,departure,
CX 056_2026-05-28,CX 056,CPA,2026-05-28,20:25,PVG,Dep 08:17 (29/05/2026),,departure,
7L 147_2026-05-28,7L 147,AZG,2026-05-28,20:25,GYD,Cancelled,,departure,
CX 054_2026-05-28,CX 054,CPA,2026-05-28,20:45,"CGO, PVG",Dep 22:36,,departure,
D4 1912_2026-05-28,D4 1912,GEL,2026-05-28,21:10,"KGF, TBS",Dep 21:25,,departure,
RH 351_2026-05-28,RH 351,HKC,2026-05-28,21:20,MNL,Dep 22:02,,departure,
7L 692_2026-05-28,7L 692,AZG,2026-05-28,21:20,GYD,Cancelled,,departure,
EK 9011_2026-05-28,EK 9011,UAE,2026-05-28,21:25,DWC,Cancelled,,departure,
D0 009_2026-05-28,D0 009,DHK,2026-05-28,21:40,"CVG, EMA",Dep 22:00,,departure,
5C 772_2026-05-28,5C 772,ICL,2026-05-28,21:45,"GYD, TLV",Cancelled,,departure,
EK 9785_2026-05-28,EK 9785,UAE,2026-05-28,22:20,DWC,Cancelled,,departure,
ET 3785_2026-05-29,ET 3785,ETH,2026-05-29,00:00,"MCT, MAD, ADD",Dep 16:55,,departure,
CX 2094_2026-05-29,CX 2094,CPA,2026-05-29,00:10,"ANC, ORD",Dep 00:08,,departure,
RH 4568_2026-05-29,RH 4568,HKC,2026-05-29,00:15,TPE,Dep 17:02,,departure,
3G 801_2026-05-29,3G 801,WCM,2026-05-29,00:30,KUL,Cancelled,,departure,
QR 8413_2026-05-29,QR 8413,QTR,2026-05-29,00:30,DOH,Dep 23:56 (28/05/2026),,departure,
CX 006_2026-05-29,CX 006,CPA,2026-05-29,00:50,NRT,Dep 01:03,,departure,
QR 8409_2026-05-29,QR 8409,QTR,2026-05-29,01:20,DOH,Dep 01:17,,departure,
CX 096_2026-05-29,CX 096,CPA,2026-05-29,01:30,"ANC, NLU",Dep 05:07,,departure,
SE 1105_2026-05-29,SE 1105,URO,2026-05-29,01:30,"CCU, RKT, CAI, LGG",Dep 10:30,,departure,
ET 3629_2026-05-29,ET 3629,ETH,2026-05-29,02:15,ADD,Dep 02:34,,departure,
JL 6782_2026-05-29,JL 6782,JAL,2026-05-29,02:20,NRT,Dep 02:26,,departure,
KZ 202_2026-05-29,KZ 202,NCA,2026-05-29,02:25,NRT,Dep 04:44,,departure,
CB 855_2026-05-29,CB 855,ABB,2026-05-29,02:50,"NVI, LGG",Cancelled,,departure,
EY 934_2026-05-29,EY 934,ETD,2026-05-29,02:55,AUH,Dep 02:54,,departure,
CI 5826_2026-05-29,CI 5826,CAL,2026-05-29,03:00,TPE,Dep 02:30,,departure,
QR 8415_2026-05-29,QR 8415,QTR,2026-05-29,03:05,DOH,Dep 02:42,,departure,
KE 314_2026-05-29,KE 314,KAL,2026-05-29,03:10,ICN,Dep 02:47,,departure,
LD 204_2026-05-29,LD 204,AHK,2026-05-29,03:15,KIX,Dep 03:17,,departure,
LD 128_2026-05-29,LD 128,AHK,2026-05-29,03:20,ICN,Dep 03:19,,departure,
BR 6538_2026-05-29,BR 6538,EVA,2026-05-29,03:20,TPE,Dep 04:14,,departure,
LD 208_2026-05-29,LD 208,AHK,2026-05-29,03:25,NRT,Dep 03:27,,departure,
LD 327_2026-05-29,LD 327,AHK,2026-05-29,03:25,SIN,Dep 03:26,,departure,
LD 768_2026-05-29,LD 768,AHK,2026-05-29,03:25,PEK,Dep 03:26,,departure,
LD 216_2026-05-29,LD 216,AHK,2026-05-29,03:30,NGO,Dep 03:40,,departure,
8K 526_2026-05-29,8K 526,KMI,2026-05-29,03:30,BKK,Dep 03:42,,departure,
LD 457_2026-05-29,LD 457,AHK,2026-05-29,03:35,"MNL, CEB",Dep 03:36,,departure,
LD 782_2026-05-29,LD 782,AHK,2026-05-29,03:40,PVG,Dep 03:44,,departure,
LD 831_2026-05-29,LD 831,AHK,2026-05-29,03:40,BKK,Dep 03:52,,departure,
LD 561_2026-05-29,LD 561,AHK,2026-05-29,03:45,SGN,Dep 03:44,,departure,
TH 3508_2026-05-29,TH 3508,RMY,2026-05-29,03:45,KUL,Dep 03:53,,departure,
NH 8512_2026-05-29,NH 8512,ANA,2026-05-29,03:50,NRT,Dep 03:24,,departure,
3S 500_2026-05-29,3S 500,BOX,2026-05-29,04:00,LAX,Dep 04:11,,departure,
3Y 6011_2026-05-29,3Y 6011,MYU,2026-05-29,04:00,CGK,Dep 04:03,,departure,
EK 9037_2026-05-29,EK 9037,UAE,2026-05-29,04:00,DWC,Cancelled,,departure,
LD 720_2026-05-29,LD 720,AHK,2026-05-29,04:05,CTU,Dep 04:08,,departure,
CX 072_2026-05-29,CX 072,CPA,2026-05-29,04:10,"ANC, MIA",Dep 04:08,,departure,
TH 3091_2026-05-29,TH 3091,RMY,2026-05-29,04:15,PEN,Dep 04:25,,departure,
LD 680_2026-05-29,LD 680,AHK,2026-05-29,04:20,TPE,Dep 04:24,,departure,
ET 3769_2026-05-29,ET 3769,ETH,2026-05-29,05:00,"EMA, IST",Cancelled,,departure,
ET 3707_2026-05-29,ET 3707,ETH,2026-05-29,05:05,"BUD, ADD",Dep 05:33,,departure,
MB 480_2026-05-29,MB 480,MNB,2026-05-29,05:30,"SHJ, IST",Cancelled,,departure,
3S 713_2026-05-29,3S 713,BOX,2026-05-29,05:35,"DXB, LEJ",Dep 06:03,,departure,
3S 735_2026-05-29,3S 735,BOX,2026-05-29,05:40,"BLR, LEJ",Dep 06:10,,departure,
ES 728_2026-05-29,ES 728,DHX,2026-05-29,05:40,BAH,Dep 22:30,,departure,
3S 707_2026-05-29,3S 707,BOX,2026-05-29,05:45,"BAH, LEJ",Dep 05:50,,departure,
FX 5217_2026-05-29,FX 5217,FDX,2026-05-29,05:55,"LGG, CDG, MEM",Dep 05:49,,departure,
CP 186_2026-05-29,CP 186,LSI,2026-05-29,06:10,OTP,Dep 05:54,,departure,
RH 9493_2026-05-29,RH 9493,HKC,2026-05-29,06:20,"ALA, IST",Dep 13:38 (31/05/2026),,departure,
D0 591_2026-05-29,D0 591,DHK,2026-05-29,06:40,"DEL, EMA",Dep 06:41,,departure,
K4 272_2026-05-29,K4 272,CKS,2026-05-29,06:45,"ALA, LGG",Dep 17:07,,departure,
CX 2058_2026-05-29,CX 2058,CPA,2026-05-29,06:45,PVG,Dep 09:27,,departure,
ET 3035_2026-05-29,ET 3035,ETH,2026-05-29,06:55,ADD,Cancelled,,departure,
RH 331_2026-05-29,RH 331,HKC,2026-05-29,07:00,BKK,Dep 07:42,,departure,
HE 996_2026-05-29,HE 996,HGO,2026-05-29,07:00,SHJ,Cancelled,,departure,
3S 711_2026-05-29,3S 711,BOX,2026-05-29,07:00,LEJ,Dep 06:48,,departure,
SV 987_2026-05-29,SV 987,SVA,2026-05-29,07:00,RUH,Cancelled,,departure,
CT 112_2026-05-29,CT 112,AAE,2026-05-29,07:00,"KGF, LGG",Dep 07:15,,departure,
5Y 5528_2026-05-29,5Y 5528,GTI,2026-05-29,07:00,ICN,Cancelled,,departure,
7L 1923_2026-05-29,7L 1923,AZG,2026-05-29,07:00,DWC,Dep 06:44,,departure,
CX 037_2026-05-29,CX 037,CPA,2026-05-29,07:05,"MAA, LHR",Dep 08:56,,departure,
CI 6842_2026-05-29,CI 6842,CAL,2026-05-29,07:35,TPE,Dep 08:01,,departure,
O3 152_2026-05-29,O3 152,CSS,2026-05-29,07:55,EHU,Dep 08:49,,departure,
QR 8411_2026-05-29,QR 8411,QTR,2026-05-29,08:15,DOH,Dep 08:28,,departure,
RH 371_2026-05-29,RH 371,HKC,2026-05-29,08:20,SIN,Dep 02:24 (30/05/2026),,departure,
QR 8407_2026-05-29,QR 8407,QTR,2026-05-29,08:20,DOH,Dep 09:30,,departure,
MB 270_2026-05-29,MB 270,MNB,2026-05-29,08:40,KGF,Dep 08:59,,departure,
HE 973_2026-05-29,HE 973,HGO,2026-05-29,08:55,SHJ,Dep 09:07,,departure,
QY 675_2026-05-29,QY 675,BCS,2026-05-29,09:45,"ALA, LEJ",Dep 13:05,,departure,
EK 9791_2026-05-29,EK 9791,UAE,2026-05-29,09:45,DWC,Dep 10:57,,departure,
CV 251_2026-05-29,CV 251,CLX,2026-05-29,09:55,"ANC, DFW",Cancelled,,departure,
O3 268_2026-05-29,O3 268,CSS,2026-05-29,09:55,NGB,Dep 09:40,,departure,
QR 8435_2026-05-29,QR 8435,QTR,2026-05-29,09:55,DOH,Dep 10:03,,departure,
QY 539_2026-05-29,QY 539,BCS,2026-05-29,10:00,"ALA, LEJ",Dep 10:37,,departure,
CX 2073_2026-05-29,CX 2073,CPA,2026-05-29,10:05,SIN,Dep 10:07,,departure,
CV 913_2026-05-29,CV 913,CLX,2026-05-29,10:15,"GYD, BUD, LUX",Dep 12:42,,departure,
EK 9841_2026-05-29,EK 9841,UAE,2026-05-29,10:15,DWC,Dep 10:39,,departure,
3S 547_2026-05-29,3S 547,BOX,2026-05-29,10:50,"BRU, LEJ",Dep 11:10,,departure,
EK 9025_2026-05-29,EK 9025,UAE,2026-05-29,10:55,DWC,Cancelled,,departure,
5X 003_2026-05-29,5X 003,UPS,2026-05-29,11:25,"CGN, PHL",Dep 12:16,,departure,
CX 3408_2026-05-29,CX 3408,CPA,2026-05-29,11:35,"ANC, ORD, DFW",Dep 12:16,,departure,
CV 272_2026-05-29,CV 272,CLX,2026-05-29,11:40,"ANC, ORD",Dep 15:06,,departure,
EY 932_2026-05-29,EY 932,ETD,2026-05-29,11:55,AUH,Dep 11:56,,departure,
3V 400_2026-05-29,3V 400,TAY,2026-05-29,12:25,"ALA, LGG",Dep 12:31,,departure,
QR 8405_2026-05-29,QR 8405,QTR,2026-05-29,12:30,DOH,Dep 12:05,,departure,
MP 9442_2026-05-29,MP 9442,MPH,2026-05-29,12:30,"ALA, AMS",Dep 12:38,,departure,
K4 209_2026-05-29,K4 209,CKS,2026-05-29,13:30,"ANC, CVG",Dep 23:23,,departure,
7L 1572_2026-05-29,7L 1572,AZG,2026-05-29,13:30,GYD,Cancelled,,departure,
CT 124_2026-05-29,CT 124,AAE,2026-05-29,13:30,"KGF, LGG",Dep 13:32,,departure,
2U 8051_2026-05-29,2U 8051,FKH,2026-05-29,14:20,"NQZ, RIX",Dep 20:01,,departure,
5X 067_2026-05-29,5X 067,UPS,2026-05-29,14:20,"ANC, SDF",Dep 14:32,,departure,
KJ 970_2026-05-29,KJ 970,AIH,2026-05-29,14:40,ICN,Dep 18:28,,departure,
CX 039_2026-05-29,CX 039,CPA,2026-05-29,14:45,BOM,Dep 14:55,,departure,
WW 862_2026-05-29,WW 862,KXP,2026-05-29,15:20,KUL,Cancelled,,departure,
EK 9239_2026-05-29,EK 9239,UAE,2026-05-29,15:35,DWC,Cancelled,,departure,
EK 9843_2026-05-29,EK 9843,UAE,2026-05-29,15:35,DWC,Dep 07:15,,departure,
K4 243_2026-05-29,K4 243,CKS,2026-05-29,15:45,"ANC, MIA",Dep 15:03,,departure,
KE 8314_2026-05-29,KE 8314,KAL,2026-05-29,15:50,ICN,Dep 15:33,,departure,
5Y 612_2026-05-29,5Y 612,GTI,2026-05-29,15:55,"ANC, HSV, MIA",Dep 15:31,,departure,
RH 317_2026-05-29,RH 317,HKC,2026-05-29,15:55,HAN,Dep 06:32 (30/05/2026),,departure,
CX 094_2026-05-29,CX 094,CPA,2026-05-29,16:00,"ANC, JFK",Dep 16:53,,departure,
5X 061_2026-05-29,5X 061,UPS,2026-05-29,16:05,"TPE, ANC, SDF",Dep 16:03,,departure,
K4 282_2026-05-29,K4 282,CKS,2026-05-29,16:10,"ALA, LEJ",Dep 17:20,,departure,
P9 881_2026-05-29,P9 881,MGE,2026-05-29,16:10,GUM,Dep 21:16,,departure,
5X 169_2026-05-29,5X 169,UPS,2026-05-29,16:25,"SIN, SDF",Dep 16:30,,departure,
3S 519_2026-05-29,3S 519,BOX,2026-05-29,16:45,LEJ,Dep 17:05,,departure,
EK 9283_2026-05-29,EK 9283,UAE,2026-05-29,16:50,DWC,Cancelled,,departure,
TK 6321_2026-05-29,TK 6321,THY,2026-05-29,16:55,IST,Dep 16:35,,departure,
CX 2049_2026-05-29,CX 2049,CPA,2026-05-29,16:55,HAN,Dep 17:02,,departure,
5Y 8139_2026-05-29,5Y 8139,GTI,2026-05-29,17:55,"DEL, ANC",Dep 18:08,,departure,
CX 2026_2026-05-29,CX 2026,CPA,2026-05-29,18:05,TPE,Cancelled,,departure,
7L 247_2026-05-29,7L 247,AZG,2026-05-29,18:10,GYD,Cancelled,,departure,
RH 9457_2026-05-29,RH 9457,HKC,2026-05-29,18:10,DEL,Dep 14:41 (30/05/2026),,departure,
AK 8542_2026-05-29,AK 8542,AXM,2026-05-29,18:25,KUL,Dep 22:12,,departure,
EK 9847_2026-05-29,EK 9847,UAE,2026-05-29,18:25,DWC,Dep 06:56 (30/05/2026),,departure,
7L 572_2026-05-29,7L 572,AZG,2026-05-29,18:35,GYD,Cancelled,,departure,
EK 9881_2026-05-29,EK 9881,UAE,2026-05-29,18:35,DWC,Cancelled,,departure,
Y9 2564_2026-05-29,Y9 2564,SGA,2026-05-29,18:45,"DAC, DWC",Dep 23:32,,departure,
MH 6113_2026-05-29,MH 6113,MAS,2026-05-29,18:45,KUL,Dep 18:37,,departure,
QR 8475_2026-05-29,QR 8475,QTR,2026-05-29,18:45,DOH,Dep 18:41,,departure,
SQ 7859_2026-05-29,SQ 7859,SIA,2026-05-29,18:55,SIN,Dep 21:05,,departure,
TK 6259_2026-05-29,TK 6259,THY,2026-05-29,19:00,IST,Dep 18:33,,departure,
CI 6844_2026-05-29,CI 6844,CAL,2026-05-29,19:20,TPE,Dep 20:25,,departure,
5X 063_2026-05-29,5X 063,UPS,2026-05-29,19:25,"ANC, SDF",Dep 19:19,,departure,
TH 6825_2026-05-29,TH 6825,RMY,2026-05-29,19:30,KUL,Dep 20:10,,departure,
5X 059_2026-05-29,5X 059,UPS,2026-05-29,19:45,"ANC, ONT",Dep 19:41,,departure,
FX 5991_2026-05-29,FX 5991,FDX,2026-05-29,19:50,"KIX, OAK, MEM",Dep 19:53,,departure,
SQ 7354_2026-05-29,SQ 7354,SIA,2026-05-29,20:05,"MAA, BRU",Dep 19:50,,departure,
CX 3147_2026-05-29,CX 3147,CPA,2026-05-29,21:00,HAN,Dep 21:07,,departure,
CX 090_2026-05-29,CX 090,CPA,2026-05-29,21:05,"ANC, LAX, DFW",Dep 01:52 (30/05/2026),,departure,
EK 9853_2026-05-29,EK 9853,UAE,2026-05-29,21:15,DWC,Dep 21:41,,departure,
RH 351_2026-05-29,RH 351,HKC,2026-05-29,21:20,MNL,Dep 22:58,,departure,
EK 9011_2026-05-29,EK 9011,UAE,2026-05-29,21:25,DWC,Cancelled,,departure,
K4 704_2026-05-29,K4 704,CKS,2026-05-29,21:30,"ALA, TLV",Dep 13:35 (30/05/2026),,departure,
AK 8535_2026-05-29,AK 8535,AXM,2026-05-29,21:55,KUL,Cancelled,,departure,
CV 293_2026-05-29,CV 293,CLX,2026-05-29,22:30,"ANC, NLU, GDL, LUX",Dep 22:15,,departure,
HJ 022_2026-05-29,HJ 022,TMN,2026-05-29,22:35,SYD,Dep 22:49,,departure,
C6 7632_2026-05-29,C6 7632,MFX,2026-05-29,23:00,TAS,Cancelled,,departure,
QF 7526_2026-05-29,QF 7526,QFA,2026-05-29,23:50,SYD,Dep 00:18 (30/05/2026),,departure,
RH 4568_2026-05-30,RH 4568,HKC,2026-05-30,00:15,TPE,Dep 13:56,,departure,
RH 829_2026-05-30,RH 829,HKC,2026-05-30,00:15,PVG,Cancelled,,departure,
EK 9833_2026-05-30,EK 9833,UAE,2026-05-30,00:25,DWC,Dep 00:24,,departure,
QR 8429_2026-05-30,QR 8429,QTR,2026-05-30,00:30,DOH,Dep 00:10,,departure,
EK 9885_2026-05-30,EK 9885,UAE,2026-05-30,00:30,DWC,Cancelled,,departure,
CX 006_2026-05-30,CX 006,CPA,2026-05-30,00:50,NRT,Dep 05:36,,departure,
7L 692_2026-05-30,7L 692,AZG,2026-05-30,01:15,GYD,Dep 07:13,,departure,
CX 086_2026-05-30,CX 086,CPA,2026-05-30,01:30,"ANC, NLU",Dep 05:11,,departure,
BR 6090_2026-05-30,BR 6090,EVA,2026-05-30,01:30,TPE,Dep 02:59,,departure,
QR 8437_2026-05-30,QR 8437,QTR,2026-05-30,02:00,DOH,Dep 01:45,,departure,
MB 430_2026-05-30,MB 430,MNB,2026-05-30,02:15,"NVI, IST",Dep 04:46,,departure,
JL 6782_2026-05-30,JL 6782,JAL,2026-05-30,02:20,NRT,Dep 02:11,,departure,
KZ 202_2026-05-30,KZ 202,NCA,2026-05-30,02:25,NRT,Dep 02:49 (31/05/2026),,departure,
NH 8512_2026-05-30,NH 8512,ANA,2026-05-30,02:25,NRT,Dep 02:22,,departure,
SV 983_2026-05-30,SV 983,SVA,2026-05-30,02:25,RUH,Dep 10:26,,departure,
CX 056_2026-05-30,CX 056,CPA,2026-05-30,02:40,PVG,Dep 02:38,,departure,
ET 3219_2026-05-30,ET 3219,ETH,2026-05-30,02:40,ADD,Cancelled,,departure,
3S 517_2026-05-30,3S 517,BOX,2026-05-30,02:45,LEJ,Dep 02:41,,departure,
CI 5836_2026-05-30,CI 5836,CAL,2026-05-30,03:00,TPE,Dep 02:48,,departure,
QR 8421_2026-05-30,QR 8421,QTR,2026-05-30,03:05,DOH,Dep 03:13,,departure,
KE 314_2026-05-30,KE 314,KAL,2026-05-30,03:10,ICN,Dep 03:03,,departure,
BR 6536_2026-05-30,BR 6536,EVA,2026-05-30,03:20,TPE,Dep 03:21,,departure,
LD 457_2026-05-30,LD 457,AHK,2026-05-30,03:35,"MNL, CEB",Dep 03:30,,departure,
8K 526_2026-05-30,8K 526,KMI,2026-05-30,03:40,BKK,Dep 04:15,,departure,
LD 591_2026-05-30,LD 591,AHK,2026-05-30,03:45,PEN,Dep 04:08,,departure,
LD 128_2026-05-30,LD 128,AHK,2026-05-30,03:50,ICN,Dep 04:03,,departure,
LD 208_2026-05-30,LD 208,AHK,2026-05-30,03:55,NRT,Dep 03:54,,departure,
CX 050_2026-05-30,CX 050,CPA,2026-05-30,04:00,CGO,Dep 05:14,,departure,
EK 9037_2026-05-30,EK 9037,UAE,2026-05-30,04:00,DWC,Cancelled,,departure,
LD 831_2026-05-30,LD 831,AHK,2026-05-30,04:05,BKK,Dep 04:13,,departure,
SQ 7412_2026-05-30,SQ 7412,SIA,2026-05-30,04:05,"NGO, CVG",Dep 04:00,,departure,
LD 782_2026-05-30,LD 782,AHK,2026-05-30,04:15,PVG,Dep 04:24,,departure,
CB 857_2026-05-30,CB 857,ABB,2026-05-30,04:30,"NVI, LGG",Dep 04:21,,departure,
LD 317_2026-05-30,LD 317,AHK,2026-05-30,04:35,SIN,Dep 04:24,,departure,
CV 352_2026-05-30,CV 352,CLX,2026-05-30,04:40,"GYD, LUX",Dep 05:14,,departure,
LD 680_2026-05-30,LD 680,AHK,2026-05-30,04:45,TPE,Dep 04:47,,departure,
3S 715_2026-05-30,3S 715,BOX,2026-05-30,05:35,"DXB, LEJ",Dep 05:35,,departure,
EK 9831_2026-05-30,EK 9831,UAE,2026-05-30,05:35,DWC,Dep 05:24,,departure,
3S 733_2026-05-30,3S 733,BOX,2026-05-30,05:40,"BLR, LEJ",Dep 05:42,,departure,
ES 720_2026-05-30,ES 720,DHX,2026-05-30,05:40,BAH,Dep 05:51,,departure,
3S 545_2026-05-30,3S 545,BOX,2026-05-30,05:55,"BRU, FRA",Cancelled,,departure,
3S 502_2026-05-30,3S 502,BOX,2026-05-30,06:00,LAX,Dep 05:55,,departure,
FX 021_2026-05-30,FX 021,FDX,2026-05-30,06:40,"CDG, MXP, LGG, MEM",Dep 06:24,,departure,
K4 253_2026-05-30,K4 253,CKS,2026-05-30,06:55,"ANC, JFK, CVG",Dep 10:16,,departure,
CX 061_2026-05-30,CX 061,CPA,2026-05-30,06:55,"DEL, FRA",Dep 07:04,,departure,
5C 858_2026-05-30,5C 858,ICL,2026-05-30,06:55,"ALA, TLV",Dep 12:32,,departure,
K4 241_2026-05-30,K4 241,CKS,2026-05-30,07:00,"ANC, MIA, CVG",Dep 06:52,,departure,
RH 331_2026-05-30,RH 331,HKC,2026-05-30,07:00,BKK,Dep 06:29 (31/05/2026),,departure,
CK 264_2026-05-30,CK 264,CKK,2026-05-30,07:00,CKG,Dep 06:34,,departure,
EK 9215_2026-05-30,EK 9215,UAE,2026-05-30,07:00,"ALA, PRG",Dep 19:59,,departure,
EK 9789_2026-05-30,EK 9789,UAE,2026-05-30,07:00,DWC,Cancelled,,departure,
F5 6628_2026-05-30,F5 6628,ATG,2026-05-30,07:00,"CIT, OTP",Dep 07:05,,departure,
CC 3575_2026-05-30,CC 3575,ABD,2026-05-30,07:00,"CMB, JNB",Dep 07:18,,departure,
ET 3601_2026-05-30,ET 3601,ETH,2026-05-30,07:10,ADD,Dep 08:26,,departure,
SR 815_2026-05-30,SR 815,XKY,2026-05-30,07:15,CRK,Dep 08:16,,departure,
HJ 026_2026-05-30,HJ 026,TMN,2026-05-30,07:20,SYD,Dep 07:24,,departure,
RH 371_2026-05-30,RH 371,HKC,2026-05-30,08:20,SIN,Cancelled,,departure,
MB 382_2026-05-30,MB 382,MNB,2026-05-30,08:35,"SHJ, IST",Cancelled,,departure,
HE 975_2026-05-30,HE 975,HGO,2026-05-30,08:55,SHJ,Dep 06:46 (01/06/2026),,departure,
F5 6530_2026-05-30,F5 6530,ATG,2026-05-30,08:55,SHJ,Cancelled,,departure,
KJ 952_2026-05-30,KJ 952,AIH,2026-05-30,09:20,ICN,Dep 09:20,,departure,
RH 394_2026-05-30,RH 394,HKC,2026-05-30,09:30,"ALA, ATH",Cancelled,,departure,
K4 704_2026-05-30,K4 704,CKS,2026-05-30,09:30,"ALA, TLV",Cancelled,,departure,
TK 6235_2026-05-30,TK 6235,THY,2026-05-30,09:45,IST,Dep 11:57,,departure,
O3 268_2026-05-30,O3 268,CSS,2026-05-30,09:55,NGB,Dep 09:37,,departure,
LH 8461_2026-05-30,LH 8461,GEC,2026-05-30,10:25,"IST, FRA",Dep 10:17,,departure,
SQ 7980_2026-05-30,SQ 7980,SIA,2026-05-30,10:30,"ANC, DFW",Dep 10:57,,departure,
CV 292_2026-05-30,CV 292,CLX,2026-05-30,10:30,"GYD, LUX",Dep 11:28,,departure,
EK 9025_2026-05-30,EK 9025,UAE,2026-05-30,10:55,DWC,Cancelled,,departure,
D0 593_2026-05-30,D0 593,DHK,2026-05-30,11:55,"DEL, EMA",Cancelled,,departure,
T8 4706_2026-05-30,T8 4706,TVR,2026-05-30,12:00,SHJ,Dep 12:05,,departure,
CV 251_2026-05-30,CV 251,CLX,2026-05-30,12:10,"ANC, ORD, DFW, LUX",Dep 12:29,,departure,
CX 084_2026-05-30,CX 084,CPA,2026-05-30,12:10,"ANC, LAX, PDX",Dep 16:39,,departure,
5Y 8052_2026-05-30,5Y 8052,GTI,2026-05-30,12:30,"ANC, MIA",Dep 12:45,,departure,
CX 049_2026-05-30,CX 049,CPA,2026-05-30,13:15,DAC,Dep 15:27,,departure,
K4 295_2026-05-30,K4 295,CKS,2026-05-30,13:20,"ANC, CVG",Dep 13:23,,departure,
RH 9489_2026-05-30,RH 9489,HKC,2026-05-30,13:30,"ALA, IST",Dep 21:32 (01/06/2026),,departure,
EK 9885_2026-05-30,EK 9885,UAE,2026-05-30,13:35,DWC,Cancelled,,departure,
MH 6104_2026-05-30,MH 6104,MAS,2026-05-30,14:10,KUL,Cancelled,,departure,
MH 6105_2026-05-30,MH 6105,MAS,2026-05-30,14:10,KUL,Dep 14:16,,departure,
D0 897_2026-05-30,D0 897,DHK,2026-05-30,14:15,BAH,Dep 14:15,,departure,
EK 9015_2026-05-30,EK 9015,UAE,2026-05-30,14:15,DWC,Cancelled,,departure,
CX 3241_2026-05-30,CX 3241,CPA,2026-05-30,14:30,DEL,Dep 14:45,,departure,
WW 862_2026-05-30,WW 862,KXP,2026-05-30,14:45,KUL,Cancelled,,departure,
CP 156_2026-05-30,CP 156,LSI,2026-05-30,14:50,"GYD, FCO",Cancelled,,departure,
CP 188_2026-05-30,CP 188,LSI,2026-05-30,14:50,"GYD, FCO",Dep 14:56,,departure,
5X 069_2026-05-30,5X 069,UPS,2026-05-30,14:55,"ANC, SDF",Dep 14:49,,departure,
CX 3032_2026-05-30,CX 3032,CPA,2026-05-30,15:10,ICN,Dep 20:14,,departure,
KJ 968_2026-05-30,KJ 968,AIH,2026-05-30,15:35,ICN,Dep 15:55,,departure,
MP 9452_2026-05-30,MP 9452,MPH,2026-05-30,15:35,"ALA, AMS",Dep 16:10,,departure,
RH 317_2026-05-30,RH 317,HKC,2026-05-30,15:55,HAN,Dep 06:05 (31/05/2026),,departure,
EK 9783_2026-05-30,EK 9783,UAE,2026-05-30,16:00,DWC,Cancelled,,departure,
CX 080_2026-05-30,CX 080,CPA,2026-05-30,16:05,"ANC, ORD",Dep 19:11,,departure,
QR 8473_2026-05-30,QR 8473,QTR,2026-05-30,16:25,DOH,Dep 16:21,,departure,
CX 3296_2026-05-30,CX 3296,CPA,2026-05-30,16:30,"ANC, JFK",Dep 01:44 (31/05/2026),,departure,
EK 9793_2026-05-30,EK 9793,UAE,2026-05-30,16:50,DWC,Dep 16:42,,departure,
5Y 8137_2026-05-30,5Y 8137,GTI,2026-05-30,17:15,"DEL, ANC",Dep 20:27,,departure,
EK 9845_2026-05-30,EK 9845,UAE,2026-05-30,17:15,DWC,Dep 17:19,,departure,
KE 9314_2026-05-30,KE 9314,KAL,2026-05-30,17:25,ICN,Dep 16:38,,departure,
C8 762_2026-05-30,C8 762,ICV,2026-05-30,17:25,"ASB, MXP",Dep 17:22,,departure,
EK 9007_2026-05-30,EK 9007,UAE,2026-05-30,17:50,DWC,Cancelled,,departure,
HE 775_2026-05-30,HE 775,HGO,2026-05-30,18:00,"CIT, EMA",Dep 18:51,,departure,
5Y 4356_2026-05-30,5Y 4356,GTI,2026-05-30,18:05,"ALA, LGG",Dep 18:08,,departure,
CT 114_2026-05-30,CT 114,AAE,2026-05-30,18:05,"KGF, LGG",Dep 17:37,,departure,
CV 309_2026-05-30,CV 309,CLX,2026-05-30,18:20,"GYD, LUX",Dep 18:59,,departure,
7L 624_2026-05-30,7L 624,AZG,2026-05-30,18:25,GYD,Cancelled,,departure,
AK 8546_2026-05-30,AK 8546,AXM,2026-05-30,18:30,KUL,Dep 22:01,,departure,
EK 9841_2026-05-30,EK 9841,UAE,2026-05-30,18:35,DWC,Dep 00:47 (31/05/2026),,departure,
CI 5824_2026-05-30,CI 5824,CAL,2026-05-30,18:50,TPE,Dep 18:38,,departure,
2C 575_2026-05-30,2C 575,CMA,2026-05-30,19:15,"NVI, CDG",Dep 19:06,,departure,
CI 5838_2026-05-30,CI 5838,CAL,2026-05-30,19:20,TPE,Dep 20:55,,departure,
TH 6825_2026-05-30,TH 6825,RMY,2026-05-30,19:30,KUL,Dep 22:28,,departure,
SQ 7867_2026-05-30,SQ 7867,SIA,2026-05-30,19:45,SIN,Dep 19:47,,departure,
3S 637_2026-05-30,3S 637,BOX,2026-05-30,19:50,"BLR, FRA",Dep 19:32,,departure,
BR 6820_2026-05-30,BR 6820,EVA,2026-05-30,20:15,TPE,Dep 20:07,,departure,
CX 067_2026-05-30,CX 067,CPA,2026-05-30,20:25,"MAA, FRA",Dep 21:04,,departure,
TK 6339_2026-05-30,TK 6339,THY,2026-05-30,20:45,"CIT, IST",Dep 23:19,,departure,
FX 5012_2026-05-30,FX 5012,FDX,2026-05-30,20:45,"ANC, MEM",Dep 20:48,,departure,
2U 8874_2026-05-30,2U 8874,FKH,2026-05-30,20:50,"NQZ, RIX",Dep 11:19 (31/05/2026),,departure,
TK 6249_2026-05-30,TK 6249,THY,2026-05-30,20:55,"CIT, IST",Cancelled,,departure,
5X 059_2026-05-30,5X 059,UPS,2026-05-30,21:00,"ANC, ONT",Dep 20:57,,departure,
RH 351_2026-05-30,RH 351,HKC,2026-05-30,21:20,MNL,Dep 22:07,,departure,
EK 9011_2026-05-30,EK 9011,UAE,2026-05-30,21:25,DWC,Cancelled,,departure,
7L 648_2026-05-30,7L 648,AZG,2026-05-30,21:55,GYD,Cancelled,,departure,
CX 3262_2026-05-30,CX 3262,CPA,2026-05-30,22:00,CKG,Dep 01:08 (31/05/2026),,departure,
CV 244_2026-05-30,CV 244,CLX,2026-05-30,22:15,"ANC, LAX, LUX",Dep 04:15 (31/05/2026),,departure,
EY 938_2026-05-30,EY 938,ETD,2026-05-30,22:45,AUH,Dep 02:20 (31/05/2026),,departure,
CX 3238_2026-05-30,CX 3238,CPA,2026-05-30,23:10,XMN,Dep 05:33 (31/05/2026),,departure,
WW 891_2026-05-30,WW 891,KXP,2026-05-30,23:30,KUL,Dep 00:23 (31/05/2026),,departure,
CX 054_2026-05-30,CX 054,CPA,2026-05-30,23:30,PVG,Dep 04:32 (31/05/2026),,departure,
5X 061_2026-05-30,5X 061,UPS,2026-05-30,23:30,"TPE, ANC, SDF",Dep 23:03,,departure,
QY 674_2026-05-31,QY 674,BCS,2026-05-31,00:00,"ALA, LEJ",Dep 23:53 (30/05/2026),,departure,
RH 4568_2026-05-31,RH 4568,HKC,2026-05-31,00:15,TPE,Dep 04:48 (01/06/2026),,departure,
ET 3785_2026-05-31,ET 3785,ETH,2026-05-31,00:15,"MCT, MAD, ADD",Dep 02:53,,departure,
CV 597_2026-05-31,CV 597,CLX,2026-05-31,00:35,"GYD, LUX",Dep 05:42,,departure,
CX 006_2026-05-31,CX 006,CPA,2026-05-31,00:50,NRT,Dep 01:18,,departure,
3S 519_2026-05-31,3S 519,BOX,2026-05-31,01:00,LEJ,Dep 01:10,,departure,
CX 096_2026-05-31,CX 096,CPA,2026-05-31,01:30,"ANC, NLU",Dep 02:03,,departure,
SV 973_2026-05-31,SV 973,SVA,2026-05-31,02:15,RUH,Dep 03:01,,departure,
JL 6782_2026-05-31,JL 6782,JAL,2026-05-31,02:20,NRT,Dep 02:12,,departure,
KZ 202_2026-05-31,KZ 202,NCA,2026-05-31,02:25,NRT,Dep 16:36,,departure,
5Y 8580_2026-05-31,5Y 8580,GTI,2026-05-31,02:30,"ANC, JFK",Dep 02:37,,departure,
SE 1105_2026-05-31,SE 1105,SVI,2026-05-31,02:30,"CCU, RKT, CAI, LGG",Dep 21:05 (01/06/2026),,departure,
5X 063_2026-05-31,5X 063,UPS,2026-05-31,02:35,"ANC, SDF",Dep 02:28,,departure,
QR 8407_2026-05-31,QR 8407,QTR,2026-05-31,02:40,DOH,Dep 02:15,,departure,
QR 8419_2026-05-31,QR 8419,QTR,2026-05-31,02:40,DOH,Dep 02:26,,departure,
CP 144_2026-05-31,CP 144,LSI,2026-05-31,02:45,MXP,Dep 02:38,,departure,
QR 8453_2026-05-31,QR 8453,QTR,2026-05-31,02:55,DOH,Dep 02:46,,departure,
CI 5826_2026-05-31,CI 5826,CAL,2026-05-31,03:00,TPE,Dep 05:09,,departure,
3S 517A_2026-05-31,3S 517A,BOX,2026-05-31,03:00,"BRU, FRA",Dep 10:21,,departure,
KE 314_2026-05-31,KE 314,KAL,2026-05-31,03:10,ICN,Dep 03:09,,departure,
LD 457_2026-05-31,LD 457,AHK,2026-05-31,03:35,"MNL, CEB",Dep 03:45,,departure,
LD 768_2026-05-31,LD 768,AHK,2026-05-31,03:35,PEK,Dep 03:33,,departure,
LD 831_2026-05-31,LD 831,AHK,2026-05-31,03:40,BKK,Dep 03:40,,departure,
8K 526_2026-05-31,8K 526,KMI,2026-05-31,03:40,BKK,Dep 03:39,,departure,
K4 284_2026-05-31,K4 284,CKS,2026-05-31,03:50,"ALA, LEJ",Dep 03:48,,departure,
ET 3769_2026-05-31,ET 3769,ETH,2026-05-31,03:50,"EMA, ADD",Cancelled,,departure,
LD 216_2026-05-31,LD 216,AHK,2026-05-31,03:55,NGO,Dep 03:56,,departure,
LD 327_2026-05-31,LD 327,AHK,2026-05-31,03:55,SIN,Dep 03:58,,departure,
LD 204_2026-05-31,LD 204,AHK,2026-05-31,04:00,KIX,Dep 03:57,,departure,
EK 9037_2026-05-31,EK 9037,UAE,2026-05-31,04:00,DWC,Cancelled,,departure,
LD 208_2026-05-31,LD 208,AHK,2026-05-31,04:05,NRT,Dep 04:08,,departure,
LD 720_2026-05-31,LD 720,AHK,2026-05-31,04:05,CTU,Dep 04:08,,departure,
LD 782_2026-05-31,LD 782,AHK,2026-05-31,04:15,PVG,Dep 04:18,,departure,
TH 3091_2026-05-31,TH 3091,RMY,2026-05-31,04:15,PEN,Dep 04:17,,departure,
5X 023_2026-05-31,5X 023,UPS,2026-05-31,04:35,"CGN, PHL",Cancelled,,departure,
LD 128_2026-05-31,LD 128,AHK,2026-05-31,04:50,ICN,Dep 04:58,,departure,
MH 6013_2026-05-31,MH 6013,MAS,2026-05-31,04:55,KUL,Dep 07:21,,departure,
LD 561_2026-05-31,LD 561,AHK,2026-05-31,05:00,"SGN, PEN",Dep 10:06,,departure,
TH 3508_2026-05-31,TH 3508,RMY,2026-05-31,05:00,KUL,Dep 05:15,,departure,
3S 707_2026-05-31,3S 707,BOX,2026-05-31,05:35,"BAH, LEJ",Dep 05:58,,departure,
3S 713_2026-05-31,3S 713,BOX,2026-05-31,05:35,"DXB, LEJ",Dep 06:06,,departure,
ES 736_2026-05-31,ES 736,DHX,2026-05-31,05:40,"BLR, BAH",Dep 14:41,,departure,
K4 223_2026-05-31,K4 223,CKS,2026-05-31,06:00,ANC,Dep 06:49,,departure,
3S 500_2026-05-31,3S 500,BOX,2026-05-31,06:00,LAX,Dep 06:14,,departure,
MB 530_2026-05-31,MB 530,MNB,2026-05-31,06:10,"NVI, IST",Dep 06:48,,departure,
Y9 2562_2026-05-31,Y9 2562,SGA,2026-05-31,06:15,"DAC, DWC",Dep 14:12,,departure,
CX 072_2026-05-31,CX 072,CPA,2026-05-31,06:40,"ANC, MIA, IAH",Dep 11:05,,departure,
QY 651_2026-05-31,QY 651,BCS,2026-05-31,06:40,"ALA, LEJ",Dep 07:02,,departure,
K4 255_2026-05-31,K4 255,CKS,2026-05-31,06:55,"ANC, JFK",Dep 07:36,,departure,
CC 4030_2026-05-31,CC 4030,ABD,2026-05-31,06:55,"CMB, JNB",Dep 11:47,,departure,
K4 235_2026-05-31,K4 235,CKS,2026-05-31,07:00,"ANC, MIA, CVG",Dep 16:35,,departure,
RH 331_2026-05-31,RH 331,HKC,2026-05-31,07:00,BKK,Dep 04:55 (01/06/2026),,departure,
5X 003_2026-05-31,5X 003,UPS,2026-05-31,07:00,"CGN, PHL",Dep 06:57,,departure,
QY 539_2026-05-31,QY 539,BCS,2026-05-31,07:00,"ALA, LEJ",Dep 08:39,,departure,
KJ 970_2026-05-31,KJ 970,AIH,2026-05-31,07:10,ICN,Dep 07:43,,departure,
CK 264_2026-05-31,CK 264,CKK,2026-05-31,07:10,"CKG, PVG",Dep 08:16,,departure,
HE 1710_2026-05-31,HE 1710,HGO,2026-05-31,07:15,GYD,Dep 10:22,,departure,
CI 5834_2026-05-31,CI 5834,CAL,2026-05-31,07:20,TPE,Dep 07:21,,departure,
CV 708_2026-05-31,CV 708,CLX,2026-05-31,07:20,"GYD, LUX",Dep 08:14,,departure,
QR 8041_2026-05-31,QR 8041,QTR,2026-05-31,07:25,DOH,Dep 07:44,,departure,
HJ 024_2026-05-31,HJ 024,TMN,2026-05-31,07:25,SYD,Dep 07:31,,departure,
3S 721_2026-05-31,3S 721,BOX,2026-05-31,07:35,"DEL, LEJ",Dep 08:06,,departure,
QY 675_2026-05-31,QY 675,BCS,2026-05-31,07:35,"ALA, LEJ",Dep 08:32,,departure,
K4 273_2026-05-31,K4 273,CKS,2026-05-31,07:40,"ANC, CVG",Dep 11:46,,departure,
SV 987_2026-05-31,SV 987,SVA,2026-05-31,07:40,RUH,Dep 09:52,,departure,
K4 201_2026-05-31,K4 201,CKS,2026-05-31,08:05,"ANC, LAX, CVG",Dep 17:43,,departure,
RH 371_2026-05-31,RH 371,HKC,2026-05-31,08:20,SIN,Dep 17:15,,departure,
3S 547_2026-05-31,3S 547,BOX,2026-05-31,08:25,"BRU, LEJ",Dep 08:19,,departure,
QR 8465_2026-05-31,QR 8465,QTR,2026-05-31,08:35,DOH,Dep 09:00,,departure,
HE 977_2026-05-31,HE 977,HGO,2026-05-31,08:55,SHJ,Cancelled,,departure,
F5 6531_2026-05-31,F5 6531,ATG,2026-05-31,08:55,SHJ,Cancelled,,departure,
EK 9861_2026-05-31,EK 9861,UAE,2026-05-31,08:55,DWC,Dep 09:10,,departure,
T8 4713_2026-05-31,T8 4713,TVR,2026-05-31,09:00,MEL,Dep 10:54,,departure,
ET 3366_2026-05-31,ET 3366,ETH,2026-05-31,09:00,"PIK, ADD",Dep 12:26,,departure,
FX 018_2026-05-31,FX 018,FDX,2026-05-31,09:15,"SIN, ANC, MEM",Dep 09:15,,departure,
KJ 954_2026-05-31,KJ 954,AIH,2026-05-31,09:20,ICN,Dep 09:30,,departure,
CX 3027_2026-05-31,CX 3027,CPA,2026-05-31,09:20,LHR,Dep 10:34,,departure,
D0 511_2026-05-31,D0 511,DHK,2026-05-31,09:30,"EMA, LEJ",Cancelled,,departure,
HJ 032_2026-05-31,HJ 032,TMN,2026-05-31,09:35,MEL,Dep 10:02,,departure,
QR 8433_2026-05-31,QR 8433,QTR,2026-05-31,09:45,DOH,Dep 10:19,,departure,
CX 3249_2026-05-31,CX 3249,CPA,2026-05-31,09:50,CGK,Dep 10:24,,departure,
3S 509_2026-05-31,3S 509,BOX,2026-05-31,10:00,LEJ,Dep 09:36,,departure,
ES 696_2026-05-31,ES 696,DHX,2026-05-31,10:10,BAH,Dep 07:47 (02/06/2026),,departure,
LH 8463_2026-05-31,LH 8463,GEC,2026-05-31,10:15,"IST, FRA",Dep 04:21 (01/06/2026),,departure,
EK 9239_2026-05-31,EK 9239,UAE,2026-05-31,10:35,DWC,Cancelled,,departure,
CX 079_2026-05-31,CX 079,CPA,2026-05-31,10:40,SIN,Dep 11:43,,departure,
EK 9025_2026-05-31,EK 9025,UAE,2026-05-31,10:55,DWC,Cancelled,,departure,
MP 9462_2026-05-31,MP 9462,MPH,2026-05-31,11:15,"ALA, AMS",Dep 11:24,,departure,
3V 400_2026-05-31,3V 400,TAY,2026-05-31,11:25,"ALA, LGG",Dep 15:50,,departure,
F5 6530_2026-05-31,F5 6530,ATG,2026-05-31,11:30,SHJ,Dep 11:36,,departure,
CX 3194_2026-05-31,CX 3194,CPA,2026-05-31,11:55,"ANC, JFK",Dep 12:40,,departure,
EK 9887_2026-05-31,EK 9887,UAE,2026-05-31,13:35,DWC,Cancelled,,departure,
EK 9839_2026-05-31,EK 9839,UAE,2026-05-31,13:55,DWC,Dep 13:57,,departure,
CV 942_2026-05-31,CV 942,CLX,2026-05-31,14:00,"GYD, LUX",Dep 19:16,,departure,
5Y 3152_2026-05-31,5Y 3152,GTI,2026-05-31,14:10,"NGO, LAX",Dep 15:24,,departure,
WW 862_2026-05-31,WW 862,KXP,2026-05-31,14:40,KUL,Cancelled,,departure,
LD 8915_2026-05-31,LD 8915,AHK,2026-05-31,14:45,CGK,Dep 16:26,,departure,
CV 209_2026-05-31,CV 209,CLX,2026-05-31,14:45,"ANC, ORD",Dep 16:52,,departure,
5Y 8373_2026-05-31,5Y 8373,GTI,2026-05-31,15:00,"ANC, MIA",Dep 17:05,,departure,
KZ 206_2026-05-31,KZ 206,NCA,2026-05-31,15:00,NRT,Dep 03:19 (01/06/2026),,departure,
EK 9859_2026-05-31,EK 9859,UAE,2026-05-31,15:20,DWC,Dep 15:13,,departure,
NH 8514_2026-05-31,NH 8514,ANA,2026-05-31,15:40,NRT,Dep 16:14,,departure,
RH 317_2026-05-31,RH 317,HKC,2026-05-31,15:55,HAN,Dep 11:35 (01/06/2026),,departure,
P9 881_2026-05-31,P9 881,MGE,2026-05-31,16:10,GUM,Dep 16:43,,departure,
MH 6107_2026-05-31,MH 6107,MAS,2026-05-31,16:20,KUL,Dep 18:16,,departure,
QR 8477_2026-05-31,QR 8477,QTR,2026-05-31,16:20,DOH,Dep 16:13,,departure,
CV 342_2026-05-31,CV 342,CLX,2026-05-31,16:30,"ANC, MIA",Dep 17:58,,departure,
K4 527_2026-05-31,K4 527,CKS,2026-05-31,16:30,"ANC, LAX",Dep 16:56,,departure,
RH 9485_2026-05-31,RH 9485,HKC,2026-05-31,16:40,"ALA, IST",Dep 10:56 (02/06/2026),,departure,
KE 9314_2026-05-31,KE 9314,KAL,2026-05-31,16:55,ICN,Cancelled,,departure,
KE 8314_2026-05-31,KE 8314,KAL,2026-05-31,16:55,ICN,Dep 16:21,,departure,
5Y 654_2026-05-31,5Y 654,GTI,2026-05-31,17:00,"ANC, ORD",Dep 18:11,,departure,
7L 923_2026-05-31,7L 923,AZG,2026-05-31,17:20,GYD,Cancelled,,departure,
EK 9281_2026-05-31,EK 9281,UAE,2026-05-31,17:25,DWC,Cancelled,,departure,
FX 9017_2026-05-31,FX 9017,FDX,2026-05-31,18:05,HAN,Dep 17:59,,departure,
RH 9457_2026-05-31,RH 9457,HKC,2026-05-31,18:10,DEL,Dep 14:06 (01/06/2026),,departure,
7L 621_2026-05-31,7L 621,AZG,2026-05-31,18:25,GYD,Cancelled,,departure,
AK 8542_2026-05-31,AK 8542,AXM,2026-05-31,18:30,KUL,Dep 19:38,,departure,
K4 702_2026-05-31,K4 702,CKS,2026-05-31,18:30,"ALA, TLV",Dep 22:04,,departure,
CV 226_2026-05-31,CV 226,CLX,2026-05-31,18:35,"ANC, JFK",Dep 18:53,,departure,
SQ 7873_2026-05-31,SQ 7873,SIA,2026-05-31,18:45,SIN,Dep 20:59 (01/06/2026),,departure,
CX 043_2026-05-31,CX 043,CPA,2026-05-31,18:55,MAA,Dep 10:35 (01/06/2026),,departure,
C8 513_2026-05-31,C8 513,ICV,2026-05-31,19:15,"ASB, MXP",Dep 19:20,,departure,
CX 2098_2026-05-31,CX 2098,CPA,2026-05-31,20:05,"ANC, ORD",Dep 20:06,,departure,
5Y 8523_2026-05-31,5Y 8523,GTI,2026-05-31,21:10,"ANC, ORD",Dep 05:46 (01/06/2026),,departure,
QR 8455_2026-05-31,QR 8455,QTR,2026-05-31,21:15,DOH,Dep 21:13,,departure,
7L 692_2026-05-31,7L 692,AZG,2026-05-31,21:20,GYD,Cancelled,,departure,
EK 9011_2026-05-31,EK 9011,UAE,2026-05-31,21:25,DWC,Cancelled,,departure,
EK 9837_2026-05-31,EK 9837,UAE,2026-05-31,21:25,DWC,Dep 21:19,,departure,
CX 037_2026-05-31,CX 037,CPA,2026-05-31,21:30,"DEL, FRA",Dep 21:35,,departure,
CX 3129_2026-05-31,CX 3129,CPA,2026-05-31,22:50,SYD,Dep 22:57,,departure,
CI 5832_2026-05-31,CI 5832,CAL,2026-05-31,23:00,TPE,Dep 22:49,,departure,
SR 813_2026-05-31,SR 813,XKY,2026-05-31,23:15,MNL,Dep 23:13,,departure,
QF 7526_2026-05-31,QF 7526,QFA,2026-05-31,23:45,SYD,Dep 23:53,,departure,
CX 3290_2026-05-31,CX 3290,CPA,2026-05-31,23:55,"ANC, DFW, ATL",Dep 23:55,,departure,
EY 948_2026-06-01,EY 948,ETD,2026-06-01,00:10,AUH,Dep 00:17,,departure,
QR 8411_2026-06-01,QR 8411,QTR,2026-06-01,00:30,DOH,Dep 00:04,,departure,
CV 915_2026-06-01,CV 915,CLX,2026-06-01,00:40,"GYD, LUX",Dep 08:53,,departure,
ET 3767_2026-06-01,ET 3767,ETH,2026-06-01,00:40,LGG,Cancelled,,departure,
CX 096_2026-06-01,CX 096,CPA,2026-06-01,01:30,"ANC, NLU",Dep 09:39,,departure,
5X 169_2026-06-01,5X 169,UPS,2026-06-01,01:35,"SIN, SDF",Dep 01:33,,departure,
TK 6257_2026-06-01,TK 6257,THY,2026-06-01,01:40,IST,Dep 01:34,,departure,
KZ 202_2026-06-01,KZ 202,NCA,2026-06-01,02:25,NRT,Dep 14:38,,departure,
LD 680_2026-06-01,LD 680,AHK,2026-06-01,02:40,TPE,Dep 02:33,,departure,
QR 8415_2026-06-01,QR 8415,QTR,2026-06-01,02:40,DOH,Dep 02:24,,departure,
KE 314_2026-06-01,KE 314,KAL,2026-06-01,03:10,ICN,Dep 02:13,,departure,
BR 6530_2026-06-01,BR 6530,EVA,2026-06-01,03:50,TPE,Dep 03:20,,departure,
EK 9037_2026-06-01,EK 9037,UAE,2026-06-01,04:00,DWC,Cancelled,,departure,
SV 983_2026-06-01,SV 983,SVA,2026-06-01,04:05,RUH,Dep 10:28,,departure,
5Y 8508_2026-06-01,5Y 8508,GTI,2026-06-01,04:30,"ANC, DFW",Dep 05:25,,departure,
5Y 8580_2026-06-01,5Y 8580,GTI,2026-06-01,04:30,"GYD, LUX",Cancelled,,departure,
HJ 220_2026-06-01,HJ 220,TMN,2026-06-01,05:35,SYD,Dep 05:25,,departure,
MB 630_2026-06-01,MB 630,MNB,2026-06-01,06:00,"NVI, IST",Dep 05:51,,departure,
3S 633_2026-06-01,3S 633,BOX,2026-06-01,06:00,"DWC, FRA",Dep 05:36,,departure,
MB 779_2026-06-01,MB 779,MNB,2026-06-01,06:05,"SHJ, IST",Dep 05:59,,departure,
EK 9285_2026-06-01,EK 9285,UAE,2026-06-01,06:50,DWC,Cancelled,,departure,
CX 3286_2026-06-01,CX 3286,CPA,2026-06-01,06:55,"ANC, JFK",Dep 15:50,,departure,
CK 264_2026-06-01,CK 264,CKK,2026-06-01,07:00,CKG,Cancelled,,departure,
7L 1572_2026-06-01,7L 1572,AZG,2026-06-01,07:00,GYD,Dep 11:11,,departure,
CI 5828_2026-06-01,CI 5828,CAL,2026-06-01,07:05,TPE,Dep 07:08,,departure,
CX 2049_2026-06-01,CX 2049,CPA,2026-06-01,07:15,HAN,Dep 07:17,,departure,
EK 9789_2026-06-01,EK 9789,UAE,2026-06-01,07:20,DWC,Cancelled,,departure,
QR 8435_2026-06-01,QR 8435,QTR,2026-06-01,07:35,DOH,Dep 07:09,,departure,
2U 8062_2026-06-01,2U 8062,FKH,2026-06-01,07:40,"NQZ, RIX",Dep 15:27,,departure,
7L 572_2026-06-01,7L 572,AZG,2026-06-01,07:55,DWC,Dep 07:37,,departure,
T8 4704_2026-06-01,T8 4704,TVR,2026-06-01,08:00,SHJ,Dep 10:18,,departure,
SV 969_2026-06-01,SV 969,SVA,2026-06-01,08:25,"BOM, RUH",Dep 08:18,,departure,
3S 515_2026-06-01,3S 515,BOX,2026-06-01,08:45,LEJ,Dep 08:20,,departure,
F5 6531_2026-06-01,F5 6531,ATG,2026-06-01,09:00,SHJ,Dep 09:00,,departure,
TK 6301_2026-06-01,TK 6301,THY,2026-06-01,09:05,"CIT, IST",Dep 08:50,,departure,
RH 394_2026-06-01,RH 394,HKC,2026-06-01,09:30,"ALA, ATH",Cancelled,,departure,
ET 3035_2026-06-01,ET 3035,ETH,2026-06-01,09:30,ADD,Cancelled,,departure,
EK 9929_2026-06-01,EK 9929,UAE,2026-06-01,09:30,DXB,Cancelled,,departure,
CX 098_2026-06-01,CX 098,CPA,2026-06-01,09:50,"ANC, ORD",Dep 10:59,,departure,
QR 8409_2026-06-01,QR 8409,QTR,2026-06-01,10:10,DOH,Dep 09:56,,departure,
EK 9849_2026-06-01,EK 9849,UAE,2026-06-01,10:10,DWC,Dep 10:04,,departure,
RH 6651_2026-06-01,RH 6651,HKC,2026-06-01,10:20,DAC,Dep 08:04 (02/06/2026),,departure,
SQ 7974_2026-06-01,SQ 7974,SIA,2026-06-01,10:40,"ANC, LAX",Dep 17:29,,departure,
EK 9025_2026-06-01,EK 9025,UAE,2026-06-01,10:55,DWC,Cancelled,,departure,
K4 253_2026-06-01,K4 253,CKS,2026-06-01,11:05,"ANC, CVG",Dep 14:11,,departure,
CV 9931_2026-06-01,CV 9931,CLX,2026-06-01,11:35,"NQZ, LUX",Dep 12:03,,departure,
CV 753_2026-06-01,CV 753,CLX,2026-06-01,11:35,"LUX, NQZ",Cancelled,,departure,
5Y 8230_2026-06-01,5Y 8230,GTI,2026-06-01,11:50,"ANC, MIA",Dep 12:03,,departure,
RH 392_2026-06-01,RH 392,HKC,2026-06-01,11:50,"CIT, BUD",Cancelled,,departure,
KE 9314_2026-06-01,KE 9314,KAL,2026-06-01,12:10,ICN,Dep 11:35,,departure,
CV 283_2026-06-01,CV 283,CLX,2026-06-01,13:10,"ANC, GDL",Dep 15:45,,departure,
5X 065_2026-06-01,5X 065,UPS,2026-06-01,13:20,"ANC, SDF",Cancelled,,departure,
MP 9472_2026-06-01,MP 9472,MPH,2026-06-01,14:00,"ALA, AMS",Dep 20:38,,departure,
3S 719_2026-06-01,3S 719,BOX,2026-06-01,14:05,LEJ,Dep 14:20,,departure,
KZ 206_2026-06-01,KZ 206,NCA,2026-06-01,14:40,NRT,Dep 02:27 (02/06/2026),,departure,
EK 9781_2026-06-01,EK 9781,UAE,2026-06-01,14:40,DWC,Dep 14:44,,departure,
WW 862_2026-06-01,WW 862,KXP,2026-06-01,14:45,KUL,Cancelled,,departure,
CC 4100_2026-06-01,CC 4100,ABD,2026-06-01,15:10,"LGG, KGF",Dep 17:45,,departure,
CX 2084_2026-06-01,CX 2084,CPA,2026-06-01,15:30,"ANC, LAX, PDX",Dep 15:18,,departure,
5X 001_2026-06-01,5X 001,UPS,2026-06-01,15:40,"CGN, PHL",Cancelled,,departure,
EK 9851_2026-06-01,EK 9851,UAE,2026-06-01,15:45,DWC,Dep 15:45,,departure,
D4 1912_2026-06-01,D4 1912,GEL,2026-06-01,16:00,"KGF, TBS",Dep 16:32,,departure,
5X 061_2026-06-01,5X 061,UPS,2026-06-01,16:05,"TPE, ANC, SDF",Dep 16:07,,departure,
P9 881_2026-06-01,P9 881,MGE,2026-06-01,16:10,GUM,Dep 16:25,,departure,
ET 3685_2026-06-01,ET 3685,ETH,2026-06-01,16:25,ADD,Dep 20:01,,departure,
KE 312_2026-06-01,KE 312,KAL,2026-06-01,16:40,ICN,Dep 16:22,,departure,
CX 049_2026-06-01,CX 049,CPA,2026-06-01,16:55,BOM,Dep 16:52,,departure,
EK 9797_2026-06-01,EK 9797,UAE,2026-06-01,16:55,DWC,Dep 18:37,,departure,
QR 8401_2026-06-01,QR 8401,QTR,2026-06-01,17:15,DOH,Dep 16:53,,departure,
3S 519_2026-06-01,3S 519,BOX,2026-06-01,17:20,LEJ,Dep 17:05,,departure,
CV 278_2026-06-01,CV 278,CLX,2026-06-01,17:50,"ANC, ORD, LUX",Dep 20:13,,departure,
7L 648_2026-06-01,7L 648,AZG,2026-06-01,17:55,GYD,Dep 21:34,,departure,
EK 9001_2026-06-01,EK 9001,UAE,2026-06-01,18:00,DWC,Cancelled,,departure,
AK 8546_2026-06-01,AK 8546,AXM,2026-06-01,18:20,KUL,Dep 18:44,,departure,
CX 2041_2026-06-01,CX 2041,CPA,2026-06-01,18:20,MAA,Dep 18:28,,departure,
3V 952_2026-06-01,3V 952,TAY,2026-06-01,19:05,"ALA, LGG",Dep 18:55,,departure,
5X 063_2026-06-01,5X 063,UPS,2026-06-01,19:05,"ANC, SDF",Dep 19:20,,departure,
CP 192_2026-06-01,CP 192,LSI,2026-06-01,19:25,"GYD, FCO",Dep 19:12,,departure,
5X 1937_2026-06-01,5X 1937,UPS,2026-06-01,19:30,"ANC, SDF",Dep 21:16,,departure,
7L 1148_2026-06-01,7L 1148,AZG,2026-06-01,19:30,GYD,Cancelled,,departure,
TH 6825_2026-06-01,TH 6825,RMY,2026-06-01,19:45,KUL,Cancelled,,departure,
5X 059_2026-06-01,5X 059,UPS,2026-06-01,19:45,"ANC, ONT",Cancelled,,departure,
FX 5991_2026-06-01,FX 5991,FDX,2026-06-01,19:50,"KIX, OAK",Dep 19:59,,departure,
7L 147_2026-06-01,7L 147,AZG,2026-06-01,20:25,GYD,Cancelled,,departure,
CX 054_2026-06-01,CX 054,CPA,2026-06-01,20:45,"CGO, PVG",Dep 09:06 (02/06/2026),,departure,
3V 400_2026-06-01,3V 400,TAY,2026-06-01,20:50,"ALA, LGG",Dep 17:11 (02/06/2026),,departure,
K4 704_2026-06-01,K4 704,CKS,2026-06-01,21:00,"DWC, TLV",Cancelled,,departure,
5Y 8692_2026-06-01,5Y 8692,GTI,2026-06-01,21:05,ANC,Dep 23:05,,departure,
QY 539_2026-06-01,QY 539,BCS,2026-06-01,21:15,"ALA, LEJ",Dep 21:09,,departure,
RH 351_2026-06-01,RH 351,HKC,2026-06-01,21:20,MNL,Dep 22:13,,departure,
EK 9011_2026-06-01,EK 9011,UAE,2026-06-01,21:25,DWC,Cancelled,,departure,
ET 3229_2026-06-01,ET 3229,ETH,2026-06-01,21:30,ADD,Cancelled,,departure,
CX 3262_2026-06-01,CX 3262,CPA,2026-06-01,21:35,CKG,Dep 21:29,,departure,
3S 704_2026-06-01,3S 704,BOX,2026-06-01,21:40,CVG,Dep 21:45,,departure,
TK 6065_2026-06-01,TK 6065,THY,2026-06-01,21:45,"CIT, IST",Dep 04:09 (02/06/2026),,departure,
CV 962_2026-06-01,CV 962,CLX,2026-06-01,22:05,"GYD, LUX",Dep 23:10,,departure,
RH 4568_2026-06-02,RH 4568,HKC,2026-06-02,00:15,TPE,Dep 06:46,,departure,
RH 9491_2026-06-02,RH 9491,HKC,2026-06-02,00:15,"ALA, IST",Cancelled,,departure,
QR 8431_2026-06-02,QR 8431,QTR,2026-06-02,00:30,DOH,Dep 00:16,,departure,
CX 2023_2026-06-02,CX 2023,CPA,2026-06-02,00:40,SYD,Dep 02:20,,departure,
CX 006_2026-06-02,CX 006,CPA,2026-06-02,00:50,NRT,Dep 01:05,,departure,
EK 9847_2026-06-02,EK 9847,UAE,2026-06-02,00:55,DWC,Dep 00:45,,departure,
MS 510_2026-06-02,MS 510,MSR,2026-06-02,01:00,BKK,Dep 00:59,,departure,
CX 086_2026-06-02,CX 086,CPA,2026-06-02,01:30,"ANC, NLU",Dep 01:25,,departure,
MB 510_2026-06-02,MB 510,MNB,2026-06-02,01:40,"KGF, IST",Dep 03:44,,departure,
7L 621_2026-06-02,7L 621,AZG,2026-06-02,02:00,GYD,Dep 07:13,,departure,
JL 6782_2026-06-02,JL 6782,JAL,2026-06-02,02:20,NRT,Cancelled,,departure,
KZ 202_2026-06-02,KZ 202,NCA,2026-06-02,02:25,NRT,Dep 14:12,,departure,
NH 8512_2026-06-02,NH 8512,ANA,2026-06-02,02:25,NRT,Dep 02:11,,departure,
KJ 972_2026-06-02,KJ 972,AIH,2026-06-02,02:40,ICN,Dep 02:43,,departure,
CI 5836_2026-06-02,CI 5836,CAL,2026-06-02,03:00,TPE,Dep 03:08,,departure,
7L 1148_2026-06-02,7L 1148,AZG,2026-06-02,03:00,GYD,Dep 02:31,,departure,
KE 314_2026-06-02,KE 314,KAL,2026-06-02,03:10,ICN,Dep 02:50,,departure,
LD 204_2026-06-02,LD 204,AHK,2026-06-02,03:15,KIX,Dep 03:18,,departure,
LD 128_2026-06-02,LD 128,AHK,2026-06-02,03:20,ICN,Dep 03:22,,departure,
BR 6536_2026-06-02,BR 6536,EVA,2026-06-02,03:20,TPE,Dep 03:01,,departure,
LD 208_2026-06-02,LD 208,AHK,2026-06-02,03:25,NRT,Dep 03:27,,departure,
LD 327_2026-06-02,LD 327,AHK,2026-06-02,03:25,SIN,Dep 03:29,,departure,
LD 768_2026-06-02,LD 768,AHK,2026-06-02,03:25,PEK,Dep 03:49,,departure,
LD 216_2026-06-02,LD 216,AHK,2026-06-02,03:30,NGO,Dep 03:45,,departure,
8K 526_2026-06-02,8K 526,KMI,2026-06-02,03:30,BKK,Dep 03:36,,departure,
LD 457_2026-06-02,LD 457,AHK,2026-06-02,03:35,"MNL, CEB",Dep 03:37,,departure,
LD 782_2026-06-02,LD 782,AHK,2026-06-02,03:40,PVG,Dep 04:08,,departure,
LD 831_2026-06-02,LD 831,AHK,2026-06-02,03:40,BKK,Dep 03:38,,departure,
LD 561_2026-06-02,LD 561,AHK,2026-06-02,03:45,SGN,Dep 03:59,,departure,
TK 6356_2026-06-02,TK 6356,THY,2026-06-02,03:45,IST,Dep 04:35,,departure,
TH 3508_2026-06-02,TH 3508,RMY,2026-06-02,03:45,KUL,Dep 03:50,,departure,
HE 977_2026-06-02,HE 977,HGO,2026-06-02,04:00,SHJ,Dep 04:27,,departure,
3S 582_2026-06-02,3S 582,BOX,2026-06-02,04:00,LAX,Dep 04:15,,departure,
3Y 6011_2026-06-02,3Y 6011,MYU,2026-06-02,04:00,CGK,Dep 04:24,,departure,
EK 9037_2026-06-02,EK 9037,UAE,2026-06-02,04:00,DWC,Cancelled,,departure,
HJ 022_2026-06-02,HJ 022,TMN,2026-06-02,04:00,SYD,Dep 04:15,,departure,
LD 720_2026-06-02,LD 720,AHK,2026-06-02,04:05,CTU,Dep 04:00,,departure,
TH 3091_2026-06-02,TH 3091,RMY,2026-06-02,04:15,PEN,Dep 04:25,,departure,
LD 680_2026-06-02,LD 680,AHK,2026-06-02,04:20,TPE,Dep 04:20,,departure,
HE 1710_2026-06-02,HE 1710,HGO,2026-06-02,04:20,GYD,Dep 04:06,,departure,
QR 8467_2026-06-02,QR 8467,QTR,2026-06-02,04:20,DOH,Dep 04:31,,departure,
3S 715_2026-06-02,3S 715,BOX,2026-06-02,05:35,"DXB, LEJ",Dep 05:42,,departure,
3S 733_2026-06-02,3S 733,BOX,2026-06-02,05:40,"BLR, LEJ",Dep 05:44,,departure,
ES 720_2026-06-02,ES 720,DHX,2026-06-02,05:40,BAH,Dep 05:39,,departure,
3S 709_2026-06-02,3S 709,BOX,2026-06-02,05:45,"BAH, LEJ",Dep 06:07,,departure,
EK 9821_2026-06-02,EK 9821,UAE,2026-06-02,05:45,DWC,Dep 07:07,,departure,
ET 3707_2026-06-02,ET 3707,ETH,2026-06-02,05:55,"BUD, OSL",Cancelled,,departure,
FX 5217_2026-06-02,FX 5217,FDX,2026-06-02,06:20,"IST, CDG, LGG, MEM",Dep 06:01,,departure,
EK 9841_2026-06-02,EK 9841,UAE,2026-06-02,06:20,DWC,Dep 06:06,,departure,
5Y 648_2026-06-02,5Y 648,GTI,2026-06-02,06:35,ANC,Dep 06:35,,departure,
D0 593_2026-06-02,D0 593,DHK,2026-06-02,06:40,"DEL, EMA",Dep 06:36,,departure,
3S 505_2026-06-02,3S 505,BOX,2026-06-02,06:45,LEJ,Dep 07:00,,departure,
CX 3258_2026-06-02,CX 3258,CPA,2026-06-02,06:45,PVG,Dep 08:25,,departure,
5Y 8790_2026-06-02,5Y 8790,GTI,2026-06-02,07:00,"ANC, MIA",Dep 01:55 (04/06/2026),,departure,
K4 241_2026-06-02,K4 241,CKS,2026-06-02,07:00,"ANC, MIA",Dep 07:03,,departure,
K4 255_2026-06-02,K4 255,CKS,2026-06-02,07:00,"YHM, JFK, CVG",Dep 06:56,,departure,
RH 331_2026-06-02,RH 331,HKC,2026-06-02,07:00,BKK,Cancelled,,departure,
N8 563_2026-06-02,N8 563,NCR,2026-06-02,07:00,"AUH, TLV",Dep 08:59,,departure,
CK 264_2026-06-02,CK 264,CKK,2026-06-02,07:00,CKG,Dep 06:50,,departure,
CT 116_2026-06-02,CT 116,AAE,2026-06-02,07:00,"KGF, LGG",Dep 06:55,,departure,
K4 704_2026-06-02,K4 704,CKS,2026-06-02,07:15,"ALA, TLV",Dep 07:15,,departure,
SR 815_2026-06-02,SR 815,XKY,2026-06-02,07:15,CRK,Dep 07:41,,departure,
SV 963_2026-06-02,SV 963,SVA,2026-06-02,07:30,RUH,Dep 07:33,,departure,
CI 6842_2026-06-02,CI 6842,CAL,2026-06-02,07:35,TPE,Dep 07:57,,departure,
O3 152_2026-06-02,O3 152,CSS,2026-06-02,07:55,EHU,Dep 07:36,,departure,
K4 205_2026-06-02,K4 205,CKS,2026-06-02,08:15,"ANC, CVG",Dep 09:45,,departure,
RH 701_2026-06-02,RH 701,HKC,2026-06-02,08:15,SYD,Dep 10:07,,departure,
5Y 8050_2026-06-02,5Y 8050,GTI,2026-06-02,08:25,"ANC, MIA",Dep 08:36,,departure,
3S 503_2026-06-02,3S 503,BOX,2026-06-02,08:30,LEJ,Dep 08:43,,departure,
RH 371_2026-06-02,RH 371,HKC,2026-06-02,08:40,SIN,Cancelled,,departure,
HE 979_2026-06-02,HE 979,HGO,2026-06-02,08:55,SHJ,Dep 01:11 (03/06/2026),,departure,
F5 7602_2026-06-02,F5 7602,ATG,2026-06-02,08:55,"DWC, TLV",Dep 16:03,,departure,
TK 6267_2026-06-02,TK 6267,THY,2026-06-02,09:25,IST,Dep 10:22,,departure,
ET 3035_2026-06-02,ET 3035,ETH,2026-06-02,09:30,ADD,Cancelled,,departure,
CV 3649_2026-06-02,CV 3649,CLX,2026-06-02,09:30,"GYD, BUD, LUX",Dep 12:44,,departure,
O3 268_2026-06-02,O3 268,CSS,2026-06-02,09:55,NGB,Dep 09:21,,departure,
CV 519_2026-06-02,CV 519,CLX,2026-06-02,10:00,"LUX, NQZ",Cancelled,,departure,
CV 9522_2026-06-02,CV 9522,CLX,2026-06-02,10:00,"NQZ, LUX",Dep 12:58,,departure,
5X 067_2026-06-02,5X 067,UPS,2026-06-02,10:15,"ICN, ANC, SDF",Dep 10:14,,departure,
EK 9025_2026-06-02,EK 9025,UAE,2026-06-02,10:55,DWC,Cancelled,,departure,
Z7 322_2026-06-02,Z7 322,CMS,2026-06-02,11:00,"ALA, TBS",Dep 13:13,,departure,
5Y 654_2026-06-02,5Y 654,GTI,2026-06-02,11:15,"ANC, MIA",Dep 21:44,,departure,
MP 9412_2026-06-02,MP 9412,MPH,2026-06-02,11:15,"ALA, AMS",Dep 11:55,,departure,
5X 003_2026-06-02,5X 003,UPS,2026-06-02,11:25,"CGN, PHL",Dep 11:40,,departure,
EK 9787_2026-06-02,EK 9787,UAE,2026-06-02,11:35,DWC,Cancelled,,departure,
5Y 8797_2026-06-02,5Y 8797,GTI,2026-06-02,11:50,"ANC, ORD",Dep 16:36 (03/06/2026),,departure,
RH 592_2026-06-02,RH 592,HKC,2026-06-02,12:30,"CIT, BUD",Dep 14:31,,departure,
RH 6651_2026-06-02,RH 6651,HKC,2026-06-02,12:30,DAC,Dep 08:02 (03/06/2026),,departure,
EK 9283_2026-06-02,EK 9283,UAE,2026-06-02,12:55,DWC,Cancelled,,departure,
CX 2045_2026-06-02,CX 2045,CPA,2026-06-02,13:10,DEL,Dep 13:17,,departure,
CX 049_2026-06-02,CX 049,CPA,2026-06-02,13:15,DAC,Dep 13:22,,departure,
RH 396_2026-06-02,RH 396,HKC,2026-06-02,13:20,"DEL, LCA",Cancelled,,departure,
KJ 968_2026-06-02,KJ 968,AIH,2026-06-02,13:30,ICN,Dep 13:34,,departure,
CX 3298_2026-06-02,CX 3298,CPA,2026-06-02,13:50,"ANC, JFK",Dep 14:02,,departure,
EK 9839_2026-06-02,EK 9839,UAE,2026-06-02,13:55,DWC,Dep 14:47,,departure,
EK 9783_2026-06-02,EK 9783,UAE,2026-06-02,14:00,DWC,Dep 14:15,,departure,
5Y 4104_2026-06-02,5Y 4104,GTI,2026-06-02,14:45,"ANC, LAX",Dep 14:48,,departure,
TC 503_2026-06-02,TC 503,ATC,2026-06-02,14:55,MCT,Cancelled,,departure,
CX 3032_2026-06-02,CX 3032,CPA,2026-06-02,15:10,ICN,Dep 17:45,,departure,
EK 9791_2026-06-02,EK 9791,UAE,2026-06-02,15:35,DWC,Cancelled,,departure,
5X 001_2026-06-02,5X 001,UPS,2026-06-02,15:40,"CGN, PHL",Dep 15:38,,departure,
MH 6105_2026-06-02,MH 6105,MAS,2026-06-02,15:45,KUL,Dep 17:19,,departure,
RH 317_2026-06-02,RH 317,HKC,2026-06-02,15:55,HAN,Dep 18:55,,departure,
5X 061_2026-06-02,5X 061,UPS,2026-06-02,16:05,"TPE, ANC, SDF",Dep 16:04,,departure,
P9 881_2026-06-02,P9 881,MGE,2026-06-02,16:10,GUM,Dep 16:38,,departure,
5X 166_2026-06-02,5X 166,UPS,2026-06-02,16:10,"SIN, SDF",Dep 16:07,,departure,
CV 237_2026-06-02,CV 237,CLX,2026-06-02,17:00,"ANC, GDL, NLU, LUX",Dep 16:57,,departure,
3S 519_2026-06-02,3S 519,BOX,2026-06-02,17:10,LEJ,Dep 17:57,,departure,
KE 9314_2026-06-02,KE 9314,KAL,2026-06-02,17:10,ICN,Dep 17:10,,departure,
EK 9863_2026-06-02,EK 9863,UAE,2026-06-02,17:10,DWC,Cancelled,,departure,
EK 9009_2026-06-02,EK 9009,UAE,2026-06-02,17:30,DWC,Cancelled,,departure,
5Y 4352_2026-06-02,5Y 4352,GTI,2026-06-02,17:45,"ALA, LGG",Dep 18:00,,departure,
FX 9128_2026-06-02,FX 9128,FDX,2026-06-02,17:50,KIX,Dep 04:02 (03/06/2026),,departure,
7L 247_2026-06-02,7L 247,AZG,2026-06-02,18:15,GYD,Cancelled,,departure,
CC 4600_2026-06-02,CC 4600,ABD,2026-06-02,18:15,CMB,Cancelled,,departure,
CX 2026_2026-06-02,CX 2026,CPA,2026-06-02,18:15,TPE,Dep 18:46,,departure,
C8 736_2026-06-02,C8 736,ICV,2026-06-02,18:20,"ASB, MXP",Dep 18:48,,departure,
LH 8461_2026-06-02,LH 8461,GEC,2026-06-02,18:25,"IST, FRA",Dep 19:28,,departure,
AK 8542_2026-06-02,AK 8542,AXM,2026-06-02,18:30,KUL,Cancelled,,departure,
7L 572_2026-06-02,7L 572,AZG,2026-06-02,18:35,GYD,Cancelled,,departure,
5X 063_2026-06-02,5X 063,UPS,2026-06-02,19:05,"ANC, SDF",Dep 19:13,,departure,
SQ 7922_2026-06-02,SQ 7922,SIA,2026-06-02,19:10,"ANC, DFW",Dep 19:11,,departure,
CI 5838_2026-06-02,CI 5838,CAL,2026-06-02,19:20,TPE,Dep 19:12,,departure,
TH 6825_2026-06-02,TH 6825,RMY,2026-06-02,19:45,KUL,Cancelled,,departure,
5X 059_2026-06-02,5X 059,UPS,2026-06-02,19:45,"ANC, ONT",Dep 19:38,,departure,
TK 6314_2026-06-02,TK 6314,THY,2026-06-02,19:50,"CIT, IST",Dep 19:50,,departure,
FX 5991_2026-06-02,FX 5991,FDX,2026-06-02,19:50,"KIX, OAK",Dep 17:39,,departure,
EK 9785_2026-06-02,EK 9785,UAE,2026-06-02,20:00,DWC,Dep 20:59,,departure,
EY 934_2026-06-02,EY 934,ETD,2026-06-02,20:20,AUH,Dep 20:25,,departure,
SQ 7354_2026-06-02,SQ 7354,SIA,2026-06-02,20:20,"MAA, BRU",Cancelled,,departure,
EK 9799_2026-06-02,EK 9799,UAE,2026-06-02,20:30,DWC,Dep 20:45,,departure,
QR 8407_2026-06-02,QR 8407,QTR,2026-06-02,20:50,DOH,Dep 21:06,,departure,
CX 2033_2026-06-02,CX 2033,CPA,2026-06-02,20:55,MAA,Dep 10:36 (03/06/2026),,departure,
CX 3260_2026-06-02,CX 3260,CPA,2026-06-02,21:00,CKG,Dep 21:06,,departure,
TK 6241_2026-06-02,TK 6241,THY,2026-06-02,21:10,IST,Dep 21:11,,departure,
EK 9005_2026-06-02,EK 9005,UAE,2026-06-02,21:20,DWC,Cancelled,,departure,
CP 136_2026-06-02,CP 136,LSI,2026-06-02,21:25,MXP,Dep 07:23 (03/06/2026),,departure,
EK 9011_2026-06-02,EK 9011,UAE,2026-06-02,21:25,DWC,Cancelled,,departure,
SV 983_2026-06-02,SV 983,SVA,2026-06-02,21:30,RUH,Dep 15:58 (03/06/2026),,departure,
D0 009_2026-06-02,D0 009,DHK,2026-06-02,21:40,"CVG, EMA",Dep 21:51,,departure,
AK 8535_2026-06-02,AK 8535,AXM,2026-06-02,21:55,KUL,Dep 19:24,,departure,
7L 648_2026-06-02,7L 648,AZG,2026-06-02,21:55,GYD,Cancelled,,departure,
2U 8011_2026-06-02,2U 8011,FKH,2026-06-02,22:00,"NQZ, RIX",Dep 23:18,,departure,
CX 3238_2026-06-02,CX 3238,CPA,2026-06-02,22:20,"XMN, PVG",Dep 22:14,,departure,
EK 9833_2026-06-02,EK 9833,UAE,2026-06-02,22:20,DWC,Dep 22:32,,departure,
CX 050_2026-06-02,CX 050,CPA,2026-06-02,23:05,PVG,Dep 23:27,,departure,
ET 3447_2026-06-02,ET 3447,ETH,2026-06-02,23:30,ADD,Cancelled,,departure,
ET 3785_2026-06-03,ET 3785,ETH,2026-06-03,00:00,"MCT, MAD, ADD",Dep 16:49,,departure,
ET 3791_2026-06-03,ET 3791,ETH,2026-06-03,00:00,LGG,Cancelled,,departure,
RH 4568_2026-06-03,RH 4568,HKC,2026-06-03,00:15,TPE,Dep 10:47,,departure,
3G 801_2026-06-03,3G 801,WCM,2026-06-03,00:30,KUL,Cancelled,,departure,
7L 923_2026-06-03,7L 923,AZG,2026-06-03,00:30,GYD,Cancelled,,departure,
QR 8429_2026-06-03,QR 8429,QTR,2026-06-03,00:35,DOH,Dep 00:21,,departure,
QR 8411_2026-06-03,QR 8411,QTR,2026-06-03,00:55,DOH,Dep 00:37,,departure,
KZ 202_2026-06-03,KZ 202,NCA,2026-06-03,01:25,NRT,Dep 15:49,,departure,
CX 096_2026-06-03,CX 096,CPA,2026-06-03,01:30,"ANC, NLU",Dep 01:32,,departure,
7L 148_2026-06-03,7L 148,AZG,2026-06-03,01:45,GYD,Dep 03:05,,departure,
QR 8439_2026-06-03,QR 8439,QTR,2026-06-03,02:00,DOH,Dep 01:37,,departure,
SV 985_2026-06-03,SV 985,SVA,2026-06-03,02:05,RUH,Dep 02:02,,departure,
EK 9861_2026-06-03,EK 9861,UAE,2026-06-03,02:10,DWC,Dep 02:15,,departure,
JL 6782_2026-06-03,JL 6782,JAL,2026-06-03,02:20,NRT,Dep 12:44,,departure,
NH 8512_2026-06-03,NH 8512,ANA,2026-06-03,02:25,NRT,Dep 14:43,,departure,
ET 3229_2026-06-03,ET 3229,ETH,2026-06-03,02:25,ADD,Dep 02:21,,departure,
KJ 974_2026-06-03,KJ 974,AIH,2026-06-03,02:40,ICN,Dep 02:33,,departure,
EK 9881_2026-06-03,EK 9881,UAE,2026-06-03,02:55,DWC,Cancelled,,departure,
CI 5826_2026-06-03,CI 5826,CAL,2026-06-03,03:00,TPE,Dep 02:29,,departure,
KE 314_2026-06-03,KE 314,KAL,2026-06-03,03:10,ICN,Dep 03:06,,departure,
LD 204D_2026-06-03,LD 204D,AHK,2026-06-03,03:15,KIX,Dep 16:01,,departure,
LD 128_2026-06-03,LD 128,AHK,2026-06-03,03:20,ICN,Dep 03:19,,departure,
BR 6538_2026-06-03,BR 6538,EVA,2026-06-03,03:20,TPE,Dep 03:02,,departure,
LD 208D_2026-06-03,LD 208D,AHK,2026-06-03,03:25,NRT,Dep 14:31,,departure,
LD 327_2026-06-03,LD 327,AHK,2026-06-03,03:25,SIN,Dep 03:34,,departure,
LD 768_2026-06-03,LD 768,AHK,2026-06-03,03:25,PEK,Dep 03:35,,departure,
LD 216D_2026-06-03,LD 216D,AHK,2026-06-03,03:30,NGO,Dep 15:09,,departure,
8K 526_2026-06-03,8K 526,KMI,2026-06-03,03:30,BKK,Dep 03:27,,departure,
LD 457_2026-06-03,LD 457,AHK,2026-06-03,03:35,"MNL, CEB",Dep 04:40,,departure,
LD 782_2026-06-03,LD 782,AHK,2026-06-03,03:40,PVG,Dep 03:41,,departure,
LD 831_2026-06-03,LD 831,AHK,2026-06-03,03:40,BKK,Dep 03:47,,departure,
LD 561_2026-06-03,LD 561,AHK,2026-06-03,03:45,SGN,Dep 03:45,,departure,
TH 3508_2026-06-03,TH 3508,RMY,2026-06-03,03:45,KUL,Dep 03:50,,departure,
3S 500_2026-06-03,3S 500,BOX,2026-06-03,04:00,LAX,Dep 04:18,,departure,
3Y 6011_2026-06-03,3Y 6011,MYU,2026-06-03,04:00,CGK,Dep 03:56,,departure,
EK 9037_2026-06-03,EK 9037,UAE,2026-06-03,04:00,DWC,Cancelled,,departure,
HJ 022_2026-06-03,HJ 022,TMN,2026-06-03,04:00,SYD,Dep 04:08,,departure,
LD 720_2026-06-03,LD 720,AHK,2026-06-03,04:05,CTU,Dep 04:04,,departure,
QR 8421_2026-06-03,QR 8421,QTR,2026-06-03,04:05,DOH,Dep 04:04,,departure,
TH 3091_2026-06-03,TH 3091,RMY,2026-06-03,04:15,PEN,Dep 04:36,,departure,
QR 8441_2026-06-03,QR 8441,QTR,2026-06-03,04:15,DOH,Dep 04:33,,departure,
LD 680_2026-06-03,LD 680,AHK,2026-06-03,04:20,TPE,Dep 04:17,,departure,
TK 6351_2026-06-03,TK 6351,THY,2026-06-03,04:20,IST,Dep 04:26,,departure,
2U 8021_2026-06-03,2U 8021,FKH,2026-06-03,04:20,"NQZ, RIX",Cancelled,,departure,
5Y 3093_2026-06-03,5Y 3093,GTI,2026-06-03,04:45,OTP,Dep 04:45,,departure,
K4 287_2026-06-03,K4 287,CKS,2026-06-03,05:00,"ANC, CVG",Dep 07:38,,departure,
3S 713_2026-06-03,3S 713,BOX,2026-06-03,05:35,"DXB, LEJ",Dep 05:50,,departure,
3S 735_2026-06-03,3S 735,BOX,2026-06-03,05:40,"BLR, LEJ",Dep 06:06,,departure,
ES 728_2026-06-03,ES 728,DHX,2026-06-03,05:40,BAH,Dep 05:47,,departure,
K4 255_2026-06-03,K4 255,CKS,2026-06-03,05:50,"YHM, JFK, CVG",Cancelled,,departure,
FX 5023_2026-06-03,FX 5023,FDX,2026-06-03,06:00,"IST, CDG, LGG, MEM",Dep 05:58,,departure,
MB 480_2026-06-03,MB 480,MNB,2026-06-03,06:00,"SHJ, IST",Cancelled,,departure,
Y9 2562_2026-06-03,Y9 2562,SGA,2026-06-03,06:15,"DAC, DWC",Dep 13:07,,departure,
K4 253_2026-06-03,K4 253,CKS,2026-06-03,06:40,"YHM, JFK, CVG",Dep 06:45,,departure,
D0 591_2026-06-03,D0 591,DHK,2026-06-03,06:40,"DEL, EMA",Cancelled,,departure,
CP 166_2026-06-03,CP 166,LSI,2026-06-03,06:45,"GYD, MXP",Dep 06:33,,departure,
3S 711_2026-06-03,3S 711,BOX,2026-06-03,06:50,LEJ,Dep 07:26,,departure,
K4 243_2026-06-03,K4 243,CKS,2026-06-03,07:00,"ANC, MIA, CVG",Dep 07:10,,departure,
RH 331_2026-06-03,RH 331,HKC,2026-06-03,07:00,BKK,Dep 07:58,,departure,
HE 772_2026-06-03,HE 772,HGO,2026-06-03,07:00,"CIT, EMA",Cancelled,,departure,
CK 264_2026-06-03,CK 264,CKK,2026-06-03,07:00,CKG,Cancelled,,departure,
CT 122_2026-06-03,CT 122,AAE,2026-06-03,07:00,"KGF, LGG",Dep 07:12,,departure,
ET 3767_2026-06-03,ET 3767,ETH,2026-06-03,07:10,LGG,Cancelled,,departure,
CX 2075_2026-06-03,CX 2075,CPA,2026-06-03,08:15,SIN,Dep 08:19,,departure,
3S 515_2026-06-03,3S 515,BOX,2026-06-03,08:30,LEJ,Dep 09:21,,departure,
RH 371_2026-06-03,RH 371,HKC,2026-06-03,08:40,SIN,Dep 17:38,,departure,
5Y 8030_2026-06-03,5Y 8030,GTI,2026-06-03,08:50,"ANC, MIA",Dep 10:49,,departure,
HE 981_2026-06-03,HE 981,HGO,2026-06-03,08:55,RUH,Dep 23:46,,departure,
KJ 952_2026-06-03,KJ 952,AIH,2026-06-03,09:20,ICN,Dep 09:16,,departure,
K4 702_2026-06-03,K4 702,CKS,2026-06-03,09:30,"ALA, TLV",Dep 16:16,,departure,
EK 9929_2026-06-03,EK 9929,UAE,2026-06-03,09:30,DXB,Cancelled,,departure,
QR 8403_2026-06-03,QR 8403,QTR,2026-06-03,09:35,DOH,Dep 09:41,,departure,
O3 268_2026-06-03,O3 268,CSS,2026-06-03,09:55,NGB,Dep 09:37,,departure,
QY 517_2026-06-03,QY 517,BCS,2026-06-03,10:00,"ALA, LEJ",Dep 18:41,,departure,
F5 6631_2026-06-03,F5 6631,ATG,2026-06-03,10:00,"ALA, EMA",Dep 15:18,,departure,
TK 6299_2026-06-03,TK 6299,THY,2026-06-03,10:15,IST,Dep 11:56,,departure,
5X 067_2026-06-03,5X 067,UPS,2026-06-03,10:15,"ANC, SDF",Dep 10:52,,departure,
CX 3174_2026-06-03,CX 3174,CPA,2026-06-03,10:25,"ANC, MIA, ATL",Dep 10:19,,departure,
CV 515_2026-06-03,CV 515,CLX,2026-06-03,10:35,"GYD, LUX",Dep 10:37,,departure,
EK 9831_2026-06-03,EK 9831,UAE,2026-06-03,10:35,DWC,Dep 10:36,,departure,
CX 3241_2026-06-03,CX 3241,CPA,2026-06-03,10:45,CGK,Dep 12:02,,departure,
EK 9025_2026-06-03,EK 9025,UAE,2026-06-03,10:55,DWC,Cancelled,,departure,
5X 003_2026-06-03,5X 003,UPS,2026-06-03,11:25,"CGN, PHL",Dep 11:25,,departure,
CC 4800_2026-06-03,CC 4800,ABD,2026-06-03,11:50,CMB,Cancelled,,departure,
QY 675_2026-06-03,QY 675,BCS,2026-06-03,12:20,"ALA, LEJ",Dep 12:18,,departure,
3V 400_2026-06-03,3V 400,TAY,2026-06-03,12:25,"ALA, LGG",Dep 12:19,,departure,
5Y 8131_2026-06-03,5Y 8131,GTI,2026-06-03,12:40,"DEL, ANC",Cancelled,,departure,
CV 261_2026-06-03,CV 261,CLX,2026-06-03,13:00,"ANC, JFK",Dep 13:00,,departure,
KJ 970_2026-06-03,KJ 970,AIH,2026-06-03,13:15,ICN,Dep 13:57,,departure,
QR 8465_2026-06-03,QR 8465,QTR,2026-06-03,13:15,DOH,Dep 12:56,,departure,
CX 3294_2026-06-03,CX 3294,CPA,2026-06-03,13:30,"ANC, JFK",Dep 14:03,,departure,
EK 9781_2026-06-03,EK 9781,UAE,2026-06-03,13:35,DWC,Dep 14:51,,departure,
3S 707D_2026-06-03,3S 707D,BOX,2026-06-03,14:00,"BAH, LEJ",Cancelled,,departure,
CX 2086_2026-06-03,CX 2086,CPA,2026-06-03,14:25,"ANC, MIA",Dep 14:34,,departure,
EY 9726_2026-06-03,EY 9726,ETD,2026-06-03,14:50,AUH,Dep 15:08,,departure,
CX 045_2026-06-03,CX 045,CPA,2026-06-03,15:20,BOM,Dep 16:38,,departure,
KZ 206_2026-06-03,KZ 206,NCA,2026-06-03,15:30,NRT,Dep 04:17 (04/06/2026),,departure,
EK 9239_2026-06-03,EK 9239,UAE,2026-06-03,15:35,DWC,Cancelled,,departure,
K4 270_2026-06-03,K4 270,CKS,2026-06-03,15:55,"DWC, LGG",Dep 16:07,,departure,
RH 317_2026-06-03,RH 317,HKC,2026-06-03,15:55,HAN,Dep 19:19,,departure,
5X 061_2026-06-03,5X 061,UPS,2026-06-03,16:05,"TPE, ANC, SDF",Dep 16:16,,departure,
P9 881_2026-06-03,P9 881,MGE,2026-06-03,16:10,GUM,Cancelled,,departure,
5X 166_2026-06-03,5X 166,UPS,2026-06-03,16:10,"SIN, SDF",Dep 16:46,,departure,
ET 3629_2026-06-03,ET 3629,ETH,2026-06-03,16:15,ADD,Dep 20:18,,departure,
CX 3037_2026-06-03,CX 3037,CPA,2026-06-03,16:15,HAN,Dep 17:08,,departure,
3S 519_2026-06-03,3S 519,BOX,2026-06-03,17:00,LEJ,Dep 17:10,,departure,
CX 041_2026-06-03,CX 041,CPA,2026-06-03,17:05,DEL,Dep 17:28,,departure,
7L 923_2026-06-03,7L 923,AZG,2026-06-03,17:20,GYD,Cancelled,,departure,
EK 9833_2026-06-03,EK 9833,UAE,2026-06-03,17:20,DWC,Cancelled,,departure,
SV 975_2026-06-03,SV 975,SVA,2026-06-03,17:30,JED,Cancelled,,departure,
5C 850_2026-06-03,5C 850,ICL,2026-06-03,17:30,"DWC, TLV",Dep 17:48,,departure,
KE 8314_2026-06-03,KE 8314,KAL,2026-06-03,17:30,ICN,Dep 16:55,,departure,
SQ 7988_2026-06-03,SQ 7988,SIA,2026-06-03,17:35,"ANC, LAX",Dep 17:43,,departure,
RH 9457_2026-06-03,RH 9457,HKC,2026-06-03,18:10,DEL,Dep 19:05,,departure,
AK 8546_2026-06-03,AK 8546,AXM,2026-06-03,18:20,KUL,Dep 18:32,,departure,
7L 1923_2026-06-03,7L 1923,AZG,2026-06-03,18:20,GYD,Cancelled,,departure,
LH 8461_2026-06-03,LH 8461,GEC,2026-06-03,18:25,"IST, FRA",Dep 18:05,,departure,
7L 624_2026-06-03,7L 624,AZG,2026-06-03,18:25,GYD,Cancelled,,departure,
5Y 825_2026-06-03,5Y 825,GTI,2026-06-03,18:35,"ANC, MIA",Dep 04:47 (04/06/2026),,departure,
CX 3349_2026-06-03,CX 3349,CPA,2026-06-03,18:40,BKK,Dep 19:00,,departure,
QR 8471_2026-06-03,QR 8471,QTR,2026-06-03,18:40,DOH,Dep 19:29,,departure,
5X 063_2026-06-03,5X 063,UPS,2026-06-03,19:05,"ANC, SDF",Dep 19:27,,departure,
CI 6844_2026-06-03,CI 6844,CAL,2026-06-03,19:20,TPE,Dep 18:50,,departure,
CV 245_2026-06-03,CV 245,CLX,2026-06-03,19:25,"ANC, NLU",Dep 18:58,,departure,
SQ 7861_2026-06-03,SQ 7861,SIA,2026-06-03,19:30,SIN,Dep 19:31,,departure,
MH 6103_2026-06-03,MH 6103,MAS,2026-06-03,19:40,KUL,Dep 21:09,,departure,
CT 131_2026-06-03,CT 131,AAE,2026-06-03,19:40,"KGF, PRG",Dep 08:10 (04/06/2026),,departure,
TH 6825_2026-06-03,TH 6825,RMY,2026-06-03,19:45,KUL,Cancelled,,departure,
5X 1939_2026-06-03,5X 1939,UPS,2026-06-03,19:50,"ANC, ONT",Cancelled,,departure,
FX 5991_2026-06-03,FX 5991,FDX,2026-06-03,19:50,"KIX, OAK",Dep 19:58,,departure,
CX 017_2026-06-03,CX 017,CPA,2026-06-03,20:00,MAA,Dep 10:58 (04/06/2026),,departure,
CX 090_2026-06-03,CX 090,CPA,2026-06-03,20:50,"ANC, ORD",Dep 20:52,,departure,
QR 8479_2026-06-03,QR 8479,QTR,2026-06-03,21:00,DOH,Dep 22:46,,departure,
CI 5834_2026-06-03,CI 5834,CAL,2026-06-03,21:20,TPE,Dep 20:09,,departure,
RH 351_2026-06-03,RH 351,HKC,2026-06-03,21:20,MNL,Dep 22:23,,departure,
EK 9011_2026-06-03,EK 9011,UAE,2026-06-03,21:25,DWC,Cancelled,,departure,
SV 963_2026-06-03,SV 963,SVA,2026-06-03,21:35,RUH,Dep 21:47,,departure,
D0 007_2026-06-03,D0 007,DHK,2026-06-03,21:40,"CVG, LEJ, EMA",Dep 10:54 (04/06/2026),,departure,
AK 8535_2026-06-03,AK 8535,AXM,2026-06-03,21:55,KUL,Cancelled,,departure,
TK 6239_2026-06-03,TK 6239,THY,2026-06-03,22:30,"CIT, IST",Dep 22:18,,departure,
CX 037_2026-06-03,CX 037,CPA,2026-06-03,23:20,"DEL, CDG",Dep 23:49,,departure,
7L 247_2026-06-03,7L 247,AZG,2026-06-03,23:30,GYD,Dep 02:21 (04/06/2026),,departure,
BR 6530_2026-06-03,BR 6530,EVA,2026-06-03,23:35,TPE,Dep 22:57,,departure,
QF 7526_2026-06-03,QF 7526,QFA,2026-06-03,23:55,SYD,Dep 23:50,,departure,
CX 050_2026-06-03,CX 050,CPA,2026-06-03,23:55,PVG,Dep 04:45 (04/06/2026),,departure,
CX 2062_2026-06-03,CX 2062,CPA,2026-06-03,23:55,CTU,Dep 00:51 (04/06/2026),,departure,
RH 4568_2026-06-04,RH 4568,HKC,2026-06-04,00:15,TPE,Dep 03:04,,departure,
CV 531_2026-06-04,CV 531,CLX,2026-06-04,00:30,"GYD, LUX",Dep 23:56 (03/06/2026),,departure,
3G 801_2026-06-04,3G 801,WCM,2026-06-04,00:30,KUL,Cancelled,,departure,
EK 9885_2026-06-04,EK 9885,UAE,2026-06-04,00:30,DWC,Cancelled,,departure,
CX 006_2026-06-04,CX 006,CPA,2026-06-04,00:50,NRT,Dep 03:45,,departure,
MS 510_2026-06-04,MS 510,MSR,2026-06-04,01:00,BKK,Cancelled,,departure,
EY 9647_2026-06-04,EY 9647,ETD,2026-06-04,01:25,DWC,Dep 03:05,,departure,
CX 3170_2026-06-04,CX 3170,CPA,2026-06-04,01:50,"ANC, MIA, IAH",Dep 02:08,,departure,
3S 527_2026-06-04,3S 527,BOX,2026-06-04,02:00,"BAH, BAH",Dep 02:05,,departure,
SV 981_2026-06-04,SV 981,SVA,2026-06-04,02:00,RUH,Cancelled,,departure,
TK 6265_2026-06-04,TK 6265,THY,2026-06-04,02:05,IST,Dep 02:06,,departure,
JL 6782_2026-06-04,JL 6782,JAL,2026-06-04,02:20,NRT,Cancelled,,departure,
KZ 202_2026-06-04,KZ 202,NCA,2026-06-04,02:25,NRT,Dep 15:49,,departure,
NH 8512_2026-06-04,NH 8512,ANA,2026-06-04,02:25,NRT,Dep 02:07,,departure,
MB 430_2026-06-04,MB 430,MNB,2026-06-04,02:30,"NVI, IST",Dep 03:31,,departure,
KJ 972_2026-06-04,KJ 972,AIH,2026-06-04,02:40,ICN,Dep 02:59,,departure,
CI 5836_2026-06-04,CI 5836,CAL,2026-06-04,03:00,TPE,Dep 02:45,,departure,
EY 938_2026-06-04,EY 938,ETD,2026-06-04,03:10,AUH,Dep 02:54,,departure,
CX 3254_2026-06-04,CX 3254,CPA,2026-06-04,03:10,PVG,Dep 09:42,,departure,
KE 314_2026-06-04,KE 314,KAL,2026-06-04,03:10,ICN,Dep 03:21,,departure,
LD 204_2026-06-04,LD 204,AHK,2026-06-04,03:15,KIX,Dep 03:40,,departure,
LD 128_2026-06-04,LD 128,AHK,2026-06-04,03:20,ICN,Dep 03:40,,departure,
BR 6536_2026-06-04,BR 6536,EVA,2026-06-04,03:20,TPE,Dep 03:28,,departure,
LD 208_2026-06-04,LD 208,AHK,2026-06-04,03:25,NRT,Dep 04:09,,departure,
LD 327_2026-06-04,LD 327,AHK,2026-06-04,03:25,SIN,Dep 03:27,,departure,
LD 768_2026-06-04,LD 768,AHK,2026-06-04,03:25,PEK,Dep 03:29,,departure,
LD 216_2026-06-04,LD 216,AHK,2026-06-04,03:30,NGO,Dep 03:59,,departure,
8K 526_2026-06-04,8K 526,KMI,2026-06-04,03:30,BKK,Dep 03:40,,departure,
LD 457_2026-06-04,LD 457,AHK,2026-06-04,03:35,"MNL, CEB",Dep 03:49,,departure,
LD 782_2026-06-04,LD 782,AHK,2026-06-04,03:40,PVG,Dep 03:53,,departure,
LD 831_2026-06-04,LD 831,AHK,2026-06-04,03:40,BKK,Dep 03:49,,departure,
LD 561_2026-06-04,LD 561,AHK,2026-06-04,03:45,SGN,Dep 03:56,,departure,
TH 3508_2026-06-04,TH 3508,RMY,2026-06-04,03:45,KUL,Dep 04:08,,departure,
5Y 638_2026-06-04,5Y 638,GTI,2026-06-04,04:00,"ANC, LAX",Dep 04:37,,departure,
3S 502_2026-06-04,3S 502,BOX,2026-06-04,04:00,LAX,Dep 04:03,,departure,
3Y 6011_2026-06-04,3Y 6011,MYU,2026-06-04,04:00,CGK,Dep 04:07,,departure,
HJ 022_2026-06-04,HJ 022,TMN,2026-06-04,04:00,SYD,Dep 04:19,,departure,
LD 720_2026-06-04,LD 720,AHK,2026-06-04,04:05,CTU,Dep 04:20,,departure,
TH 3091_2026-06-04,TH 3091,RMY,2026-06-04,04:15,PEN,Dep 04:39,,departure,
LD 680_2026-06-04,LD 680,AHK,2026-06-04,04:20,TPE,Dep 04:29,,departure,
2U 8021_2026-06-04,2U 8021,FKH,2026-06-04,04:20,"NQZ, RIX",Dep 04:26,,departure,
QY 671D_2026-06-04,QY 671D,BCS,2026-06-04,04:40,"ALA, LEJ",Dep 04:25 (06/06/2026),,departure,
3S 715_2026-06-04,3S 715,BOX,2026-06-04,05:35,"DXB, LEJ",Dep 05:45,,departure,
3S 733_2026-06-04,3S 733,BOX,2026-06-04,05:40,"BLR, LEJ",Dep 05:57,,departure,
ES 720_2026-06-04,ES 720,DHX,2026-06-04,05:40,BAH,Dep 05:34,,departure,
3S 709_2026-06-04,3S 709,BOX,2026-06-04,05:45,"BAH, LEJ",Dep 15:38,,departure,
FX 5025_2026-06-04,FX 5025,FDX,2026-06-04,06:20,"IST, MEM",Dep 06:09,,departure,
K4 255_2026-06-04,K4 255,CKS,2026-06-04,06:40,"YHM, JFK",Dep 07:03,,departure,
D0 593_2026-06-04,D0 593,DHK,2026-06-04,06:40,"DEL, EMA",Dep 06:33,,departure,
EK 9835_2026-06-04,EK 9835,UAE,2026-06-04,06:45,DWC,Dep 06:42,,departure,
3S 505_2026-06-04,3S 505,BOX,2026-06-04,06:50,LEJ,Dep 06:56,,departure,
K4 241_2026-06-04,K4 241,CKS,2026-06-04,07:00,"ANC, MIA",Dep 07:14,,departure,
RH 331_2026-06-04,RH 331,HKC,2026-06-04,07:00,BKK,Dep 07:30,,departure,
CK 264_2026-06-04,CK 264,CKK,2026-06-04,07:00,CKG,Dep 07:35,,departure,
EK 9859_2026-06-04,EK 9859,UAE,2026-06-04,07:00,DWC,Dep 07:14,,departure,
SR 815_2026-06-04,SR 815,XKY,2026-06-04,07:15,CRK,Dep 07:54,,departure,
CX 3280_2026-06-04,CX 3280,CPA,2026-06-04,08:05,"ANC, LAX, PDX",Dep 08:12,,departure,
3S 503_2026-06-04,3S 503,BOX,2026-06-04,08:30,LEJ,Dep 10:05,,departure,
RH 371_2026-06-04,RH 371,HKC,2026-06-04,08:40,SIN,Cancelled,,departure,
HE 983_2026-06-04,HE 983,HGO,2026-06-04,08:40,SHJ,Dep 01:09 (05/06/2026),,departure,
QR 8417_2026-06-04,QR 8417,QTR,2026-06-04,08:45,DOH,Dep 09:36,,departure,
CC 4800_2026-06-04,CC 4800,ABD,2026-06-04,09:00,"CMB, JNB",Dep 09:19 (08/06/2026),,departure,
RH 394_2026-06-04,RH 394,HKC,2026-06-04,09:30,"ALA, ATH",Dep 12:09,,departure,
K4 285_2026-06-04,K4 285,CKS,2026-06-04,09:45,"ANC, CVG",Dep 08:22 (05/06/2026),,departure,
RH 962_2026-06-04,RH 962,HKC,2026-06-04,09:55,KIX,Dep 10:25,,departure,
O3 268_2026-06-04,O3 268,CSS,2026-06-04,09:55,NGB,Dep 11:27,,departure,
CX 043_2026-06-04,CX 043,CPA,2026-06-04,10:10,DEL,Dep 10:23,,departure,
5X 067_2026-06-04,5X 067,UPS,2026-06-04,10:25,"ICN, ANC, SDF",Dep 10:59,,departure,
CV 976_2026-06-04,CV 976,CLX,2026-06-04,10:30,"NQZ, LUX",Cancelled,,departure,
CV 7624_2026-06-04,CV 7624,CLX,2026-06-04,10:30,"NQZ, LUX",Dep 11:21,,departure,
EY 926_2026-06-04,EY 926,ETD,2026-06-04,10:45,AUH,Dep 10:40,,departure,
EK 9025_2026-06-04,EK 9025,UAE,2026-06-04,10:55,DWC,Cancelled,,departure,
CI 5832_2026-06-04,CI 5832,CAL,2026-06-04,11:15,TPE,Dep 11:16,,departure,
QR 8427_2026-06-04,QR 8427,QTR,2026-06-04,11:15,DOH,Dep 11:36,,departure,
MP 9432_2026-06-04,MP 9432,MPH,2026-06-04,11:15,"ALA, AMS",Dep 16:38,,departure,
5X 003_2026-06-04,5X 003,UPS,2026-06-04,11:25,"CGN, PHL",Dep 11:35,,departure,
5Y 8030_2026-06-04,5Y 8030,GTI,2026-06-04,11:25,"ANC, MIA",Cancelled,,departure,
T8 4704_2026-06-04,T8 4704,TVR,2026-06-04,12:00,SHJ,Dep 13:25,,departure,
EK 9825_2026-06-04,EK 9825,UAE,2026-06-04,12:15,DWC,Dep 12:52,,departure,
5Y 8131_2026-06-04,5Y 8131,GTI,2026-06-04,12:40,"DEL, ANC",Dep 01:22 (05/06/2026),,departure,
CC 4600_2026-06-04,CC 4600,ABD,2026-06-04,13:00,"CMB, JNB",Dep 12:59 (05/06/2026),,departure,
SQ 7921_2026-06-04,SQ 7921,SIA,2026-06-04,13:10,SIN,Dep 13:14,,departure,
K4 531_2026-06-04,K4 531,CKS,2026-06-04,13:15,"ICN, ANC, LAX",Dep 15:27,,departure,
RH 9457_2026-06-04,RH 9457,HKC,2026-06-04,13:20,DEL,Dep 19:01,,departure,
KJ 968_2026-06-04,KJ 968,AIH,2026-06-04,13:30,ICN,Dep 13:38,,departure,
CX 3298_2026-06-04,CX 3298,CPA,2026-06-04,13:50,"ANC, JFK",Dep 20:19,,departure,
EK 9837_2026-06-04,EK 9837,UAE,2026-06-04,14:05,DWC,Dep 13:58,,departure,
3S 509_2026-06-04,3S 509,BOX,2026-06-04,14:15,LEJ,Dep 14:24,,departure,
SQ 7952_2026-06-04,SQ 7952,SIA,2026-06-04,14:45,"ANC, DFW",Dep 15:03,,departure,
WW 862_2026-06-04,WW 862,KXP,2026-06-04,14:45,KUL,Dep 05:24,,departure,
EK 9841_2026-06-04,EK 9841,UAE,2026-06-04,14:45,DWC,Dep 16:33,,departure,
CX 3032_2026-06-04,CX 3032,CPA,2026-06-04,15:10,ICN,Dep 09:48 (05/06/2026),,departure,
EK 9941_2026-06-04,EK 9941,UAE,2026-06-04,15:35,DWC,Cancelled,,departure,
5X 001_2026-06-04,5X 001,UPS,2026-06-04,15:40,CGN,Cancelled,,departure,
RH 317_2026-06-04,RH 317,HKC,2026-06-04,15:55,HAN,Dep 18:01,,departure,
CX 3243_2026-06-04,CX 3243,CPA,2026-06-04,16:05,HAN,Dep 22:31,,departure,
5X 061_2026-06-04,5X 061,UPS,2026-06-04,16:05,"TPE, ANC, SDF",Dep 16:45,,departure,
P9 881_2026-06-04,P9 881,MGE,2026-06-04,16:10,GUM,Dep 16:23,,departure,
5X 166_2026-06-04,5X 166,UPS,2026-06-04,16:10,"SIN, SDF",Dep 16:10,,departure,
3S 519_2026-06-04,3S 519,BOX,2026-06-04,17:00,LEJ,Dep 17:14,,departure,
KE 9314_2026-06-04,KE 9314,KAL,2026-06-04,17:10,ICN,Dep 17:05,,departure,
5Y 654_2026-06-04,5Y 654,GTI,2026-06-04,17:25,"ICN, ANC, ORD",Dep 20:35,,departure,
7L 923_2026-06-04,7L 923,AZG,2026-06-04,17:40,GYD,Dep 18:25,,departure,
CT 124_2026-06-04,CT 124,AAE,2026-06-04,17:40,"KGF, LGG",Dep 17:50,,departure,
MH 6119_2026-06-04,MH 6119,MAS,2026-06-04,18:10,KUL,Dep 18:40,,departure,
LH 8461_2026-06-04,LH 8461,GEC,2026-06-04,18:25,"IST, FRA",Dep 18:14,,departure,
5Y 8523_2026-06-04,5Y 8523,GTI,2026-06-04,18:30,"ANC, ORD",Cancelled,,departure,
CX 2047_2026-06-04,CX 2047,CPA,2026-06-04,18:30,MAA,Dep 18:39,,departure,
QR 8471_2026-06-04,QR 8471,QTR,2026-06-04,18:40,DOH,Cancelled,,departure,
CV 287_2026-06-04,CV 287,CLX,2026-06-04,18:55,"ANC, MIA",Dep 19:03,,departure,
HE 811_2026-06-04,HE 811,HGO,2026-06-04,19:00,"MCT, LOS",Dep 07:19 (06/06/2026),,departure,
5X 063_2026-06-04,5X 063,UPS,2026-06-04,19:05,"ANC, SDF",Dep 19:16,,departure,
SV 3025_2026-06-04,SV 3025,SVA,2026-06-04,19:10,"HSA, LGG",Dep 07:24 (05/06/2026),,departure,
CI 5838_2026-06-04,CI 5838,CAL,2026-06-04,19:20,TPE,Dep 19:15,,departure,
TH 6825_2026-06-04,TH 6825,RMY,2026-06-04,19:30,KUL,Dep 21:22,,departure,
SV 3021_2026-06-04,SV 3021,SVA,2026-06-04,19:30,RUH,Dep 22:34,,departure,
CP 138_2026-06-04,CP 138,LSI,2026-06-04,19:35,"GYD, MXP",Dep 19:36,,departure,
ET 3685_2026-06-04,ET 3685,ETH,2026-06-04,19:35,ADD,Dep 14:57,,departure,
AK 8542_2026-06-04,AK 8542,AXM,2026-06-04,19:45,KUL,Dep 19:36,,departure,
FX 5991_2026-06-04,FX 5991,FDX,2026-06-04,19:50,"KIX, OAK",Dep 19:57,,departure,
5X 059_2026-06-04,5X 059,UPS,2026-06-04,19:50,"ANC, ONT",Dep 19:48,,departure,
C8 782_2026-06-04,C8 782,ICV,2026-06-04,20:00,"ASB, MXP",Dep 20:02,,departure,
CX 056_2026-06-04,CX 056,CPA,2026-06-04,20:25,PVG,Dep 01:37 (05/06/2026),,departure,
7L 147_2026-06-04,7L 147,AZG,2026-06-04,20:25,GYD,Cancelled,,departure,
F5 7604_2026-06-04,F5 7604,ATG,2026-06-04,20:25,"DWC, TLV",Dep 11:16 (05/06/2026),,departure,
7L 572_2026-06-04,7L 572,AZG,2026-06-04,20:30,DWC,Dep 23:54,,departure,
CX 054_2026-06-04,CX 054,CPA,2026-06-04,20:45,"CGO, PVG",Dep 06:46 (05/06/2026),,departure,
SV 3961_2026-06-04,SV 3961,SVA,2026-06-04,21:15,DMM,Cancelled,,departure,
RH 351_2026-06-04,RH 351,HKC,2026-06-04,21:20,MNL,Dep 21:53,,departure,
7L 692_2026-06-04,7L 692,AZG,2026-06-04,21:20,GYD,Cancelled,,departure,
EK 9011_2026-06-04,EK 9011,UAE,2026-06-04,21:25,DWC,Cancelled,,departure,
QR 8413_2026-06-04,QR 8413,QTR,2026-06-04,21:30,DOH,Dep 21:34,,departure,
D0 009_2026-06-04,D0 009,DHK,2026-06-04,21:40,"CVG, EMA",Dep 22:25,,departure,
EK 9785_2026-06-04,EK 9785,UAE,2026-06-04,22:20,DWC,Dep 01:45 (05/06/2026),,departure,
C6 7632_2026-06-04,C6 7632,MFX,2026-06-04,23:00,TAS,Dep 03:01 (05/06/2026),,departure,
SR 813_2026-06-04,SR 813,XKY,2026-06-04,23:00,KTI,Cancelled,,departure,
ET 3785_2026-06-05,ET 3785,ETH,2026-06-05,00:00,"MCT, MAD, ADD",Dep 03:53,,departure,
CX 2094_2026-06-05,CX 2094,CPA,2026-06-05,00:10,"ANC, ORD",Dep 13:31,,departure,
RH 4568_2026-06-05,RH 4568,HKC,2026-06-05,00:15,TPE,Dep 01:53,,departure,
SV 987_2026-06-05,SV 987,SVA,2026-06-05,00:30,RUH,Dep 00:27,,departure,
EY 948_2026-06-05,EY 948,ETD,2026-06-05,00:30,AUH,Dep 00:35,,departure,
3G 801_2026-06-05,3G 801,WCM,2026-06-05,00:30,KUL,Cancelled,,departure,
QR 8401_2026-06-05,QR 8401,QTR,2026-06-05,00:30,DOH,Dep 00:20,,departure,
CX 006_2026-06-05,CX 006,CPA,2026-06-05,00:50,NRT,Dep 01:12,,departure,
ET 3039_2026-06-05,ET 3039,ETH,2026-06-05,01:35,ADD,Cancelled,,departure,
JL 6782_2026-06-05,JL 6782,JAL,2026-06-05,02:20,NRT,Cancelled,,departure,
KZ 202_2026-06-05,KZ 202,NCA,2026-06-05,02:25,NRT,Dep 05:10,,departure,
KJ 974_2026-06-05,KJ 974,AIH,2026-06-05,02:40,ICN,Dep 02:51,,departure,
CI 5826_2026-06-05,CI 5826,CAL,2026-06-05,03:00,TPE,Dep 02:50,,departure,
ET 3707_2026-06-05,ET 3707,ETH,2026-06-05,03:00,"BUD, ADD",Dep 09:00,,departure,
CX 3031_2026-06-05,CX 3031,CPA,2026-06-05,03:00,AMS,Dep 03:08,,departure,
KE 314_2026-06-05,KE 314,KAL,2026-06-05,03:10,ICN,Dep 03:06,,departure,
LD 204_2026-06-05,LD 204,AHK,2026-06-05,03:15,KIX,Dep 03:20,,departure,
LD 128_2026-06-05,LD 128,AHK,2026-06-05,03:20,ICN,Dep 03:24,,departure,
BR 6538_2026-06-05,BR 6538,EVA,2026-06-05,03:20,TPE,Dep 03:27,,departure,
LD 208_2026-06-05,LD 208,AHK,2026-06-05,03:25,NRT,Dep 03:34,,departure,
LD 327_2026-06-05,LD 327,AHK,2026-06-05,03:25,SIN,Dep 03:26,,departure,
LD 768_2026-06-05,LD 768,AHK,2026-06-05,03:25,PEK,Dep 03:40,,departure,
LD 216_2026-06-05,LD 216,AHK,2026-06-05,03:30,NGO,Dep 03:54,,departure,
8K 526_2026-06-05,8K 526,KMI,2026-06-05,03:30,BKK,Dep 04:04,,departure,
LD 457_2026-06-05,LD 457,AHK,2026-06-05,03:35,"MNL, CEB",Dep 03:37,,departure,
LD 782_2026-06-05,LD 782,AHK,2026-06-05,03:40,PVG,Dep 03:43,,departure,
LD 831_2026-06-05,LD 831,AHK,2026-06-05,03:40,BKK,Dep 03:44,,departure,
LD 561_2026-06-05,LD 561,AHK,2026-06-05,03:45,SGN,Dep 03:48,,departure,
TH 3508_2026-06-05,TH 3508,RMY,2026-06-05,03:45,KUL,Dep 03:51,,departure,
NH 8512_2026-06-05,NH 8512,ANA,2026-06-05,03:50,NRT,Dep 04:10,,departure,
3S 500_2026-06-05,3S 500,BOX,2026-06-05,04:00,LAX,Dep 04:28,,departure,
3Y 6011_2026-06-05,3Y 6011,MYU,2026-06-05,04:00,CGK,Dep 04:19,,departure,
EK 9037_2026-06-05,EK 9037,UAE,2026-06-05,04:00,DWC,Cancelled,,departure,
LD 720_2026-06-05,LD 720,AHK,2026-06-05,04:05,CTU,Dep 04:03,,departure,
CX 072_2026-06-05,CX 072,CPA,2026-06-05,04:10,"ANC, JFK, MIA",Dep 15:32,,departure,
QR 8407_2026-06-05,QR 8407,QTR,2026-06-05,04:10,DOH,Dep 04:21,,departure,
TH 3091_2026-06-05,TH 3091,RMY,2026-06-05,04:15,PEN,Dep 04:27,,departure,
LD 680_2026-06-05,LD 680,AHK,2026-06-05,04:20,TPE,Dep 04:16,,departure,
QY 671_2026-06-05,QY 671,BCS,2026-06-05,04:40,"ALA, LEJ",Dep 04:40,,departure,
ET 3769_2026-06-05,ET 3769,ETH,2026-06-05,05:00,"EMA, IST",Cancelled,,departure,
5Y 8232_2026-06-05,5Y 8232,GTI,2026-06-05,05:30,"ANC, MIA",Dep 05:42,,departure,
QR 8415_2026-06-05,QR 8415,QTR,2026-06-05,05:30,DOH,Dep 05:18,,departure,
3S 713_2026-06-05,3S 713,BOX,2026-06-05,05:35,"DXB, LEJ",Dep 06:09,,departure,
3S 735_2026-06-05,3S 735,BOX,2026-06-05,05:40,"BLR, LEJ",Dep 05:51,,departure,
ES 728_2026-06-05,ES 728,DHX,2026-06-05,05:40,BAH,Dep 05:50,,departure,
3S 707_2026-06-05,3S 707,BOX,2026-06-05,05:45,"BAH, LEJ",Dep 05:58,,departure,
FX 5217_2026-06-05,FX 5217,FDX,2026-06-05,06:05,"IST, MEM",Dep 05:54,,departure,
RH 9493_2026-06-05,RH 9493,HKC,2026-06-05,06:20,"ALA, IST",Dep 06:08,,departure,
D0 591_2026-06-05,D0 591,DHK,2026-06-05,06:40,"DEL, EMA",Dep 19:20,,departure,
CX 2058_2026-06-05,CX 2058,CPA,2026-06-05,06:45,PVG,Dep 07:05,,departure,
ET 3035_2026-06-05,ET 3035,ETH,2026-06-05,06:55,ADD,Cancelled,,departure,
QR 8409_2026-06-05,QR 8409,QTR,2026-06-05,06:55,DOH,Dep 06:38,,departure,
K4 243_2026-06-05,K4 243,CKS,2026-06-05,07:00,"ANC, MIA",Dep 06:55,,departure,
RH 331_2026-06-05,RH 331,HKC,2026-06-05,07:00,BKK,Dep 10:32,,departure,
3S 711_2026-06-05,3S 711,BOX,2026-06-05,07:00,LEJ,Dep 14:56,,departure,
QR 8411_2026-06-05,QR 8411,QTR,2026-06-05,07:00,DOH,Dep 06:46,,departure,
CT 112_2026-06-05,CT 112,AAE,2026-06-05,07:00,KGF,Dep 07:01 (06/06/2026),,departure,
5Y 5528_2026-06-05,5Y 5528,GTI,2026-06-05,07:00,ICN,Cancelled,,departure,
CC 3571_2026-06-05,CC 3571,ABD,2026-06-05,07:00,"CMB, JNB",Dep 18:39,,departure,
CX 037_2026-06-05,CX 037,CPA,2026-06-05,07:05,"BLR, LHR",Dep 07:13,,departure,
K4 272_2026-06-05,K4 272,CKS,2026-06-05,07:15,"ALA, LGG",Dep 07:36,,departure,
5C 850_2026-06-05,5C 850,ICL,2026-06-05,07:15,"DWC, TLV",Dep 08:13,,departure,
CI 6842_2026-06-05,CI 6842,CAL,2026-06-05,07:35,TPE,Dep 08:42,,departure,
O3 152_2026-06-05,O3 152,CSS,2026-06-05,07:55,EHU,Dep 08:15,,departure,
K4 209_2026-06-05,K4 209,CKS,2026-06-05,08:15,"ANC, CVG",Dep 19:09,,departure,
RH 371_2026-06-05,RH 371,HKC,2026-06-05,08:40,SIN,Dep 08:34,,departure,
HE 985_2026-06-05,HE 985,HGO,2026-06-05,08:55,SHJ,Cancelled,,departure,
QY 675_2026-06-05,QY 675,BCS,2026-06-05,09:45,ALA,Dep 09:45,,departure,
EK 9791_2026-06-05,EK 9791,UAE,2026-06-05,09:45,DWC,Dep 10:53,,departure,
O3 268_2026-06-05,O3 268,CSS,2026-06-05,09:55,NGB,Dep 09:33,,departure,
QY 517_2026-06-05,QY 517,BCS,2026-06-05,10:00,"ALA, LEJ",Dep 12:43,,departure,
QY 539_2026-06-05,QY 539,BCS,2026-06-05,10:00,"ALA, LEJ",Cancelled,,departure,
CX 2073_2026-06-05,CX 2073,CPA,2026-06-05,10:05,SIN,Dep 10:18,,departure,
CV 7955_2026-06-05,CV 7955,CLX,2026-06-05,10:15,"NQZ, LUX",Dep 13:12,,departure,
QR 8435_2026-06-05,QR 8435,QTR,2026-06-05,10:15,DOH,Dep 11:52,,departure,
2U 8051_2026-06-05,2U 8051,FKH,2026-06-05,10:40,NQZ,Dep 11:02,,departure,
3S 547_2026-06-05,3S 547,BOX,2026-06-05,10:50,"BRU, LEJ",Dep 11:12,,departure,
EK 9025_2026-06-05,EK 9025,UAE,2026-06-05,10:55,DWC,Cancelled,,departure,
5X 003_2026-06-05,5X 003,UPS,2026-06-05,11:25,"CGN, PHL",Dep 12:06,,departure,
CX 3408_2026-06-05,CX 3408,CPA,2026-06-05,11:35,"ANC, ORD, DFW",Dep 16:01,,departure,
CV 272_2026-06-05,CV 272,CLX,2026-06-05,11:40,"ANC, ORD",Dep 12:40,,departure,
EY 932_2026-06-05,EY 932,ETD,2026-06-05,11:55,AUH,Dep 13:33,,departure,
T8 4704_2026-06-05,T8 4704,TVR,2026-06-05,12:00,DMM,Dep 12:11,,departure,
QR 8405_2026-06-05,QR 8405,QTR,2026-06-05,12:05,DOH,Dep 12:10,,departure,
3V 400_2026-06-05,3V 400,TAY,2026-06-05,12:25,"ALA, LGG",Dep 13:38,,departure,
MP 9442_2026-06-05,MP 9442,MPH,2026-06-05,12:30,"ALA, AMS",Dep 12:58,,departure,
SR 813_2026-06-05,SR 813,XKY,2026-06-05,13:00,CRK,Dep 12:52,,departure,
KJ 970_2026-06-05,KJ 970,AIH,2026-06-05,13:30,ICN,Dep 13:49,,departure,
SE 1105_2026-06-05,SE 1105,SVI,2026-06-05,14:00,"CCU, RKT, CAI, MST",Delayed,,departure,
TK 6259_2026-06-05,TK 6259,THY,2026-06-05,14:20,IST,Dep 14:30,,departure,
5X 067_2026-06-05,5X 067,UPS,2026-06-05,14:20,"ANC, SDF",Dep 14:22,,departure,
CX 039_2026-06-05,CX 039,CPA,2026-06-05,14:45,BOM,Dep 14:53,,departure,
EK 9853_2026-06-05,EK 9853,UAE,2026-06-05,14:45,DWC,Dep 15:03,,departure,
WW 862_2026-06-05,WW 862,KXP,2026-06-05,15:20,KUL,Cancelled,,departure,
EK 9239_2026-06-05,EK 9239,UAE,2026-06-05,15:35,DWC,Cancelled,,departure,
EK 9843_2026-06-05,EK 9843,UAE,2026-06-05,15:35,DWC,Cancelled,,departure,
KE 8314_2026-06-05,KE 8314,KAL,2026-06-05,15:50,ICN,Dep 15:32,,departure,
5Y 612_2026-06-05,5Y 612,GTI,2026-06-05,15:55,"ANC, HSV, MIA",Dep 18:28,,departure,
RH 317_2026-06-05,RH 317,HKC,2026-06-05,15:55,HAN,Dep 19:37,,departure,
5X 061_2026-06-05,5X 061,UPS,2026-06-05,16:05,"TPE, ANC, SDF",Dep 16:35,,departure,
P9 881_2026-06-05,P9 881,MGE,2026-06-05,16:10,GUM,Dep 18:23,,departure,
TK 6321_2026-06-05,TK 6321,THY,2026-06-05,16:25,IST,Dep 16:23,,departure,
5X 169_2026-06-05,5X 169,UPS,2026-06-05,16:25,"SIN, SDF",Dep 16:22,,departure,
3S 519_2026-06-05,3S 519,BOX,2026-06-05,16:45,LEJ,Dep 16:51,,departure,
EK 9283_2026-06-05,EK 9283,UAE,2026-06-05,16:50,DWC,Cancelled,,departure,
CX 2049_2026-06-05,CX 2049,CPA,2026-06-05,16:55,HAN,Dep 17:13,,departure,
TH 641_2026-06-05,TH 641,RMY,2026-06-05,17:00,KUL,Dep 17:05,,departure,
5Y 648_2026-06-05,5Y 648,GTI,2026-06-05,17:20,"ANC, ORD",Dep 17:15,,departure,
5Y 8139_2026-06-05,5Y 8139,GTI,2026-06-05,17:55,"DEL, ANC",Dep 11:15 (06/06/2026),,departure,
CX 2026_2026-06-05,CX 2026,CPA,2026-06-05,18:05,TPE,Dep 18:07,,departure,
7L 247_2026-06-05,7L 247,AZG,2026-06-05,18:10,GYD,Cancelled,,departure,
RH 9457_2026-06-05,RH 9457,HKC,2026-06-05,18:10,DEL,Dep 18:24,,departure,
QR 8475_2026-06-05,QR 8475,QTR,2026-06-05,18:15,DOH,Dep 20:00,,departure,
5Y 8523_2026-06-05,5Y 8523,GTI,2026-06-05,18:30,"ANC, ORD",Dep 20:59,,departure,
7L 572_2026-06-05,7L 572,AZG,2026-06-05,18:35,GYD,Cancelled,,departure,
EK 9881_2026-06-05,EK 9881,UAE,2026-06-05,18:35,DWC,Cancelled,,departure,
SQ 7859_2026-06-05,SQ 7859,SIA,2026-06-05,18:55,SIN,Dep 18:41,,departure,
CI 6844_2026-06-05,CI 6844,CAL,2026-06-05,19:20,TPE,Dep 21:22,,departure,
5X 063_2026-06-05,5X 063,UPS,2026-06-05,19:25,"ANC, SDF",Dep 20:00,,departure,
TH 6825_2026-06-05,TH 6825,RMY,2026-06-05,19:30,KUL,Dep 19:41,,departure,
AK 8542_2026-06-05,AK 8542,AXM,2026-06-05,19:45,KUL,Cancelled,,departure,
SV 977_2026-06-05,SV 977,SVA,2026-06-05,19:45,JED,Cancelled,,departure,
5X 059_2026-06-05,5X 059,UPS,2026-06-05,19:45,"ANC, ONT",Dep 19:32,,departure,
FX 5991_2026-06-05,FX 5991,FDX,2026-06-05,19:50,"KIX, MEM",Dep 19:52,,departure,
Y9 2564_2026-06-05,Y9 2564,SGA,2026-06-05,20:00,"DAC, DWC",Dep 16:33 (07/06/2026),,departure,
SQ 7354_2026-06-05,SQ 7354,SIA,2026-06-05,20:05,"MAA, BRU",Dep 19:54,,departure,
F5 6505_2026-06-05,F5 6505,ATG,2026-06-05,20:30,SHJ,Cancelled,,departure,
K4 704_2026-06-05,K4 704,CKS,2026-06-05,20:45,"ALA, TLV",Dep 21:44,,departure,
CX 3147_2026-06-05,CX 3147,CPA,2026-06-05,21:00,HAN,Dep 21:32,,departure,
CX 090_2026-06-05,CX 090,CPA,2026-06-05,21:05,"ANC, LAX, DFW",Dep 23:47,,departure,
RH 351_2026-06-05,RH 351,HKC,2026-06-05,21:20,MNL,Dep 22:34,,departure,
EY 934_2026-06-05,EY 934,ETD,2026-06-05,21:25,AUH,Dep 21:45,,departure,
EK 9011_2026-06-05,EK 9011,UAE,2026-06-05,21:25,DWC,Cancelled,,departure,
EK 9847_2026-06-05,EK 9847,UAE,2026-06-05,21:35,DWC,Dep 21:59,,departure,
MH 6113_2026-06-05,MH 6113,MAS,2026-06-05,21:50,KUL,Dep 22:13,,departure,
AK 8535_2026-06-05,AK 8535,AXM,2026-06-05,21:55,KUL,Dep 21:48,,departure,
CV 293_2026-06-05,CV 293,CLX,2026-06-05,22:15,"ANC, NLU",Dep 22:28,,departure,
HJ 022_2026-06-05,HJ 022,TMN,2026-06-05,22:35,SYD,Dep 22:43,,departure,
C6 7632_2026-06-05,C6 7632,MFX,2026-06-05,23:00,TAS,Cancelled,,departure,
QF 7526_2026-06-05,QF 7526,QFA,2026-06-05,23:10,SYD,Dep 00:42 (06/06/2026),,departure,
CX 3272_2026-06-06,CX 3272,CPA,2026-06-06,00:05,"ANC, MIA, ATL",Dep 09:30,,departure,
RH 4568_2026-06-06,RH 4568,HKC,2026-06-06,00:15,TPE,Dep 03:10,,departure,
3G 801_2026-06-06,3G 801,WCM,2026-06-06,00:30,KUL,Cancelled,,departure,
QR 8429_2026-06-06,QR 8429,QTR,2026-06-06,00:30,DOH,Dep 00:58,,departure,
CX 006_2026-06-06,CX 006,CPA,2026-06-06,00:50,NRT,Dep 02:17,,departure,
MS 510_2026-06-06,MS 510,MSR,2026-06-06,01:00,BKK,Dep 01:38,,departure,
CX 086_2026-06-06,CX 086,CPA,2026-06-06,01:30,"ANC, NLU",Dep 05:37,,departure,
BR 6090_2026-06-06,BR 6090,EVA,2026-06-06,01:30,TPE,Dep 01:27,,departure,
JL 6782_2026-06-06,JL 6782,JAL,2026-06-06,02:20,NRT,Dep 03:05,,departure,
KJ 972_2026-06-06,KJ 972,AIH,2026-06-06,02:20,ICN,Dep 02:57,,departure,
KZ 202_2026-06-06,KZ 202,NCA,2026-06-06,02:25,NRT,Dep 02:44,,departure,
NH 8512_2026-06-06,NH 8512,ANA,2026-06-06,02:25,NRT,Dep 02:50,,departure,
SV 983_2026-06-06,SV 983,SVA,2026-06-06,02:25,RUH,Cancelled,,departure,
CX 056_2026-06-06,CX 056,CPA,2026-06-06,02:40,PVG,Dep 02:50,,departure,
ET 3219_2026-06-06,ET 3219,ETH,2026-06-06,02:40,ADD,Dep 17:28 (07/06/2026),,departure,
CI 5836_2026-06-06,CI 5836,CAL,2026-06-06,03:00,TPE,Dep 03:00,,departure,
KE 314_2026-06-06,KE 314,KAL,2026-06-06,03:10,ICN,Dep 03:14,,departure,
BR 6536_2026-06-06,BR 6536,EVA,2026-06-06,03:20,TPE,Dep 03:50,,departure,
LD 457_2026-06-06,LD 457,AHK,2026-06-06,03:35,"MNL, CEB",Dep 03:34,,departure,
QR 8421_2026-06-06,QR 8421,QTR,2026-06-06,03:35,DOH,Dep 03:29,,departure,
8K 526_2026-06-06,8K 526,KMI,2026-06-06,03:40,BKK,Dep 03:47,,departure,
LD 591_2026-06-06,LD 591,AHK,2026-06-06,03:45,PEN,Dep 03:50,,departure,
LD 128_2026-06-06,LD 128,AHK,2026-06-06,03:50,ICN,Dep 04:09,,departure,
LD 208_2026-06-06,LD 208,AHK,2026-06-06,03:55,NRT,Dep 03:57,,departure,
QR 8437_2026-06-06,QR 8437,QTR,2026-06-06,03:55,DOH,Dep 04:02,,departure,
CX 050_2026-06-06,CX 050,CPA,2026-06-06,04:00,CGO,Dep 05:24,,departure,
LD 831_2026-06-06,LD 831,AHK,2026-06-06,04:05,BKK,Dep 04:06,,departure,
SQ 7412_2026-06-06,SQ 7412,SIA,2026-06-06,04:05,"NGO, CVG",Dep 03:57,,departure,
TC 503_2026-06-06,TC 503,ATC,2026-06-06,04:10,MCT,Cancelled,,departure,
LD 782_2026-06-06,LD 782,AHK,2026-06-06,04:15,PVG,Dep 04:19,,departure,
LD 317_2026-06-06,LD 317,AHK,2026-06-06,04:35,SIN,Dep 04:31,,departure,
CV 352_2026-06-06,CV 352,CLX,2026-06-06,04:40,"GYD, BUD, LUX",Dep 06:04,,departure,
LD 680_2026-06-06,LD 680,AHK,2026-06-06,04:45,TPE,Dep 04:43,,departure,
CX 061_2026-06-06,CX 061,CPA,2026-06-06,05:00,"BLR, FRA",Dep 05:14,,departure,
3S 715_2026-06-06,3S 715,BOX,2026-06-06,05:35,"DXB, LEJ",Dep 06:14,,departure,
EK 9831_2026-06-06,EK 9831,UAE,2026-06-06,05:35,DWC,Dep 05:35,,departure,
3S 733_2026-06-06,3S 733,BOX,2026-06-06,05:40,"BLR, EMA, LEJ",Dep 06:04,,departure,
ES 720_2026-06-06,ES 720,DHX,2026-06-06,05:40,BAH,Dep 05:41,,departure,
3S 545_2026-06-06,3S 545,BOX,2026-06-06,05:55,"BRU, FRA",Dep 06:39,,departure,
FX 021_2026-06-06,FX 021,FDX,2026-06-06,06:05,"IST, CDG, MXP, MEM",Dep 06:06,,departure,
3S 709_2026-06-06,3S 709,BOX,2026-06-06,06:50,"BAH, LEJ",Dep 07:56,,departure,
K4 253_2026-06-06,K4 253,CKS,2026-06-06,06:55,"ANC, CVG",Dep 07:10,,departure,
HE 775_2026-06-06,HE 775,HGO,2026-06-06,06:55,"CIT, EMA",Cancelled,,departure,
3S 711_2026-06-06,3S 711,BOX,2026-06-06,06:55,LEJ,Dep 07:34,,departure,
K4 241_2026-06-06,K4 241,CKS,2026-06-06,07:00,"ANC, MIA, CVG",Dep 07:28,,departure,
RH 331_2026-06-06,RH 331,HKC,2026-06-06,07:00,BKK,Dep 14:31,,departure,
CK 264_2026-06-06,CK 264,CKK,2026-06-06,07:00,CKG,Dep 07:30,,departure,
7L 148_2026-06-06,7L 148,AZG,2026-06-06,07:00,GYD,Dep 10:54,,departure,
CC 4800_2026-06-06,CC 4800,ABD,2026-06-06,07:00,CMB,Cancelled,,departure,
CT 126_2026-06-06,CT 126,AAE,2026-06-06,07:00,"KGF, OTP",Dep 07:09,,departure,
F5 6505_2026-06-06,F5 6505,ATG,2026-06-06,07:00,SHJ,Dep 17:57,,departure,
CC 3575_2026-06-06,CC 3575,ABD,2026-06-06,07:00,"CMB, JNB",Dep 07:14,,departure,
ET 3601_2026-06-06,ET 3601,ETH,2026-06-06,07:10,ADD,Cancelled,,departure,
K4 291_2026-06-06,K4 291,CKS,2026-06-06,07:15,"ANC, ORD, CVG",Dep 07:28,,departure,
SR 815_2026-06-06,SR 815,XKY,2026-06-06,07:15,CRK,Dep 07:48,,departure,
HJ 026_2026-06-06,HJ 026,TMN,2026-06-06,07:20,SYD,Dep 07:41,,departure,
CX 3073_2026-06-06,CX 3073,CPA,2026-06-06,08:20,PEN,Dep 08:11,,departure,
T8 4717_2026-06-06,T8 4717,TVR,2026-06-06,08:30,SYD,Dep 09:10,,departure,
RH 371_2026-06-06,RH 371,HKC,2026-06-06,08:40,SIN,Dep 10:58,,departure,
HE 987_2026-06-06,HE 987,HGO,2026-06-06,08:55,RUH,Dep 09:06,,departure,
KJ 952_2026-06-06,KJ 952,AIH,2026-06-06,09:20,ICN,Dep 09:10,,departure,
MB 578_2026-06-06,MB 578,MNB,2026-06-06,09:30,"SHJ, IST",Cancelled,,departure,
TK 6235_2026-06-06,TK 6235,THY,2026-06-06,09:45,IST,Dep 10:13,,departure,
CV 251_2026-06-06,CV 251,CLX,2026-06-06,09:55,"ANC, ORD, DFW, LUX",Dep 12:42,,departure,
O3 268_2026-06-06,O3 268,CSS,2026-06-06,09:55,NGB,Dep 10:13,,departure,
RH 6651_2026-06-06,RH 6651,HKC,2026-06-06,09:55,DAC,Dep 13:01,,departure,
LH 8461_2026-06-06,LH 8461,GEC,2026-06-06,10:25,"IST, FRA",Dep 11:07,,departure,
CV 292_2026-06-06,CV 292,CLX,2026-06-06,10:30,"GYD, LUX",Dep 17:38,,departure,
EK 9833_2026-06-06,EK 9833,UAE,2026-06-06,10:55,DWC,Dep 11:43,,departure,
QR 8403_2026-06-06,QR 8403,QTR,2026-06-06,11:45,DOH,Dep 12:16,,departure,
D0 593_2026-06-06,D0 593,DHK,2026-06-06,11:55,"DEL, EMA",Cancelled,,departure,
T8 4704_2026-06-06,T8 4704,TVR,2026-06-06,12:00,DMM,Dep 12:25,,departure,
RH 9489_2026-06-06,RH 9489,HKC,2026-06-06,12:05,"ALA, IST",Dep 15:47,,departure,
CX 084_2026-06-06,CX 084,CPA,2026-06-06,12:10,"ANC, LAX, PDX",Dep 13:33,,departure,
5Y 8052_2026-06-06,5Y 8052,GTI,2026-06-06,12:30,"ANC, MIA",Dep 16:15,,departure,
CX 049_2026-06-06,CX 049,CPA,2026-06-06,13:15,DAC,Dep 13:42,,departure,
MH 6104_2026-06-06,MH 6104,MAS,2026-06-06,13:20,KUL,Cancelled,,departure,
MH 6105_2026-06-06,MH 6105,MAS,2026-06-06,13:20,KUL,Dep 13:21,,departure,
KJ 968_2026-06-06,KJ 968,AIH,2026-06-06,13:30,ICN,Dep 14:33,,departure,
K4 181_2026-06-06,K4 181,CKS,2026-06-06,13:35,"ICN, ANC, MIA",Dep 14:58,,departure,
5C 850_2026-06-06,5C 850,ICL,2026-06-06,13:35,"DWC, TLV",Dep 18:20,,departure,
5Y 8860_2026-06-06,5Y 8860,GTI,2026-06-06,14:00,"ANC, DFW",Dep 14:15,,departure,
D0 895_2026-06-06,D0 895,DHK,2026-06-06,14:15,BAH,Dep 14:33,,departure,
D0 897_2026-06-06,D0 897,DHK,2026-06-06,14:15,BAH,Cancelled,,departure,
CX 3241_2026-06-06,CX 3241,CPA,2026-06-06,14:30,DEL,Dep 10:06 (07/06/2026),,departure,
WW 862_2026-06-06,WW 862,KXP,2026-06-06,14:45,KUL,Dep 04:02,,departure,
CP 156_2026-06-06,CP 156,LSI,2026-06-06,14:50,"GYD, FCO",Dep 15:10,,departure,
5X 069_2026-06-06,5X 069,UPS,2026-06-06,14:55,"ANC, SDF",Dep 15:10,,departure,
5Y 8735_2026-06-06,5Y 8735,GTI,2026-06-06,15:05,"ANC, MIA",Dep 16:31,,departure,
CX 3032_2026-06-06,CX 3032,CPA,2026-06-06,15:10,ICN,Dep 15:42,,departure,
RH 317_2026-06-06,RH 317,HKC,2026-06-06,15:55,HAN,Dep 06:13 (07/06/2026),,departure,
MP 9452_2026-06-06,MP 9452,MPH,2026-06-06,16:00,"ALA, AMS",Dep 16:09,,departure,
CX 080_2026-06-06,CX 080,CPA,2026-06-06,16:05,"ANC, ORD",Dep 23:32,,departure,
CX 3296_2026-06-06,CX 3296,CPA,2026-06-06,16:30,"ANC, JFK",Dep 17:19,,departure,
D0 897A_2026-06-06,D0 897A,DHK,2026-06-06,16:40,BAH,Dep 18:13,,departure,
EK 9793_2026-06-06,EK 9793,UAE,2026-06-06,16:50,DWC,Dep 17:03,,departure,
QR 8473_2026-06-06,QR 8473,QTR,2026-06-06,17:00,DOH,Dep 18:02,,departure,
2U 8874_2026-06-06,2U 8874,FKH,2026-06-06,17:05,NQZ,Dep 18:06,,departure,
5Y 8137_2026-06-06,5Y 8137,GTI,2026-06-06,17:15,"DEL, ANC",Dep 18:06 (07/06/2026),,departure,
C8 762_2026-06-06,C8 762,ICV,2026-06-06,17:25,"ASB, MXP",Dep 19:47,,departure,
KE 9314_2026-06-06,KE 9314,KAL,2026-06-06,17:30,ICN,Dep 18:29,,departure,
EK 9841_2026-06-06,EK 9841,UAE,2026-06-06,18:00,DWC,Dep 18:38,,departure,
5Y 4356_2026-06-06,5Y 4356,GTI,2026-06-06,18:05,"ALA, LGG",Dep 18:48,,departure,
7L 624_2026-06-06,7L 624,AZG,2026-06-06,18:25,GYD,Cancelled,,departure,
CI 5824_2026-06-06,CI 5824,CAL,2026-06-06,18:50,TPE,Dep 18:47,,departure,
CI 5838_2026-06-06,CI 5838,CAL,2026-06-06,19:20,TPE,Dep 20:02,,departure,
2C 575_2026-06-06,2C 575,CMA,2026-06-06,19:25,"NVI, CDG",Dep 20:10,,departure,
TH 6825_2026-06-06,TH 6825,RMY,2026-06-06,19:30,KUL,Dep 20:33,,departure,
AK 8546_2026-06-06,AK 8546,AXM,2026-06-06,19:45,KUL,Dep 21:12,,departure,
SV 973_2026-06-06,SV 973,SVA,2026-06-06,19:45,RUH,Dep 17:50 (07/06/2026),,departure,
SQ 7867_2026-06-06,SQ 7867,SIA,2026-06-06,19:45,SIN,Dep 22:16,,departure,
CX 067_2026-06-06,CX 067,CPA,2026-06-06,19:55,"MAA, FRA",Dep 20:49,,departure,
TK 6249_2026-06-06,TK 6249,THY,2026-06-06,20:00,"CIT, IST",Dep 20:41,,departure,
3S 631_2026-06-06,3S 631,BOX,2026-06-06,20:25,"DWC, FRA",Dep 20:25,,departure,
7L 1572_2026-06-06,7L 1572,AZG,2026-06-06,20:30,GYD,Dep 23:58,,departure,
FX 5012_2026-06-06,FX 5012,FDX,2026-06-06,20:45,"ANC, MEM",Dep 21:19,,departure,
HE 1710_2026-06-06,HE 1710,HGO,2026-06-06,21:00,GYD,Dep 22:50,,departure,
5X 059_2026-06-06,5X 059,UPS,2026-06-06,21:00,"ANC, ONT",Dep 21:19,,departure,
CV 309_2026-06-06,CV 309,CLX,2026-06-06,21:10,"GYD, LUX",Dep 23:07,,departure,
RH 351_2026-06-06,RH 351,HKC,2026-06-06,21:20,MNL,Dep 22:30,,departure,
QR 8441_2026-06-06,QR 8441,QTR,2026-06-06,21:30,DOH,Dep 21:55,,departure,
7L 648_2026-06-06,7L 648,AZG,2026-06-06,21:55,GYD,Cancelled,,departure,
CX 3262_2026-06-06,CX 3262,CPA,2026-06-06,22:00,CKG,Dep 04:09 (07/06/2026),,departure,
CV 244_2026-06-06,CV 244,CLX,2026-06-06,22:15,"ANC, LAX, LUX",Dep 01:23 (07/06/2026),,departure,
EY 938_2026-06-06,EY 938,ETD,2026-06-06,22:45,AUH,Dep 23:19,,departure,
C6 7632_2026-06-06,C6 7632,MFX,2026-06-06,23:00,TAS,Cancelled,,departure,
CX 3238_2026-06-06,CX 3238,CPA,2026-06-06,23:10,XMN,Dep 00:30 (07/06/2026),,departure,
BR 6820_2026-06-06,BR 6820,EVA,2026-06-06,23:15,TPE,Dep 23:30,,departure,
5X 061_2026-06-06,5X 061,UPS,2026-06-06,23:30,"TPE, ANC, SDF",Dep 23:26,,departure,
RH 4568_2026-06-07,RH 4568,HKC,2026-06-07,00:15,TPE,Dep 02:00,,departure,
RH 829_2026-06-07,RH 829,HKC,2026-06-07,00:15,PVG,Dep 01:24,,departure,
ET 3785_2026-06-07,ET 3785,ETH,2026-06-07,00:15,"MCT, MAD, ADD",Dep 06:20,,departure,
CV 597_2026-06-07,CV 597,CLX,2026-06-07,00:35,"GYD, LUX",Dep 03:25,,departure,
CX 006_2026-06-07,CX 006,CPA,2026-06-07,00:50,NRT,Dep 01:08,,departure,
MS 510_2026-06-07,MS 510,MSR,2026-06-07,01:00,"BKK, CAI",Dep 01:08,,departure,
CX 096_2026-06-07,CX 096,CPA,2026-06-07,01:30,"ANC, NLU",Dep 13:53,,departure,
SV 987_2026-06-07,SV 987,SVA,2026-06-07,01:40,RUH,Dep 02:17,,departure,
JL 6782_2026-06-07,JL 6782,JAL,2026-06-07,02:20,NRT,Dep 02:20,,departure,
QR 8465_2026-06-07,QR 8465,QTR,2026-06-07,02:20,DOH,Dep 02:30,,departure,
KZ 202_2026-06-07,KZ 202,NCA,2026-06-07,02:25,NRT,Dep 03:15,,departure,
5X 063_2026-06-07,5X 063,UPS,2026-06-07,02:35,"ANC, SDF",Dep 23:11,,departure,
QR 8419_2026-06-07,QR 8419,QTR,2026-06-07,02:40,DOH,Dep 04:26,,departure,
CP 144_2026-06-07,CP 144,LSI,2026-06-07,02:45,MXP,Dep 02:41,,departure,
CI 5826_2026-06-07,CI 5826,CAL,2026-06-07,03:00,TPE,Dep 02:09,,departure,
KE 314_2026-06-07,KE 314,KAL,2026-06-07,03:10,ICN,Dep 03:07,,departure,
LD 457_2026-06-07,LD 457,AHK,2026-06-07,03:35,"MNL, CEB",Dep 03:39,,departure,
LD 768_2026-06-07,LD 768,AHK,2026-06-07,03:35,PEK,Dep 03:33,,departure,
QR 8437_2026-06-07,QR 8437,QTR,2026-06-07,03:35,DOH,Cancelled,,departure,
LD 831_2026-06-07,LD 831,AHK,2026-06-07,03:40,BKK,Dep 03:53,,departure,
8K 526_2026-06-07,8K 526,KMI,2026-06-07,03:40,BKK,Dep 03:53,,departure,
ET 3769_2026-06-07,ET 3769,ETH,2026-06-07,03:50,"EMA, OSL",Cancelled,,departure,
LD 216_2026-06-07,LD 216,AHK,2026-06-07,03:55,NGO,Dep 03:55,,departure,
LD 327_2026-06-07,LD 327,AHK,2026-06-07,03:55,SIN,Dep 03:57,,departure,
LD 204_2026-06-07,LD 204,AHK,2026-06-07,04:00,KIX,Dep 04:07,,departure,
QR 8407_2026-06-07,QR 8407,QTR,2026-06-07,04:00,DOH,Dep 04:15,,departure,
LD 208_2026-06-07,LD 208,AHK,2026-06-07,04:05,NRT,Dep 04:18,,departure,
LD 720_2026-06-07,LD 720,AHK,2026-06-07,04:05,CTU,Dep 04:09,,departure,
QR 8421_2026-06-07,QR 8421,QTR,2026-06-07,04:05,DOH,Cancelled,,departure,
LD 782_2026-06-07,LD 782,AHK,2026-06-07,04:15,PVG,Dep 04:24,,departure,
TH 3091_2026-06-07,TH 3091,RMY,2026-06-07,04:15,PEN,Dep 04:30,,departure,
LD 128_2026-06-07,LD 128,AHK,2026-06-07,04:50,ICN,Dep 06:04,,departure,
MH 6013_2026-06-07,MH 6013,MAS,2026-06-07,04:55,KUL,Dep 04:52,,departure,
LD 561_2026-06-07,LD 561,AHK,2026-06-07,05:00,"SGN, PEN",Dep 05:09,,departure,
ES 736_2026-06-07,ES 736,DHX,2026-06-07,05:00,"BLR, BAH",Dep 05:21,,departure,
TH 3508_2026-06-07,TH 3508,RMY,2026-06-07,05:00,KUL,Dep 05:02,,departure,
3S 713_2026-06-07,3S 713,BOX,2026-06-07,05:35,"DXB, LEJ",Dep 06:52,,departure,
Y9 2568_2026-06-07,Y9 2568,SGA,2026-06-07,05:40,"DEL, ISU",Cancelled,,departure,
QR 8453_2026-06-07,QR 8453,QTR,2026-06-07,05:45,DOH,Dep 05:34,,departure,
3S 728_2026-06-07,3S 728,BOX,2026-06-07,06:00,LAX,Dep 06:15,,departure,
CX 007_2026-06-07,CX 007,CPA,2026-06-07,06:05,"BOM, LHR",Dep 06:02,,departure,
QR 8431_2026-06-07,QR 8431,QTR,2026-06-07,06:10,DOH,Dep 05:53,,departure,
MB 580_2026-06-07,MB 580,MNB,2026-06-07,06:30,"NVI, IST",Dep 06:45,,departure,
QY 651_2026-06-07,QY 651,BCS,2026-06-07,06:30,"BAH, LEJ",Cancelled,,departure,
QY 657_2026-06-07,QY 657,BCS,2026-06-07,06:30,"BAH, LEJ",Dep 08:42,,departure,
MB 578_2026-06-07,MB 578,MNB,2026-06-07,06:40,"NVI, IST",Cancelled,,departure,
CX 072_2026-06-07,CX 072,CPA,2026-06-07,06:40,"ANC, MIA, IAH",Dep 17:39,,departure,
K4 255_2026-06-07,K4 255,CKS,2026-06-07,06:55,"ANC, JFK, CVG",Dep 07:02,,departure,
K4 235_2026-06-07,K4 235,CKS,2026-06-07,07:00,"ANC, MIA, CVG",Dep 07:08,,departure,
RH 331_2026-06-07,RH 331,HKC,2026-06-07,07:00,BKK,Dep 09:14,,departure,
5X 003_2026-06-07,5X 003,UPS,2026-06-07,07:00,"CGN, PHL",Dep 06:53,,departure,
QY 517_2026-06-07,QY 517,BCS,2026-06-07,07:00,"ALA, LEJ",Dep 10:44,,departure,
CT 114_2026-06-07,CT 114,AAE,2026-06-07,07:00,KGF,Dep 17:59,,departure,
K4 531_2026-06-07,K4 531,CKS,2026-06-07,07:05,"ICN, ANC, ORD",Dep 10:52,,departure,
CK 264_2026-06-07,CK 264,CKK,2026-06-07,07:10,CKG,Dep 07:06,,departure,
CI 5834_2026-06-07,CI 5834,CAL,2026-06-07,07:20,TPE,Dep 10:53,,departure,
CV 708_2026-06-07,CV 708,CLX,2026-06-07,07:20,"GYD, BUD, LUX",Dep 10:18,,departure,
EK 9215_2026-06-07,EK 9215,UAE,2026-06-07,07:25,"ALA, BUD",Dep 07:03,,departure,
HJ 024_2026-06-07,HJ 024,TMN,2026-06-07,07:25,SYD,Dep 08:19,,departure,
3S 721_2026-06-07,3S 721,BOX,2026-06-07,07:35,"DEL, LEJ",Dep 07:31,,departure,
QY 675_2026-06-07,QY 675,BCS,2026-06-07,07:35,ALA,Dep 07:39,,departure,
K4 223_2026-06-07,K4 223,CKS,2026-06-07,07:40,ANC,Dep 06:11,,departure,
3S 547_2026-06-07,3S 547,BOX,2026-06-07,08:05,"BRU, LEJ",Dep 08:16,,departure,
K4 201_2026-06-07,K4 201,CKS,2026-06-07,08:15,"ANC, CVG",Dep 17:50,,departure,
ES 696_2026-06-07,ES 696,DHX,2026-06-07,08:25,BAH,Dep 09:29,,departure,
RH 371_2026-06-07,RH 371,HKC,2026-06-07,08:40,SIN,Dep 15:46,,departure,
QR 8417_2026-06-07,QR 8417,QTR,2026-06-07,08:45,DOH,Cancelled,,departure,
K4 273_2026-06-07,K4 273,CKS,2026-06-07,08:55,"ANC, CVG",Dep 09:04,,departure,
3S 507_2026-06-07,3S 507,BOX,2026-06-07,08:55,LEJ,Dep 07:04,,departure,
FX 018_2026-06-07,FX 018,FDX,2026-06-07,09:15,"SIN, ANC, MEM",Dep 09:36,,departure,
HE 989_2026-06-07,HE 989,HGO,2026-06-07,09:20,RUH,Dep 09:35,,departure,
KJ 954_2026-06-07,KJ 954,AIH,2026-06-07,09:20,ICN,Dep 09:17,,departure,
F5 7607_2026-06-07,F5 7607,ATG,2026-06-07,09:20,DWC,Cancelled,,departure,
EK 9861_2026-06-07,EK 9861,UAE,2026-06-07,09:20,DWC,Dep 09:21,,departure,
K4 702_2026-06-07,K4 702,CKS,2026-06-07,09:30,"ALA, TLV",Dep 09:38,,departure,
3S 509_2026-06-07,3S 509,BOX,2026-06-07,09:30,LEJ,Dep 10:29,,departure,
D0 511_2026-06-07,D0 511,DHK,2026-06-07,09:30,"LEJ, EMA",Cancelled,,departure,
HJ 032_2026-06-07,HJ 032,TMN,2026-06-07,09:35,MEL,Dep 07:24 (08/06/2026),,departure,
QR 8433_2026-06-07,QR 8433,QTR,2026-06-07,09:45,DOH,Dep 09:52,,departure,
CX 3249_2026-06-07,CX 3249,CPA,2026-06-07,09:50,CGK,Dep 10:04,,departure,
RH 962_2026-06-07,RH 962,HKC,2026-06-07,09:55,KIX,Dep 10:43,,departure,
5Y 648_2026-06-07,5Y 648,GTI,2026-06-07,10:00,"ANC, LAX",Dep 11:07,,departure,
LH 8463_2026-06-07,LH 8463,GEC,2026-06-07,10:15,"IST, FRA",Dep 10:36,,departure,
CX 079_2026-06-07,CX 079,CPA,2026-06-07,10:40,SIN,Dep 13:50,,departure,
Z7 322_2026-06-07,Z7 322,CMS,2026-06-07,11:00,"ALA, TBS",Cancelled,,departure,
MB 503_2026-06-07,MB 503,MNB,2026-06-07,11:10,SHJ,Dep 11:03,,departure,
MP 9462_2026-06-07,MP 9462,MPH,2026-06-07,11:15,"ALA, AMS",Dep 11:08,,departure,
3V 400A_2026-06-07,3V 400A,TAY,2026-06-07,11:25,"ALA, LGG",Dep 07:43 (09/06/2026),,departure,
SE 1105_2026-06-07,SE 1105,SVI,2026-06-07,11:45,"CCU, RKT, CAI, WAW",Cancelled,,departure,
CX 3194_2026-06-07,CX 3194,CPA,2026-06-07,11:55,"ANC, JFK",Dep 18:02,,departure,
T8 4704_2026-06-07,T8 4704,TVR,2026-06-07,12:00,SHJ,Dep 16:27,,departure,
3S 519_2026-06-07,3S 519,BOX,2026-06-07,12:05,LEJ,Dep 12:04,,departure,
EK 9839_2026-06-07,EK 9839,UAE,2026-06-07,12:15,DWC,Dep 11:50,,departure,
T8 4702_2026-06-07,T8 4702,TVR,2026-06-07,12:30,DMM,Dep 12:11,,departure,
CT 128_2026-06-07,CT 128,AAE,2026-06-07,12:55,KGF,Dep 13:20,,departure,
TK 6691_2026-06-07,TK 6691,THY,2026-06-07,13:15,"CIT, IST",Dep 12:53,,departure,
KJ 970_2026-06-07,KJ 970,AIH,2026-06-07,13:15,ICN,Dep 13:30,,departure,
5Y 5579_2026-06-07,5Y 5579,GTI,2026-06-07,13:20,ICN,Cancelled,,departure,
EK 9859_2026-06-07,EK 9859,UAE,2026-06-07,13:55,DWC,Dep 13:50,,departure,
3V 952_2026-06-07,3V 952,TAY,2026-06-07,14:00,"ALA, LGG",Dep 20:16,,departure,
CV 942_2026-06-07,CV 942,CLX,2026-06-07,14:00,"GYD, LUX",Dep 20:35,,departure,
CC 4100_2026-06-07,CC 4100,ABD,2026-06-07,14:00,KGF,Cancelled,,departure,
LD 8915_2026-06-07,LD 8915,AHK,2026-06-07,14:45,CGK,Dep 14:57,,departure,
CV 209_2026-06-07,CV 209,CLX,2026-06-07,14:45,"ANC, ORD, LUX",Dep 17:24,,departure,
5Y 8373_2026-06-07,5Y 8373,GTI,2026-06-07,15:00,"ANC, MIA",Cancelled,,departure,
KZ 206_2026-06-07,KZ 206,NCA,2026-06-07,15:30,NRT,Dep 16:46,,departure,
NH 8514_2026-06-07,NH 8514,ANA,2026-06-07,15:40,NRT,Dep 15:58,,departure,
RH 317_2026-06-07,RH 317,HKC,2026-06-07,15:55,HAN,Dep 12:32 (08/06/2026),,departure,
P9 881_2026-06-07,P9 881,MGE,2026-06-07,16:10,GUM,Dep 17:22,,departure,
CV 342_2026-06-07,CV 342,CLX,2026-06-07,16:30,"ANC, MIA, LUX",Dep 16:41,,departure,
K4 527_2026-06-07,K4 527,CKS,2026-06-07,16:30,"ICN, ANC, LAX",Dep 16:45,,departure,
5Y 654_2026-06-07,5Y 654,GTI,2026-06-07,16:50,"ANC, ORD, MIA",Dep 17:15,,departure,
KE 8314_2026-06-07,KE 8314,KAL,2026-06-07,16:55,ICN,Dep 16:45,,departure,
RH 9375_2026-06-07,RH 9375,HKC,2026-06-07,17:00,MAA,Dep 23:10 (08/06/2026),,departure,
3S 517_2026-06-07,3S 517,BOX,2026-06-07,17:10,LEJ,Cancelled,,departure,
7L 923_2026-06-07,7L 923,AZG,2026-06-07,17:20,GYD,Cancelled,,departure,
CC 4030_2026-06-07,CC 4030,ABD,2026-06-07,18:00,CMB,Cancelled,,departure,
FX 9017_2026-06-07,FX 9017,FDX,2026-06-07,18:05,HAN,Dep 19:46,,departure,
QR 8475_2026-06-07,QR 8475,QTR,2026-06-07,18:15,DOH,Cancelled,,departure,
RH 9457_2026-06-07,RH 9457,HKC,2026-06-07,18:20,DEL,Dep 18:38,,departure,
MH 6107_2026-06-07,MH 6107,MAS,2026-06-07,18:20,KUL,Dep 20:17,,departure,
7L 621_2026-06-07,7L 621,AZG,2026-06-07,18:25,GYD,Cancelled,,departure,
AK 8542_2026-06-07,AK 8542,AXM,2026-06-07,18:30,KUL,Dep 19:45,,departure,
CV 226_2026-06-07,CV 226,CLX,2026-06-07,18:35,"ANC, JFK, LUX",Dep 03:58 (08/06/2026),,departure,
SQ 7873_2026-06-07,SQ 7873,SIA,2026-06-07,18:45,SIN,Dep 18:23 (08/06/2026),,departure,
CX 043_2026-06-07,CX 043,CPA,2026-06-07,18:55,MAA,Dep 21:30,,departure,
C6 7634_2026-06-07,C6 7634,MFX,2026-06-07,19:00,"TAS, MST",Dep 05:01 (08/06/2026),,departure,
C8 513_2026-06-07,C8 513,ICV,2026-06-07,19:15,"ASB, MXP",Dep 19:04,,departure,
5Y 8007_2026-06-07,5Y 8007,GTI,2026-06-07,19:55,IST,Cancelled,,departure,
CX 2098_2026-06-07,CX 2098,CPA,2026-06-07,20:05,"ANC, ORD",Dep 01:27 (08/06/2026),,departure,
RH 492_2026-06-07,RH 492,HKC,2026-06-07,20:15,"CIT, BUD",Dep 22:08,,departure,
5Y 8523_2026-06-07,5Y 8523,GTI,2026-06-07,21:05,"ANC, ORD",Cancelled,,departure,
3G 807_2026-06-07,3G 807,WCM,2026-06-07,21:05,KUL,Cancelled,,departure,
5Y 3589_2026-06-07,5Y 3589,GTI,2026-06-07,21:20,TLV,Cancelled,,departure,
7L 692_2026-06-07,7L 692,AZG,2026-06-07,21:20,GYD,Cancelled,,departure,
MB 530_2026-06-07,MB 530,MNB,2026-06-07,21:30,"NVI, IST",Dep 21:49,,departure,
CX 037_2026-06-07,CX 037,CPA,2026-06-07,21:30,"DEL, FRA",Dep 21:41,,departure,
SV 969_2026-06-07,SV 969,SVA,2026-06-07,21:35,"BOM, RUH",Dep 21:50,,departure,
AK 8535_2026-06-07,AK 8535,AXM,2026-06-07,21:55,KUL,Cancelled,,departure,
QR 8455_2026-06-07,QR 8455,QTR,2026-06-07,22:05,DOH,Dep 22:03,,departure,
QR 8477_2026-06-07,QR 8477,QTR,2026-06-07,22:10,DOH,Dep 22:14,,departure,
CX 3129_2026-06-07,CX 3129,CPA,2026-06-07,22:50,SYD,Dep 23:01,,departure,
CI 5832_2026-06-07,CI 5832,CAL,2026-06-07,23:00,TPE,Dep 23:18,,departure,
SR 813_2026-06-07,SR 813,XKY,2026-06-07,23:15,MNL,Dep 23:14,,departure,
2U 8062_2026-06-07,2U 8062,FKH,2026-06-07,23:25,"NQZ, RIX",Dep 23:35,,departure,
QF 7526_2026-06-07,QF 7526,QFA,2026-06-07,23:45,SYD,Dep 02:21 (08/06/2026),,departure,
CX 3290_2026-06-07,CX 3290,CPA,2026-06-07,23:55,"ANC, DFW, ATL",Dep 21:53 (08/06/2026),,departure,
EY 948_2026-06-08,EY 948,ETD,2026-06-08,00:15,AUH,Cancelled,,departure,
QR 8411_2026-06-08,QR 8411,QTR,2026-06-08,00:30,DOH,Dep 00:17,,departure,
ET 3767_2026-06-08,ET 3767,ETH,2026-06-08,00:40,LGG,Cancelled,,departure,
CV 7957_2026-06-08,CV 7957,CLX,2026-06-08,00:40,"NQZ, LUX",Dep 08:33,,departure,
MS 510_2026-06-08,MS 510,MSR,2026-06-08,01:00,"BKK, CAI",Dep 00:24,,departure,
CX 096_2026-06-08,CX 096,CPA,2026-06-08,01:30,"ANC, NLU",Dep 06:44,,departure,
5X 169_2026-06-08,5X 169,UPS,2026-06-08,01:35,"SIN, SDF",Dep 01:35,,departure,
TK 6257_2026-06-08,TK 6257,THY,2026-06-08,01:40,IST,Dep 02:24,,departure,
EK 9843_2026-06-08,EK 9843,UAE,2026-06-08,01:50,DWC,Dep 02:03,,departure,
KZ 202_2026-06-08,KZ 202,NCA,2026-06-08,02:25,NRT,Dep 03:01,,departure,
7L 1648_2026-06-08,7L 1648,AZG,2026-06-08,02:30,GYD,Dep 02:25,,departure,
LD 680_2026-06-08,LD 680,AHK,2026-06-08,02:40,TPE,Dep 02:34,,departure,
KE 314_2026-06-08,KE 314,KAL,2026-06-08,03:10,ICN,Dep 02:47,,departure,
7L 625_2026-06-08,7L 625,AZG,2026-06-08,03:30,"DWC, GYD",Dep 04:38,,departure,
QR 8415_2026-06-08,QR 8415,QTR,2026-06-08,03:35,DOH,Dep 04:17,,departure,
BR 6530_2026-06-08,BR 6530,EVA,2026-06-08,03:50,TPE,Dep 03:15,,departure,
5Y 238_2026-06-08,5Y 238,GTI,2026-06-08,04:00,"ANC, MIA",Dep 03:55,,departure,
SV 983_2026-06-08,SV 983,SVA,2026-06-08,04:05,RUH,Dep 03:50,,departure,
QR 8435_2026-06-08,QR 8435,QTR,2026-06-08,05:00,DOH,Dep 07:26,,departure,
MB 630_2026-06-08,MB 630,MNB,2026-06-08,05:30,"NVI, IST",Dep 07:02,,departure,
MB 779_2026-06-08,MB 779,MNB,2026-06-08,05:30,"SHJ, IST",Dep 08:45,,departure,
3S 633_2026-06-08,3S 633,BOX,2026-06-08,06:00,"DWC, FRA",Dep 06:12,,departure,
EK 9797_2026-06-08,EK 9797,UAE,2026-06-08,06:50,DWC,Dep 07:14,,departure,
K4 253_2026-06-08,K4 253,CKS,2026-06-08,06:55,"ANC, CVG",Dep 07:45,,departure,
CX 3286_2026-06-08,CX 3286,CPA,2026-06-08,06:55,"ANC, JFK",Dep 10:12,,departure,
CK 264_2026-06-08,CK 264,CKK,2026-06-08,07:00,CKG,Cancelled,,departure,
F5 7607_2026-06-08,F5 7607,ATG,2026-06-08,07:00,DWC,Dep 07:11,,departure,
CI 5828_2026-06-08,CI 5828,CAL,2026-06-08,07:05,TPE,Dep 06:57,,departure,
RH 392_2026-06-08,RH 392,HKC,2026-06-08,07:05,"CIT, BUD",Dep 07:12 (09/06/2026),,departure,
ET 3769_2026-06-08,ET 3769,ETH,2026-06-08,07:10,"EMA, ADD",Dep 10:49,,departure,
CX 2049_2026-06-08,CX 2049,CPA,2026-06-08,07:15,HAN,Dep 07:18,,departure,
K4 291_2026-06-08,K4 291,CKS,2026-06-08,07:40,"LAX, CVG",Dep 08:14,,departure,
RH 6651_2026-06-08,RH 6651,HKC,2026-06-08,08:20,DAC,Dep 11:03,,departure,
HE 913_2026-06-08,HE 913,HGO,2026-06-08,08:30,AUH,Dep 10:03,,departure,
RH 705_2026-06-08,RH 705,HKC,2026-06-08,08:30,MEL,Dep 08:24,,departure,
3S 515_2026-06-08,3S 515,BOX,2026-06-08,08:45,LEJ,Dep 09:11,,departure,
T8 4702_2026-06-08,T8 4702,TVR,2026-06-08,09:30,SHJ,Dep 13:22,,departure,
ET 3035_2026-06-08,ET 3035,ETH,2026-06-08,09:30,ADD,Cancelled,,departure,
CX 098_2026-06-08,CX 098,CPA,2026-06-08,09:50,"ANC, ORD",Dep 10:41,,departure,
QR 8409_2026-06-08,QR 8409,QTR,2026-06-08,10:10,DOH,Dep 11:21,,departure,
TK 6301_2026-06-08,TK 6301,THY,2026-06-08,10:30,"CIT, IST",Dep 10:47,,departure,
SQ 7976_2026-06-08,SQ 7976,SIA,2026-06-08,10:40,"ANC, DFW",Dep 11:15,,departure,
EK 9849_2026-06-08,EK 9849,UAE,2026-06-08,10:40,DXB,Dep 12:34,,departure,
CV 9931_2026-06-08,CV 9931,CLX,2026-06-08,11:35,"NQZ, LUX",Dep 12:37,,departure,
CV 753_2026-06-08,CV 753,CLX,2026-06-08,11:35,"NQZ, LUX",Cancelled,,departure,
5Y 8230_2026-06-08,5Y 8230,GTI,2026-06-08,11:50,"ANC, MIA",Dep 01:01 (09/06/2026),,departure,
T8 4704_2026-06-08,T8 4704,TVR,2026-06-08,12:00,SHJ,Dep 13:51,,departure,
5Y 8373_2026-06-08,5Y 8373,GTI,2026-06-08,12:05,"ANC, MIA",Cancelled,,departure,
CV 283_2026-06-08,CV 283,CLX,2026-06-08,13:10,"ANC, GDL",Dep 14:25,,departure,
5X 065_2026-06-08,5X 065,UPS,2026-06-08,13:20,"ANC, SDF",Cancelled,,departure,
MP 9472_2026-06-08,MP 9472,MPH,2026-06-08,13:35,"ALA, AMS",Dep 14:21,,departure,
3S 719_2026-06-08,3S 719,BOX,2026-06-08,14:05,LEJ,Dep 16:44,,departure,
KZ 206_2026-06-08,KZ 206,NCA,2026-06-08,14:40,NRT,Dep 15:24,,departure,
WW 862_2026-06-08,WW 862,KXP,2026-06-08,14:45,KUL,Dep 04:24,,departure,
EK 9781_2026-06-08,EK 9781,UAE,2026-06-08,14:45,DWC,Dep 14:45,,departure,
TK 6393_2026-06-08,TK 6393,THY,2026-06-08,14:55,IST,Cancelled,,departure,
CX 2084_2026-06-08,CX 2084,CPA,2026-06-08,15:30,"ANC, LAX, PDX",Dep 15:56,,departure,
5X 001_2026-06-08,5X 001,UPS,2026-06-08,15:40,"CGN, PHL",Cancelled,,departure,
KE 9314_2026-06-08,KE 9314,KAL,2026-06-08,15:50,ICN,Dep 15:26,,departure,
5Y 628_2026-06-08,5Y 628,GTI,2026-06-08,16:00,"ANC, LAX",Dep 16:14,,departure,
5X 061_2026-06-08,5X 061,UPS,2026-06-08,16:05,"TPE, ANC, SDF",Dep 16:03,,departure,
P9 881_2026-06-08,P9 881,MGE,2026-06-08,16:10,GUM,Dep 16:55,,departure,
HE 1710_2026-06-08,HE 1710,HGO,2026-06-08,16:20,GYD,Dep 22:49,,departure,
ET 3685_2026-06-08,ET 3685,ETH,2026-06-08,16:25,ADD,Dep 18:28,,departure,
KE 312_2026-06-08,KE 312,KAL,2026-06-08,16:40,ICN,Dep 16:23,,departure,
CX 049_2026-06-08,CX 049,CPA,2026-06-08,16:55,BOM,Dep 16:53,,departure,
3S 519_2026-06-08,3S 519,BOX,2026-06-08,17:00,LEJ,Dep 17:01,,departure,
QR 8401_2026-06-08,QR 8401,QTR,2026-06-08,17:15,DOH,Dep 17:25,,departure,
CV 278_2026-06-08,CV 278,CLX,2026-06-08,17:50,"ANC, ORD",Dep 18:55,,departure,
CX 2041_2026-06-08,CX 2041,CPA,2026-06-08,18:20,MAA,Dep 18:41,,departure,
RH 9457_2026-06-08,RH 9457,HKC,2026-06-08,18:55,DEL,Cancelled,,departure,
5X 063_2026-06-08,5X 063,UPS,2026-06-08,19:05,"ANC, SDF",Dep 19:05,,departure,
CP 192_2026-06-08,CP 192,LSI,2026-06-08,19:25,"GYD, FCO",Dep 19:30,,departure,
SV 3961_2026-06-08,SV 3961,SVA,2026-06-08,19:30,RUH,Dep 21:12,,departure,
3S 639_2026-06-08,3S 639,BOX,2026-06-08,19:30,"DWC, FRA",Dep 19:23,,departure,
TH 6825_2026-06-08,TH 6825,RMY,2026-06-08,19:45,KUL,Dep 20:55,,departure,
AK 8546_2026-06-08,AK 8546,AXM,2026-06-08,19:45,KUL,Dep 20:47,,departure,
5X 059_2026-06-08,5X 059,UPS,2026-06-08,19:45,"ANC, ONT",Dep 19:46,,departure,
FX 5991_2026-06-08,FX 5991,FDX,2026-06-08,19:50,"KIX, OAK",Dep 19:59,,departure,
7L 147_2026-06-08,7L 147,AZG,2026-06-08,20:25,GYD,Cancelled,,departure,
QY 539_2026-06-08,QY 539,BCS,2026-06-08,20:25,ALA,Dep 22:01,,departure,
3V 400_2026-06-08,3V 400,TAY,2026-06-08,20:50,"ALA, LGG",Dep 12:20 (09/06/2026),,departure,
K4 704_2026-06-08,K4 704,CKS,2026-06-08,21:00,"DWC, TLV",Dep 03:59 (11/06/2026),,departure,
5Y 8692_2026-06-08,5Y 8692,GTI,2026-06-08,21:05,ANC,Dep 11:28 (09/06/2026),,departure,
EK 9837_2026-06-08,EK 9837,UAE,2026-06-08,21:15,DWC,Dep 22:08,,departure,
RH 351_2026-06-08,RH 351,HKC,2026-06-08,21:20,MNL,Dep 22:34,,departure,
CV 962_2026-06-08,CV 962,CLX,2026-06-08,21:25,"GYD, LUX",Dep 03:51 (09/06/2026),,departure,
ET 3229_2026-06-08,ET 3229,ETH,2026-06-08,21:30,ADD,Cancelled,,departure,
CX 3262_2026-06-08,CX 3262,CPA,2026-06-08,21:35,CKG,Dep 22:29,,departure,
3S 704_2026-06-08,3S 704,BOX,2026-06-08,21:40,CVG,Dep 22:23,,departure,
TK 6065_2026-06-08,TK 6065,THY,2026-06-08,23:05,"CIT, IST",Dep 06:56 (09/06/2026),,departure,
RH 394_2026-06-08,RH 394,HKC,2026-06-08,23:30,"ALA, ATH",Dep 04:59 (09/06/2026),,departure,
RH 4568_2026-06-09,RH 4568,HKC,2026-06-09,00:15,TPE,Dep 14:23,,departure,
7L 923_2026-06-09,7L 923,AZG,2026-06-09,00:20,"DWC, GYD",Dep 03:24,,departure,
QR 8431_2026-06-09,QR 8431,QTR,2026-06-09,00:30,DOH,Dep 02:39,,departure,
CX 2023_2026-06-09,CX 2023,CPA,2026-06-09,00:40,SYD,Dep 01:34,,departure,
CX 006_2026-06-09,CX 006,CPA,2026-06-09,00:50,NRT,Dep 01:14,,departure,
MS 510_2026-06-09,MS 510,MSR,2026-06-09,01:00,BKK,Dep 02:58,,departure,
CX 086_2026-06-09,CX 086,CPA,2026-06-09,01:30,"ANC, NLU",Dep 02:05,,departure,
JL 6782_2026-06-09,JL 6782,JAL,2026-06-09,02:20,NRT,Dep 02:31,,departure,
KZ 202_2026-06-09,KZ 202,NCA,2026-06-09,02:25,NRT,Dep 04:06,,departure,
NH 8512_2026-06-09,NH 8512,ANA,2026-06-09,02:25,NRT,Dep 02:18,,departure,
KJ 972_2026-06-09,KJ 972,AIH,2026-06-09,02:40,ICN,Dep 02:55,,departure,
TK 6356_2026-06-09,TK 6356,THY,2026-06-09,02:55,IST,Dep 02:48,,departure,
CI 5836_2026-06-09,CI 5836,CAL,2026-06-09,03:00,TPE,Dep 04:03,,departure,
KE 314_2026-06-09,KE 314,KAL,2026-06-09,03:10,ICN,Dep 03:25,,departure,
LD 204_2026-06-09,LD 204,AHK,2026-06-09,03:15,KIX,Dep 03:16,,departure,
LD 128_2026-06-09,LD 128,AHK,2026-06-09,03:20,ICN,Dep 03:35,,departure,
BR 6536_2026-06-09,BR 6536,EVA,2026-06-09,03:20,TPE,Dep 03:18,,departure,
LD 208_2026-06-09,LD 208,AHK,2026-06-09,03:25,NRT,Dep 03:39,,departure,
LD 327_2026-06-09,LD 327,AHK,2026-06-09,03:25,SIN,Dep 04:09,,departure,
LD 768_2026-06-09,LD 768,AHK,2026-06-09,03:25,PEK,Dep 03:28,,departure,
LD 216_2026-06-09,LD 216,AHK,2026-06-09,03:30,NGO,Dep 03:53,,departure,
8K 526_2026-06-09,8K 526,KMI,2026-06-09,03:30,BKK,Dep 03:39,,departure,
LD 457_2026-06-09,LD 457,AHK,2026-06-09,03:35,"MNL, CEB",Dep 03:43,,departure,
LD 782_2026-06-09,LD 782,AHK,2026-06-09,03:40,PVG,Dep 03:47,,departure,
LD 831_2026-06-09,LD 831,AHK,2026-06-09,03:40,BKK,Dep 03:55,,departure,
LD 561_2026-06-09,LD 561,AHK,2026-06-09,03:45,SGN,Dep 04:22,,departure,
TH 3508_2026-06-09,TH 3508,RMY,2026-06-09,03:45,KUL,Dep 03:54,,departure,
3S 556_2026-06-09,3S 556,BOX,2026-06-09,04:00,LAX,Dep 04:18,,departure,
3Y 6011_2026-06-09,3Y 6011,MYU,2026-06-09,04:00,CGK,Dep 04:30,,departure,
HJ 022_2026-06-09,HJ 022,TMN,2026-06-09,04:00,SYD,Dep 04:19,,departure,
LD 720_2026-06-09,LD 720,AHK,2026-06-09,04:05,CTU,Dep 04:09,,departure,
TH 3091_2026-06-09,TH 3091,RMY,2026-06-09,04:15,PEN,Dep 04:52,,departure,
LD 680_2026-06-09,LD 680,AHK,2026-06-09,04:20,TPE,Dep 04:21,,departure,
QR 8467_2026-06-09,QR 8467,QTR,2026-06-09,04:20,DOH,Dep 05:04,,departure,
MB 510_2026-06-09,MB 510,MNB,2026-06-09,04:45,"NVI, IST",Dep 05:05,,departure,
3S 715_2026-06-09,3S 715,BOX,2026-06-09,05:35,"DXB, LEJ",Dep 05:41,,departure,
3S 733_2026-06-09,3S 733,BOX,2026-06-09,05:40,"BLR, LEJ",Dep 06:05,,departure,
ES 720_2026-06-09,ES 720,DHX,2026-06-09,05:40,BAH,Dep 05:44,,departure,
3S 709_2026-06-09,3S 709,BOX,2026-06-09,05:45,"BAH, LEJ",Dep 06:00,,departure,
EK 9821_2026-06-09,EK 9821,UAE,2026-06-09,05:45,DWC,Dep 06:14,,departure,
ET 3707_2026-06-09,ET 3707,ETH,2026-06-09,05:55,"BUD, ADD",Dep 02:05,,departure,
FX 5217_2026-06-09,FX 5217,FDX,2026-06-09,06:20,"IST, CDG, LGG, MEM",Dep 06:18,,departure,
D0 593_2026-06-09,D0 593,DHK,2026-06-09,06:40,"DEL, EMA",Dep 21:22,,departure,
3S 505_2026-06-09,3S 505,BOX,2026-06-09,06:45,LEJ,Dep 07:14,,departure,
CX 3258_2026-06-09,CX 3258,CPA,2026-06-09,06:45,PVG,Dep 07:11,,departure,
EK 9841_2026-06-09,EK 9841,UAE,2026-06-09,06:45,DWC,Dep 09:14,,departure,
K4 241_2026-06-09,K4 241,CKS,2026-06-09,07:00,"ANC, MIA",Dep 07:00,,departure,
K4 255_2026-06-09,K4 255,CKS,2026-06-09,07:00,"YHM, JFK",Dep 06:51,,departure,
RH 331_2026-06-09,RH 331,HKC,2026-06-09,07:00,BKK,Dep 21:35,,departure,
CK 264_2026-06-09,CK 264,CKK,2026-06-09,07:00,CKG,Dep 13:08,,departure,
CT 116_2026-06-09,CT 116,AAE,2026-06-09,07:00,KGF,Dep 07:01,,departure,
CC 3571_2026-06-09,CC 3571,ABD,2026-06-09,07:00,"CMB, JNB",Dep 07:27,,departure,
SR 815_2026-06-09,SR 815,XKY,2026-06-09,07:15,CRK,Dep 07:18,,departure,
CI 6842_2026-06-09,CI 6842,CAL,2026-06-09,07:35,TPE,Dep 08:49,,departure,
O3 152_2026-06-09,O3 152,CSS,2026-06-09,07:55,EHU,Dep 08:10,,departure,
RH 594_2026-06-09,RH 594,HKC,2026-06-09,08:00,ATH,Dep 06:36 (10/06/2026),,departure,
5Y 8050_2026-06-09,5Y 8050,GTI,2026-06-09,08:25,"ANC, MIA",Dep 09:17,,departure,
3S 503_2026-06-09,3S 503,BOX,2026-06-09,08:30,LEJ,Dep 08:29,,departure,
ET 3295_2026-06-09,ET 3295,ETH,2026-06-09,08:35,"MCT, MAD, ADD",Dep 13:20,,departure,
RH 371_2026-06-09,RH 371,HKC,2026-06-09,08:40,SIN,Dep 08:42,,departure,
HE 816_2026-06-09,HE 816,HGO,2026-06-09,09:00,SHJ,Cancelled,,departure,
HE 861_2026-06-09,HE 861,HGO,2026-06-09,09:00,SHJ,Dep 09:15,,departure,
TK 6267_2026-06-09,TK 6267,THY,2026-06-09,09:25,IST,Dep 09:26,,departure,
5Y 8373_2026-06-09,5Y 8373,GTI,2026-06-09,09:30,"ANC, HSV, MIA",Dep 10:09,,departure,
ET 3035_2026-06-09,ET 3035,ETH,2026-06-09,09:30,ADD,Cancelled,,departure,
CV 3649_2026-06-09,CV 3649,CLX,2026-06-09,09:30,"GYD, LUX",Dep 10:41,,departure,
O3 268_2026-06-09,O3 268,CSS,2026-06-09,09:55,NGB,Dep 09:48,,departure,
CV 9522_2026-06-09,CV 9522,CLX,2026-06-09,10:00,"NQZ, LUX",Dep 10:15,,departure,
5X 067_2026-06-09,5X 067,UPS,2026-06-09,10:15,"ICN, ANC, SDF",Dep 13:24,,departure,
7L 621_2026-06-09,7L 621,AZG,2026-06-09,10:50,GYD,Dep 11:10,,departure,
5Y 8523_2026-06-09,5Y 8523,GTI,2026-06-09,11:00,"ANC, ORD",Dep 11:33,,departure,
MP 9412_2026-06-09,MP 9412,MPH,2026-06-09,11:15,"ALA, AMS",Dep 14:35,,departure,
5Y 654_2026-06-09,5Y 654,GTI,2026-06-09,11:20,"ANC, MIA",Dep 10:08 (10/06/2026),,departure,
5X 003_2026-06-09,5X 003,UPS,2026-06-09,11:25,"CGN, PHL",Dep 11:22,,departure,
EK 9851_2026-06-09,EK 9851,UAE,2026-06-09,11:25,DWC,Dep 11:33,,departure,
5Y 328_2026-06-09,5Y 328,GTI,2026-06-09,12:30,"ANC, LAX",Dep 18:47,,departure,
2U 8011_2026-06-09,2U 8011,FKH,2026-06-09,12:30,NQZ,Dep 12:21,,departure,
RH 6651_2026-06-09,RH 6651,HKC,2026-06-09,12:30,DAC,Cancelled,,departure,
CX 2045_2026-06-09,CX 2045,CPA,2026-06-09,13:10,DEL,Dep 13:13,,departure,
CX 049_2026-06-09,CX 049,CPA,2026-06-09,13:15,DAC,Dep 13:30,,departure,
KJ 968_2026-06-09,KJ 968,AIH,2026-06-09,13:30,ICN,Dep 13:51,,departure,
CX 3298_2026-06-09,CX 3298,CPA,2026-06-09,13:50,"ANC, JFK",Dep 14:24,,departure,
EK 9783_2026-06-09,EK 9783,UAE,2026-06-09,14:10,DWC,Dep 14:14,,departure,
EK 9839_2026-06-09,EK 9839,UAE,2026-06-09,14:15,DWC,Dep 15:54,,departure,
K4 205_2026-06-09,K4 205,CKS,2026-06-09,14:30,"ANC, CVG",Dep 13:15,,departure,
WW 862_2026-06-09,WW 862,KXP,2026-06-09,14:40,KUL,Dep 00:03 (10/06/2026),,departure,
SV 963_2026-06-09,SV 963,SVA,2026-06-09,14:45,RUH,Dep 10:31 (10/06/2026),,departure,
TC 503_2026-06-09,TC 503,ATC,2026-06-09,14:55,MCT,Cancelled,,departure,
CX 3032_2026-06-09,CX 3032,CPA,2026-06-09,15:10,ICN,Dep 17:44,,departure,
5X 001_2026-06-09,5X 001,UPS,2026-06-09,15:40,"CGN, PHL",Dep 17:24,,departure,
RH 317_2026-06-09,RH 317,HKC,2026-06-09,15:55,HAN,Dep 22:00,,departure,
F5 7609_2026-06-09,F5 7609,ATG,2026-06-09,15:55,DWC,Dep 19:54,,departure,
5X 061_2026-06-09,5X 061,UPS,2026-06-09,16:05,"TPE, ANC, SDF",Dep 16:43,,departure,
P9 881_2026-06-09,P9 881,MGE,2026-06-09,16:10,GUM,Dep 22:55,,departure,
5X 166_2026-06-09,5X 166,UPS,2026-06-09,16:10,"SIN, SDF",Dep 16:20,,departure,
EK 9799_2026-06-09,EK 9799,UAE,2026-06-09,16:10,DWC,Dep 16:31,,departure,
CV 237_2026-06-09,CV 237,CLX,2026-06-09,17:00,"ANC, NLU",Dep 16:53,,departure,
3S 519_2026-06-09,3S 519,BOX,2026-06-09,17:10,LEJ,Dep 16:57,,departure,
KE 9314_2026-06-09,KE 9314,KAL,2026-06-09,17:10,ICN,Dep 16:43,,departure,
CT 122_2026-06-09,CT 122,AAE,2026-06-09,17:10,KGF,Dep 17:00,,departure,
FX 9128_2026-06-09,FX 9128,FDX,2026-06-09,17:50,KIX,Dep 17:42,,departure,
5Y 4352_2026-06-09,5Y 4352,GTI,2026-06-09,18:05,"ALA, LGG",Dep 17:53,,departure,
7L 247_2026-06-09,7L 247,AZG,2026-06-09,18:15,GYD,Cancelled,,departure,
CX 2026_2026-06-09,CX 2026,CPA,2026-06-09,18:15,TPE,Dep 18:13,,departure,
C8 736_2026-06-09,C8 736,ICV,2026-06-09,18:20,"ASB, MXP",Dep 20:19,,departure,
LH 8461_2026-06-09,LH 8461,GEC,2026-06-09,18:25,IST,Dep 19:48,,departure,
EK 9847_2026-06-09,EK 9847,UAE,2026-06-09,18:25,DWC,Dep 18:22,,departure,
7L 572_2026-06-09,7L 572,AZG,2026-06-09,18:35,GYD,Cancelled,,departure,
5X 063_2026-06-09,5X 063,UPS,2026-06-09,19:05,"ANC, SDF",Dep 19:20,,departure,
SQ 7922_2026-06-09,SQ 7922,SIA,2026-06-09,19:10,"ANC, DFW",Dep 19:08,,departure,
EK 9785_2026-06-09,EK 9785,UAE,2026-06-09,19:15,DWC,Dep 20:12,,departure,
CI 5838_2026-06-09,CI 5838,CAL,2026-06-09,19:20,TPE,Dep 20:12,,departure,
TK 6241_2026-06-09,TK 6241,THY,2026-06-09,19:30,IST,Dep 19:38,,departure,
TH 6825_2026-06-09,TH 6825,RMY,2026-06-09,19:45,KUL,Dep 20:00,,departure,
AK 8542_2026-06-09,AK 8542,AXM,2026-06-09,19:45,KUL,Dep 20:53,,departure,
5X 059_2026-06-09,5X 059,UPS,2026-06-09,19:45,"ANC, ONT",Dep 01:39 (10/06/2026),,departure,
TK 6314_2026-06-09,TK 6314,THY,2026-06-09,19:50,"CIT, IST",Dep 20:39,,departure,
FX 5991_2026-06-09,FX 5991,FDX,2026-06-09,19:50,"KIX, OAK",Dep 20:03,,departure,
EY 934_2026-06-09,EY 934,ETD,2026-06-09,20:20,AUH,Dep 06:07 (10/06/2026),,departure,
SQ 7354_2026-06-09,SQ 7354,SIA,2026-06-09,20:20,"MAA, BRU",Dep 20:08,,departure,
7L 148_2026-06-09,7L 148,AZG,2026-06-09,20:30,GYD,Dep 22:46,,departure,
MH 6105_2026-06-09,MH 6105,MAS,2026-06-09,20:45,KUL,Dep 22:03,,departure,
QR 8407_2026-06-09,QR 8407,QTR,2026-06-09,20:50,DOH,Dep 20:38,,departure,
CX 2033_2026-06-09,CX 2033,CPA,2026-06-09,20:55,MAA,Dep 20:50,,departure,
CX 3260_2026-06-09,CX 3260,CPA,2026-06-09,21:00,CKG,Dep 00:36 (10/06/2026),,departure,
CP 126_2026-06-09,CP 126,LSI,2026-06-09,21:25,MXP,Dep 21:14,,departure,
SV 983_2026-06-09,SV 983,SVA,2026-06-09,21:30,RUH,Dep 21:39,,departure,
D0 009_2026-06-09,D0 009,DHK,2026-06-09,21:40,"CVG, EMA",Dep 21:47,,departure,
AK 8535_2026-06-09,AK 8535,AXM,2026-06-09,21:55,KUL,Cancelled,,departure,
7L 648_2026-06-09,7L 648,AZG,2026-06-09,21:55,GYD,Cancelled,,departure,
WW 109_2026-06-09,WW 109,KXP,2026-06-09,22:00,KUL,Cancelled,,departure,
ET 3229_2026-06-09,ET 3229,ETH,2026-06-09,22:05,ADD,Dep 23:19,,departure,
CX 3238_2026-06-09,CX 3238,CPA,2026-06-09,22:20,"XMN, PVG",Dep 22:26,,departure,
EK 9833_2026-06-09,EK 9833,UAE,2026-06-09,22:20,DWC,Dep 22:20,,departure,
CX 050_2026-06-09,CX 050,CPA,2026-06-09,23:05,PVG,Dep 00:44 (10/06/2026),,departure,
SR 813_2026-06-09,SR 813,XKY,2026-06-09,23:15,MNL,Dep 23:11,,departure,
ET 3447_2026-06-09,ET 3447,ETH,2026-06-09,23:30,ADD,Cancelled,,departure,
QF 7526_2026-06-09,QF 7526,QFA,2026-06-09,23:45,SYD,Dep 23:39,,departure,
ET 3785_2026-06-10,ET 3785,ETH,2026-06-10,00:00,"MCT, MAD, ADD",Dep 23:54,,departure,
ET 3791_2026-06-10,ET 3791,ETH,2026-06-10,00:00,LGG,Cancelled,,departure,
RH 4568_2026-06-10,RH 4568,HKC,2026-06-10,00:15,TPE,Dep 00:55,,departure,
RH 829_2026-06-10,RH 829,HKC,2026-06-10,00:15,PVG,Dep 07:40,,departure,
3G 801_2026-06-10,3G 801,WCM,2026-06-10,00:30,KUL,Cancelled,,departure,
QR 8429_2026-06-10,QR 8429,QTR,2026-06-10,00:35,DOH,Dep 04:52,,departure,
QR 8441_2026-06-10,QR 8441,QTR,2026-06-10,00:40,DOH,Dep 00:55,,departure,
CX 006_2026-06-10,CX 006,CPA,2026-06-10,00:50,NRT,Dep 01:19,,departure,
MS 510_2026-06-10,MS 510,MSR,2026-06-10,01:00,BKK,Cancelled,,departure,
KZ 202_2026-06-10,KZ 202,NCA,2026-06-10,01:25,NRT,Dep 01:46,,departure,
CX 096_2026-06-10,CX 096,CPA,2026-06-10,01:30,"ANC, NLU",Dep 05:36,,departure,
QR 8439_2026-06-10,QR 8439,QTR,2026-06-10,02:00,DOH,Dep 01:58,,departure,
JL 6782_2026-06-10,JL 6782,JAL,2026-06-10,02:20,NRT,Dep 02:16,,departure,
NH 8512_2026-06-10,NH 8512,ANA,2026-06-10,02:25,NRT,Dep 02:23,,departure,
KJ 974_2026-06-10,KJ 974,AIH,2026-06-10,02:40,ICN,Dep 02:37,,departure,
CI 5826_2026-06-10,CI 5826,CAL,2026-06-10,03:00,TPE,Dep 02:43,,departure,
KE 314_2026-06-10,KE 314,KAL,2026-06-10,03:10,ICN,Dep 03:11,,departure,
EK 9861_2026-06-10,EK 9861,UAE,2026-06-10,03:10,DWC,Dep 03:02,,departure,
LD 204_2026-06-10,LD 204,AHK,2026-06-10,03:15,KIX,Dep 03:15,,departure,
LD 128_2026-06-10,LD 128,AHK,2026-06-10,03:20,ICN,Dep 03:20,,departure,
BR 6538_2026-06-10,BR 6538,EVA,2026-06-10,03:20,TPE,Dep 03:01,,departure,
LD 208_2026-06-10,LD 208,AHK,2026-06-10,03:25,NRT,Dep 03:40,,departure,
LD 327_2026-06-10,LD 327,AHK,2026-06-10,03:25,SIN,Dep 03:26,,departure,
LD 768_2026-06-10,LD 768,AHK,2026-06-10,03:25,PEK,Dep 03:31,,departure,
LD 216_2026-06-10,LD 216,AHK,2026-06-10,03:30,NGO,Dep 03:31,,departure,
8K 526_2026-06-10,8K 526,KMI,2026-06-10,03:30,BKK,Dep 03:48,,departure,
LD 457_2026-06-10,LD 457,AHK,2026-06-10,03:35,"MNL, CEB",Dep 03:38,,departure,
LD 782_2026-06-10,LD 782,AHK,2026-06-10,03:40,PVG,Dep 03:55,,departure,
LD 831_2026-06-10,LD 831,AHK,2026-06-10,03:40,BKK,Dep 03:38,,departure,
LD 561_2026-06-10,LD 561,AHK,2026-06-10,03:45,SGN,Dep 03:49,,departure,
TH 3508_2026-06-10,TH 3508,RMY,2026-06-10,03:45,KUL,Dep 03:53,,departure,
WW 891_2026-06-10,WW 891,KXP,2026-06-10,03:55,KUL,Cancelled,,departure,
3S 500_2026-06-10,3S 500,BOX,2026-06-10,04:00,LAX,Dep 04:09,,departure,
3Y 6011_2026-06-10,3Y 6011,MYU,2026-06-10,04:00,CGK,Dep 04:19,,departure,
HJ 022_2026-06-10,HJ 022,TMN,2026-06-10,04:00,SYD,Dep 04:04,,departure,
LD 720_2026-06-10,LD 720,AHK,2026-06-10,04:05,CTU,Dep 04:03,,departure,
QR 8421_2026-06-10,QR 8421,QTR,2026-06-10,04:05,DOH,Dep 04:02,,departure,
ET 3366_2026-06-10,ET 3366,ETH,2026-06-10,04:15,"BUD, ADD",Dep 05:31,,departure,
TH 3091_2026-06-10,TH 3091,RMY,2026-06-10,04:15,PEN,Dep 05:24,,departure,
LD 680_2026-06-10,LD 680,AHK,2026-06-10,04:20,TPE,Dep 04:26,,departure,
TK 6351_2026-06-10,TK 6351,THY,2026-06-10,04:20,IST,Dep 04:18,,departure,
CX 2090_2026-06-10,CX 2090,CPA,2026-06-10,04:25,"ANC, DFW, LAX",Dep 08:10,,departure,
K4 287_2026-06-10,K4 287,CKS,2026-06-10,05:00,"ANC, CVG",Dep 16:47,,departure,
EK 9831_2026-06-10,EK 9831,UAE,2026-06-10,05:00,DWC,Dep 09:29,,departure,
3S 713_2026-06-10,3S 713,BOX,2026-06-10,05:35,"DXB, LEJ",Dep 05:47,,departure,
3S 735_2026-06-10,3S 735,BOX,2026-06-10,05:40,"BLR, LEJ",Dep 06:51,,departure,
ES 728_2026-06-10,ES 728,DHX,2026-06-10,05:40,BAH,Dep 06:03,,departure,
3S 707_2026-06-10,3S 707,BOX,2026-06-10,05:45,"BAH, LEJ",Dep 05:57,,departure,
QR 8411_2026-06-10,QR 8411,QTR,2026-06-10,05:45,DOH,Dep 06:41,,departure,
FX 5023_2026-06-10,FX 5023,FDX,2026-06-10,06:00,"IST, MEM",Dep 05:56,,departure,
MB 480_2026-06-10,MB 480,MNB,2026-06-10,06:00,"SHJ, IST",Dep 15:32,,departure,
SR 815_2026-06-10,SR 815,XKY,2026-06-10,06:15,CRK,Dep 06:30,,departure,
K4 253_2026-06-10,K4 253,CKS,2026-06-10,06:40,"YHM, JFK, CVG",Dep 06:51,,departure,
D0 591_2026-06-10,D0 591,DHK,2026-06-10,06:40,"DEL, EMA",Dep 06:46,,departure,
CP 166_2026-06-10,CP 166,LSI,2026-06-10,06:45,"GYD, MXP",Dep 06:43,,departure,
3S 711_2026-06-10,3S 711,BOX,2026-06-10,06:50,LEJ,Dep 07:03,,departure,
K4 243_2026-06-10,K4 243,CKS,2026-06-10,07:00,"ANC, MIA, CVG",Dep 07:07,,departure,
RH 331_2026-06-10,RH 331,HKC,2026-06-10,07:00,BKK,Dep 11:27,,departure,
HE 772_2026-06-10,HE 772,HGO,2026-06-10,07:00,"CIT, EMA",Dep 07:15,,departure,
SV 985_2026-06-10,SV 985,SVA,2026-06-10,07:00,RUH,Cancelled,,departure,
CK 264_2026-06-10,CK 264,CKK,2026-06-10,07:00,CKG,Cancelled,,departure,
ET 3767_2026-06-10,ET 3767,ETH,2026-06-10,07:10,LGG,Cancelled,,departure,
Z7 322_2026-06-10,Z7 322,CMS,2026-06-10,07:30,"ALA, TBS",Cancelled,,departure,
CX 2075_2026-06-10,CX 2075,CPA,2026-06-10,08:15,SIN,Dep 08:28,,departure,
EK 9851_2026-06-10,EK 9851,UAE,2026-06-10,08:20,DWC,Cancelled,,departure,
3S 515_2026-06-10,3S 515,BOX,2026-06-10,08:30,LEJ,Dep 08:39,,departure,
RH 371_2026-06-10,RH 371,HKC,2026-06-10,08:40,SIN,Dep 12:49,,departure,
5Y 8030_2026-06-10,5Y 8030,GTI,2026-06-10,08:50,"ANC, MIA",Dep 17:03,,departure,
T8 4721_2026-06-10,T8 4721,TVR,2026-06-10,08:55,MEL,Dep 08:58,,departure,
5Y 3093_2026-06-10,5Y 3093,GTI,2026-06-10,09:20,OTP,Dep 09:16,,departure,
KJ 952_2026-06-10,KJ 952,AIH,2026-06-10,09:20,ICN,Dep 08:52,,departure,
K4 702_2026-06-10,K4 702,CKS,2026-06-10,09:30,"DWC, TLV",Dep 08:30 (13/06/2026),,departure,
QR 8403_2026-06-10,QR 8403,QTR,2026-06-10,09:35,DOH,Dep 10:50,,departure,
O3 268_2026-06-10,O3 268,CSS,2026-06-10,09:55,NGB,Dep 09:53,,departure,
QY 517_2026-06-10,QY 517,BCS,2026-06-10,10:00,"ALA, LEJ",Dep 13:40,,departure,
5X 067_2026-06-10,5X 067,UPS,2026-06-10,10:15,"ANC, SDF",Dep 10:06,,departure,
CX 3174_2026-06-10,CX 3174,CPA,2026-06-10,10:25,"ANC, MIA, ATL",Dep 10:39,,departure,
CV 515_2026-06-10,CV 515,CLX,2026-06-10,10:35,"GYD, BUD, LUX",Dep 15:36,,departure,
CX 3241_2026-06-10,CX 3241,CPA,2026-06-10,10:45,CGK,Dep 10:59,,departure,
TK 6299_2026-06-10,TK 6299,THY,2026-06-10,11:15,IST,Dep 11:37,,departure,
5X 003_2026-06-10,5X 003,UPS,2026-06-10,11:25,"CGN, PHL",Dep 11:19,,departure,
CC 4030_2026-06-10,CC 4030,ABD,2026-06-10,11:50,"CMB, JNB",Dep 14:13,,departure,
3V 952_2026-06-10,3V 952,TAY,2026-06-10,12:20,"ALA, LGG",Dep 18:28,,departure,
3S 517_2026-06-10,3S 517,BOX,2026-06-10,12:20,LEJ,Dep 15:59,,departure,
QY 675_2026-06-10,QY 675,BCS,2026-06-10,12:20,ALA,Dep 12:11,,departure,
3V 400_2026-06-10,3V 400,TAY,2026-06-10,12:25,"ALA, LGG",Dep 12:25,,departure,
5Y 8131_2026-06-10,5Y 8131,GTI,2026-06-10,12:35,"DEL, ANC",Cancelled,,departure,
2G 102_2026-06-10,2G 102,HUA,2026-06-10,12:45,"HSA, BUD",Dep 14:08,,departure,
CV 261_2026-06-10,CV 261,CLX,2026-06-10,13:00,"ANC, MIA, JFK, LUX",Dep 13:57,,departure,
RH 392_2026-06-10,RH 392,HKC,2026-06-10,13:10,"CIT, BUD",Dep 21:32,,departure,
KJ 970_2026-06-10,KJ 970,AIH,2026-06-10,13:15,ICN,Dep 13:34,,departure,
QR 8465_2026-06-10,QR 8465,QTR,2026-06-10,13:15,DOH,Dep 13:20,,departure,
CX 3294_2026-06-10,CX 3294,CPA,2026-06-10,13:30,"ANC, JFK",Dep 13:30,,departure,
EK 9859_2026-06-10,EK 9859,UAE,2026-06-10,14:00,DWC,Dep 05:15 (11/06/2026),,departure,
CX 2086_2026-06-10,CX 2086,CPA,2026-06-10,14:25,"ANC, MIA",Dep 15:39,,departure,
WW 862_2026-06-10,WW 862,KXP,2026-06-10,14:45,KUL,Cancelled,,departure,
EK 9781_2026-06-10,EK 9781,UAE,2026-06-10,14:45,DWC,Dep 14:46,,departure,
EY 9726_2026-06-10,EY 9726,ETD,2026-06-10,14:50,AUH,Dep 15:16,,departure,
CX 045_2026-06-10,CX 045,CPA,2026-06-10,15:20,BOM,Dep 17:15,,departure,
KZ 206_2026-06-10,KZ 206,NCA,2026-06-10,15:30,NRT,Dep 16:07,,departure,
5X 001_2026-06-10,5X 001,UPS,2026-06-10,15:40,CGN,Cancelled,,departure,
K4 270_2026-06-10,K4 270,CKS,2026-06-10,15:55,"DWC, LGG",Dep 08:56 (11/06/2026),,departure,
RH 317_2026-06-10,RH 317,HKC,2026-06-10,15:55,HAN,Dep 06:39 (11/06/2026),,departure,
5X 061_2026-06-10,5X 061,UPS,2026-06-10,16:05,"TPE, ANC, SDF",Dep 16:43,,departure,
P9 881_2026-06-10,P9 881,MGE,2026-06-10,16:10,GUM,Cancelled,,departure,
5X 166_2026-06-10,5X 166,UPS,2026-06-10,16:10,"SIN, SDF",Dep 16:09,,departure,
ET 3629_2026-06-10,ET 3629,ETH,2026-06-10,16:15,ADD,Dep 14:33,,departure,
CX 3037_2026-06-10,CX 3037,CPA,2026-06-10,16:15,HAN,Dep 16:53,,departure,
3S 519_2026-06-10,3S 519,BOX,2026-06-10,17:00,LEJ,Dep 17:33,,departure,
RH 9375_2026-06-10,RH 9375,HKC,2026-06-10,17:00,MAA,Dep 17:17 (11/06/2026),,departure,
CX 041_2026-06-10,CX 041,CPA,2026-06-10,17:05,DEL,Dep 17:24,,departure,
7L 923_2026-06-10,7L 923,AZG,2026-06-10,17:20,GYD,Dep 23:08,,departure,
SV 975_2026-06-10,SV 975,SVA,2026-06-10,17:30,JED,Cancelled,,departure,
5C 850_2026-06-10,5C 850,ICL,2026-06-10,17:30,"DWC, TLV",Dep 18:14,,departure,
KE 8314_2026-06-10,KE 8314,KAL,2026-06-10,17:30,ICN,Dep 17:12,,departure,
SQ 7988_2026-06-10,SQ 7988,SIA,2026-06-10,17:35,"ANC, LAX",Dep 21:34,,departure,
RH 9457_2026-06-10,RH 9457,HKC,2026-06-10,18:10,DEL,Dep 18:16,,departure,
7L 1923_2026-06-10,7L 1923,AZG,2026-06-10,18:20,GYD,Cancelled,,departure,
LH 8461_2026-06-10,LH 8461,GEC,2026-06-10,18:25,"IST, FRA",Dep 18:44,,departure,
7L 624_2026-06-10,7L 624,AZG,2026-06-10,18:25,GYD,Cancelled,,departure,
CX 3349_2026-06-10,CX 3349,CPA,2026-06-10,18:40,BKK,Dep 18:46,,departure,
QR 8471_2026-06-10,QR 8471,QTR,2026-06-10,18:40,DOH,Dep 19:00,,departure,
2U 8021_2026-06-10,2U 8021,FKH,2026-06-10,18:50,NQZ,Dep 18:39,,departure,
5Y 825_2026-06-10,5Y 825,GTI,2026-06-10,19:00,"ANC, MIA",Dep 19:07,,departure,
5X 063_2026-06-10,5X 063,UPS,2026-06-10,19:05,"ANC, SDF",Dep 19:19,,departure,
CI 6844_2026-06-10,CI 6844,CAL,2026-06-10,19:20,TPE,Dep 20:16,,departure,
CV 245_2026-06-10,CV 245,CLX,2026-06-10,19:25,"ANC, NLU, GDL, LUX",Dep 19:05,,departure,
MH 6103_2026-06-10,MH 6103,MAS,2026-06-10,19:40,KUL,Dep 19:40,,departure,
CT 131_2026-06-10,CT 131,AAE,2026-06-10,19:40,"KGF, PRG",Dep 19:52,,departure,
TH 6825_2026-06-10,TH 6825,RMY,2026-06-10,19:45,KUL,Dep 20:02,,departure,
AK 8546_2026-06-10,AK 8546,AXM,2026-06-10,19:45,KUL,Dep 23:12,,departure,
FX 5991_2026-06-10,FX 5991,FDX,2026-06-10,19:50,"KIX, OAK",Dep 19:49,,departure,
5X 059_2026-06-10,5X 059,UPS,2026-06-10,19:50,"ANC, ONT",Dep 19:36,,departure,
CX 090_2026-06-10,CX 090,CPA,2026-06-10,20:50,"ANC, ORD",Dep 21:06,,departure,
QR 8479_2026-06-10,QR 8479,QTR,2026-06-10,21:00,DOH,Dep 21:04,,departure,
CI 5834_2026-06-10,CI 5834,CAL,2026-06-10,21:20,TPE,Dep 20:56,,departure,
RH 351_2026-06-10,RH 351,HKC,2026-06-10,21:20,MNL,Dep 23:25,,departure,
SV 963_2026-06-10,SV 963,SVA,2026-06-10,21:35,RUH,Cancelled,,departure,
D0 007_2026-06-10,D0 007,DHK,2026-06-10,21:40,"CVG, EMA",Cancelled,,departure,
AK 8535_2026-06-10,AK 8535,AXM,2026-06-10,21:55,KUL,Dep 00:02 (11/06/2026),,departure,
WW 109_2026-06-10,WW 109,KXP,2026-06-10,22:00,KUL,Cancelled,,departure,
TK 6239_2026-06-10,TK 6239,THY,2026-06-10,22:30,"CIT, IST",Dep 22:16,,departure,
EY 938_2026-06-10,EY 938,ETD,2026-06-10,22:55,AUH,Dep 22:58,,departure,
CX 037_2026-06-10,CX 037,CPA,2026-06-10,23:20,"DEL, CDG",Dep 23:27,,departure,
BR 6530_2026-06-10,BR 6530,EVA,2026-06-10,23:35,TPE,Dep 23:36,,departure,
QF 7526_2026-06-10,QF 7526,QFA,2026-06-10,23:55,SYD,Dep 23:46,,departure,
CX 050_2026-06-10,CX 050,CPA,2026-06-10,23:55,PVG,Dep 00:37 (11/06/2026),,departure,
CX 2062_2026-06-10,CX 2062,CPA,2026-06-10,23:55,CTU,Dep 23:57,,departure,
RH 4568_2026-06-11,RH 4568,HKC,2026-06-11,00:15,TPE,Dep 14:20,,departure,
3G 801_2026-06-11,3G 801,WCM,2026-06-11,00:30,KUL,Cancelled,,departure,
CX 006_2026-06-11,CX 006,CPA,2026-06-11,00:50,NRT,Dep 01:21,,departure,
MS 510_2026-06-11,MS 510,MSR,2026-06-11,01:00,BKK,Dep 01:21,,departure,
CX 086_2026-06-11,CX 086,CPA,2026-06-11,01:30,"ANC, NLU",Dep 01:41,,departure,
CX 3170_2026-06-11,CX 3170,CPA,2026-06-11,01:50,"ANC, MIA, IAH",Dep 01:59,,departure,
Y9 2568_2026-06-11,Y9 2568,SGA,2026-06-11,02:00,"DEL, ISU",Dep 06:13,,departure,
MB 430_2026-06-11,MB 430,MNB,2026-06-11,02:00,"NVI, IST",Dep 12:29,,departure,
TK 6265_2026-06-11,TK 6265,THY,2026-06-11,02:05,IST,Dep 03:12,,departure,
JL 6782_2026-06-11,JL 6782,JAL,2026-06-11,02:20,NRT,Dep 02:26,,departure,
KZ 202_2026-06-11,KZ 202,NCA,2026-06-11,02:25,NRT,Dep 16:17,,departure,
NH 8512_2026-06-11,NH 8512,ANA,2026-06-11,02:25,NRT,Dep 02:52,,departure,
KJ 972_2026-06-11,KJ 972,AIH,2026-06-11,02:40,ICN,Dep 02:36,,departure,
CI 5836_2026-06-11,CI 5836,CAL,2026-06-11,03:00,TPE,Dep 02:43,,departure,
CX 3254_2026-06-11,CX 3254,CPA,2026-06-11,03:10,PVG,Dep 03:41,,departure,
KE 314_2026-06-11,KE 314,KAL,2026-06-11,03:10,ICN,Dep 02:53,,departure,
LD 204_2026-06-11,LD 204,AHK,2026-06-11,03:15,KIX,Dep 03:30,,departure,
LD 128_2026-06-11,LD 128,AHK,2026-06-11,03:20,ICN,Dep 03:25,,departure,
BR 6536_2026-06-11,BR 6536,EVA,2026-06-11,03:20,TPE,Dep 03:25,,departure,
LD 208_2026-06-11,LD 208,AHK,2026-06-11,03:25,NRT,Dep 03:33,,departure,
LD 327_2026-06-11,LD 327,AHK,2026-06-11,03:25,SIN,Dep 03:43,,departure,
LD 768_2026-06-11,LD 768,AHK,2026-06-11,03:25,PEK,Dep 03:28,,departure,
LD 216_2026-06-11,LD 216,AHK,2026-06-11,03:30,NGO,Dep 03:33,,departure,
8K 526_2026-06-11,8K 526,KMI,2026-06-11,03:30,BKK,Dep 03:49,,departure,
LD 457_2026-06-11,LD 457,AHK,2026-06-11,03:35,"MNL, CEB",Dep 03:50,,departure,
LD 782_2026-06-11,LD 782,AHK,2026-06-11,03:40,PVG,Dep 03:41,,departure,
LD 831_2026-06-11,LD 831,AHK,2026-06-11,03:40,BKK,Dep 03:43,,departure,
LD 561_2026-06-11,LD 561,AHK,2026-06-11,03:45,SGN,Dep 04:03,,departure,
TH 3508_2026-06-11,TH 3508,RMY,2026-06-11,03:45,KUL,Dep 04:18,,departure,
WW 891_2026-06-11,WW 891,KXP,2026-06-11,03:55,KUL,Cancelled,,departure,
ET 3707_2026-06-11,ET 3707,ETH,2026-06-11,03:55,"BUD, ADD",Dep 06:29,,departure,
3S 502_2026-06-11,3S 502,BOX,2026-06-11,04:00,LAX,Dep 04:15,,departure,
3Y 6011_2026-06-11,3Y 6011,MYU,2026-06-11,04:00,CGK,Dep 04:06,,departure,
HJ 022_2026-06-11,HJ 022,TMN,2026-06-11,04:00,SYD,Dep 03:59,,departure,
LD 720_2026-06-11,LD 720,AHK,2026-06-11,04:05,CTU,Dep 03:57,,departure,
QR 8413_2026-06-11,QR 8413,QTR,2026-06-11,04:10,DOH,Dep 04:10,,departure,
TH 3091_2026-06-11,TH 3091,RMY,2026-06-11,04:15,PEN,Dep 04:37,,departure,
LD 680_2026-06-11,LD 680,AHK,2026-06-11,04:20,TPE,Dep 04:11,,departure,
3S 715_2026-06-11,3S 715,BOX,2026-06-11,05:35,"DXB, LEJ",Dep 05:46,,departure,
3S 733_2026-06-11,3S 733,BOX,2026-06-11,05:40,"BLR, LEJ",Dep 06:57,,departure,
ES 720_2026-06-11,ES 720,DHX,2026-06-11,05:40,BAH,Dep 05:55,,departure,
3S 709_2026-06-11,3S 709,BOX,2026-06-11,05:45,"BAH, LEJ",Dep 06:11,,departure,
FX 5025_2026-06-11,FX 5025,FDX,2026-06-11,06:20,"IST, CDG, LGG, MEM",Dep 06:01,,departure,
K4 255_2026-06-11,K4 255,CKS,2026-06-11,06:40,"YHM, JFK, CVG",Dep 06:50,,departure,
D0 593_2026-06-11,D0 593,DHK,2026-06-11,06:40,"DEL, EMA",Dep 08:03,,departure,
EK 9835_2026-06-11,EK 9835,UAE,2026-06-11,06:45,DWC,Dep 06:29,,departure,
3S 505_2026-06-11,3S 505,BOX,2026-06-11,06:50,LEJ,Dep 06:46,,departure,
K4 241_2026-06-11,K4 241,CKS,2026-06-11,07:00,"ANC, MIA, CVG",Dep 08:23,,departure,
RH 331_2026-06-11,RH 331,HKC,2026-06-11,07:00,BKK,Cancelled,,departure,
SV 981_2026-06-11,SV 981,SVA,2026-06-11,07:00,RUH,Dep 17:00,,departure,
CK 264_2026-06-11,CK 264,CKK,2026-06-11,07:00,CKG,Dep 06:26,,departure,
CT 124_2026-06-11,CT 124,AAE,2026-06-11,07:00,"KGF, LGG",Dep 07:07,,departure,
5Y 8032_2026-06-11,5Y 8032,GTI,2026-06-11,07:00,"ANC, MIA",Dep 10:07,,departure,
RH 392_2026-06-11,RH 392,HKC,2026-06-11,07:05,"CIT, BUD",Dep 06:09 (12/06/2026),,departure,
SR 815_2026-06-11,SR 815,XKY,2026-06-11,07:15,CRK,Dep 07:24,,departure,
5Y 8523_2026-06-11,5Y 8523,GTI,2026-06-11,07:30,"ANC, ORD",Cancelled,,departure,
CX 3280_2026-06-11,CX 3280,CPA,2026-06-11,08:05,"ANC, LAX, PDX",Dep 08:40,,departure,
3S 503_2026-06-11,3S 503,BOX,2026-06-11,08:30,LEJ,Dep 09:18,,departure,
CV 531_2026-06-11,CV 531,CLX,2026-06-11,08:35,"GYD, LUX",Cancelled,,departure,
RH 371_2026-06-11,RH 371,HKC,2026-06-11,08:40,SIN,Dep 23:19,,departure,
QR 8417_2026-06-11,QR 8417,QTR,2026-06-11,08:45,DOH,Dep 08:50,,departure,
T8 4721_2026-06-11,T8 4721,TVR,2026-06-11,08:55,MEL,Dep 09:04,,departure,
RH 394_2026-06-11,RH 394,HKC,2026-06-11,09:30,"ALA, ATH",Dep 07:51 (12/06/2026),,departure,
CC 4600_2026-06-11,CC 4600,ABD,2026-06-11,09:30,"CMB, JNB",Cancelled,,departure,
K4 285_2026-06-11,K4 285,CKS,2026-06-11,09:45,"ANC, CVG",Dep 09:57,,departure,
RH 962_2026-06-11,RH 962,HKC,2026-06-11,09:55,KIX,Dep 10:43,,departure,
O3 268_2026-06-11,O3 268,CSS,2026-06-11,09:55,NGB,Dep 10:34,,departure,
CX 043_2026-06-11,CX 043,CPA,2026-06-11,10:10,DEL,Dep 10:07,,departure,
5X 067_2026-06-11,5X 067,UPS,2026-06-11,10:25,"ICN, ANC, SDF",Dep 10:48,,departure,
CV 976_2026-06-11,CV 976,CLX,2026-06-11,10:30,"NQZ, LUX",Cancelled,,departure,
EY 926_2026-06-11,EY 926,ETD,2026-06-11,10:45,AUH,Dep 10:51,,departure,
C8 9749_2026-06-11,C8 9749,ICV,2026-06-11,11:00,"GYD, LUX",Dep 19:42,,departure,
CI 5832_2026-06-11,CI 5832,CAL,2026-06-11,11:15,TPE,Dep 10:57,,departure,
QR 8427_2026-06-11,QR 8427,QTR,2026-06-11,11:15,DOH,Dep 10:57,,departure,
MP 9432_2026-06-11,MP 9432,MPH,2026-06-11,11:15,"ALA, AMS",Dep 12:29,,departure,
3S 517_2026-06-11,3S 517,BOX,2026-06-11,11:20,LEJ,Dep 12:12,,departure,
5X 003_2026-06-11,5X 003,UPS,2026-06-11,11:25,"CGN, PHL",Dep 12:57,,departure,
5Y 8030_2026-06-11,5Y 8030,GTI,2026-06-11,11:25,"ANC, MIA",Cancelled,,departure,
T8 4704_2026-06-11,T8 4704,TVR,2026-06-11,12:00,SHJ,Dep 12:10,,departure,
ET 3039_2026-06-11,ET 3039,ETH,2026-06-11,12:00,ADD,Dep 15:01,,departure,
EK 9825_2026-06-11,EK 9825,UAE,2026-06-11,12:25,DWC,Dep 12:46,,departure,
5Y 8131_2026-06-11,5Y 8131,GTI,2026-06-11,12:45,"DEL, ANC",Dep 13:07,,departure,
SQ 7921_2026-06-11,SQ 7921,SIA,2026-06-11,13:10,SIN,Dep 14:41,,departure,
MB 112_2026-06-11,MB 112,MNB,2026-06-11,13:15,"SHJ, IST",Dep 11:12 (12/06/2026),,departure,
RH 9457_2026-06-11,RH 9457,HKC,2026-06-11,13:20,DEL,Cancelled,,departure,
KJ 968_2026-06-11,KJ 968,AIH,2026-06-11,13:30,ICN,Dep 15:20,,departure,
CX 3298_2026-06-11,CX 3298,CPA,2026-06-11,13:50,"ANC, JFK",Dep 14:22,,departure,
3S 723_2026-06-11,3S 723,BOX,2026-06-11,14:00,"DEL, LEJ",Dep 14:15,,departure,
EK 9837_2026-06-11,EK 9837,UAE,2026-06-11,14:00,DWC,Dep 01:16 (12/06/2026),,departure,
3S 509_2026-06-11,3S 509,BOX,2026-06-11,14:15,LEJ,Dep 07:37 (12/06/2026),,departure,
ET 3685_2026-06-11,ET 3685,ETH,2026-06-11,14:15,ADD,Dep 16:17,,departure,
SQ 7952_2026-06-11,SQ 7952,SIA,2026-06-11,14:45,"ANC, DFW",Dep 14:44,,departure,
WW 862_2026-06-11,WW 862,KXP,2026-06-11,14:45,KUL,Dep 02:17,,departure,
EK 9841_2026-06-11,EK 9841,UAE,2026-06-11,14:55,DWC,Dep 14:46,,departure,
CX 3032_2026-06-11,CX 3032,CPA,2026-06-11,15:10,ICN,Dep 16:05,,departure,
5X 001_2026-06-11,5X 001,UPS,2026-06-11,15:40,"CGN, PHL",Dep 15:43,,departure,
RH 317_2026-06-11,RH 317,HKC,2026-06-11,15:55,HAN,Dep 08:47 (12/06/2026),,departure,
CX 3243_2026-06-11,CX 3243,CPA,2026-06-11,16:05,HAN,Dep 16:16,,departure,
5X 061_2026-06-11,5X 061,UPS,2026-06-11,16:05,"TPE, ANC, SDF",Dep 16:31,,departure,
P9 881_2026-06-11,P9 881,MGE,2026-06-11,16:10,GUM,Dep 17:44,,departure,
5X 166_2026-06-11,5X 166,UPS,2026-06-11,16:10,"SIN, SDF",Dep 16:15,,departure,
CC 4800_2026-06-11,CC 4800,ABD,2026-06-11,16:30,"CMB, JNB",Dep 07:11 (12/06/2026),,departure,
3S 519_2026-06-11,3S 519,BOX,2026-06-11,17:00,LEJ,Dep 16:52,,departure,
KE 9314_2026-06-11,KE 9314,KAL,2026-06-11,17:10,ICN,Dep 16:51,,departure,
5Y 654_2026-06-11,5Y 654,GTI,2026-06-11,17:25,"ICN, ANC, ORD",Dep 20:42,,departure,
MH 6119_2026-06-11,MH 6119,MAS,2026-06-11,18:10,KUL,Dep 18:31,,departure,
3Y 6018_2026-06-11,3Y 6018,MYU,2026-06-11,18:15,BWN,Dep 18:26,,departure,
LH 8461_2026-06-11,LH 8461,GEC,2026-06-11,18:25,"IST, FRA",Dep 19:53,,departure,
CX 2047_2026-06-11,CX 2047,CPA,2026-06-11,18:30,MAA,Dep 18:35,,departure,
5X 063_2026-06-11,5X 063,UPS,2026-06-11,19:05,"ANC, SDF",Dep 19:01,,departure,
CV 287_2026-06-11,CV 287,CLX,2026-06-11,19:10,"ANC, MIA, DFW, LUX",Dep 19:54,,departure,
CI 5838_2026-06-11,CI 5838,CAL,2026-06-11,19:20,TPE,Dep 19:41,,departure,
TH 6825_2026-06-11,TH 6825,RMY,2026-06-11,19:30,KUL,Dep 19:45,,departure,
SV 3021_2026-06-11,SV 3021,SVA,2026-06-11,19:30,"HSA, LGG, FRA",Dep 19:29,,departure,
SE 1105_2026-06-11,SE 1105,SVI,2026-06-11,19:30,"CCU, RKT, CAI, WAW",Cancelled,,departure,
CP 138_2026-06-11,CP 138,LSI,2026-06-11,19:35,"GYD, MXP",Dep 19:53,,departure,
AK 8542_2026-06-11,AK 8542,AXM,2026-06-11,19:45,KUL,Dep 20:17,,departure,
5X 1939_2026-06-11,5X 1939,UPS,2026-06-11,19:50,"ANC, ONT",Dep 19:41,,departure,
FX 5991_2026-06-11,FX 5991,FDX,2026-06-11,19:50,"KIX, OAK",Dep 19:55,,departure,
C8 782_2026-06-11,C8 782,ICV,2026-06-11,20:00,"ASB, MXP",Dep 20:21,,departure,
F5 7611_2026-06-11,F5 7611,ATG,2026-06-11,20:05,"DWC, TLV",Dep 08:18 (13/06/2026),,departure,
CX 056_2026-06-11,CX 056,CPA,2026-06-11,20:25,PVG,Dep 20:24,,departure,
7L 147_2026-06-11,7L 147,AZG,2026-06-11,20:25,GYD,Cancelled,,departure,
CX 054_2026-06-11,CX 054,CPA,2026-06-11,20:45,"CGO, PVG",Dep 20:51,,departure,
7L 1923_2026-06-11,7L 1923,AZG,2026-06-11,21:00,DWC,Dep 20:55,,departure,
SV 3961_2026-06-11,SV 3961,SVA,2026-06-11,21:15,DMM,Cancelled,,departure,
RH 351_2026-06-11,RH 351,HKC,2026-06-11,21:20,MNL,Dep 21:48,,departure,
7L 692_2026-06-11,7L 692,AZG,2026-06-11,21:20,GYD,Cancelled,,departure,
D0 009_2026-06-11,D0 009,DHK,2026-06-11,21:40,"CVG, EMA",Delayed,,departure,
ET 3785_2026-06-12,ET 3785,ETH,2026-06-12,00:00,"MCT, MAD",Cancelled,,departure,
CX 2094_2026-06-12,CX 2094,CPA,2026-06-12,00:10,"ANC, ORD",Dep 05:19,,departure,
RH 4568_2026-06-12,RH 4568,HKC,2026-06-12,00:15,TPE,Cancelled,,departure,
RH 829_2026-06-12,RH 829,HKC,2026-06-12,00:15,PVG,Cancelled,,departure,
QR 8401_2026-06-12,QR 8401,QTR,2026-06-12,00:30,DOH,Dep 00:35,,departure,
CX 006_2026-06-12,CX 006,CPA,2026-06-12,00:50,NRT,Dep 01:13,,departure,
K4 702_2026-06-12,K4 702,CKS,2026-06-12,00:55,"DWC, TLV",Cancelled,,departure,
2U 8051_2026-06-12,2U 8051,FKH,2026-06-12,01:10,"NQZ, RIX",Dep 01:02,,departure,
CX 096_2026-06-12,CX 096,CPA,2026-06-12,01:30,"ANC, NLU",Dep 04:35,,departure,
EK 9785_2026-06-12,EK 9785,UAE,2026-06-12,01:35,DWC,Dep 01:34,,departure,
JL 6782_2026-06-12,JL 6782,JAL,2026-06-12,02:20,NRT,Dep 02:10,,departure,
KZ 202_2026-06-12,KZ 202,NCA,2026-06-12,02:25,NRT,Dep 02:23,,departure,
KJ 974_2026-06-12,KJ 974,AIH,2026-06-12,02:40,ICN,Dep 02:43,,departure,
CI 5826_2026-06-12,CI 5826,CAL,2026-06-12,03:00,TPE,Dep 05:19,,departure,
CX 3031_2026-06-12,CX 3031,CPA,2026-06-12,03:00,AMS,Dep 02:58,,departure,
KE 314_2026-06-12,KE 314,KAL,2026-06-12,03:10,ICN,Dep 02:55,,departure,
LD 204_2026-06-12,LD 204,AHK,2026-06-12,03:15,KIX,Dep 03:14,,departure,
LD 128_2026-06-12,LD 128,AHK,2026-06-12,03:20,ICN,Dep 03:20,,departure,
BR 6538_2026-06-12,BR 6538,EVA,2026-06-12,03:20,TPE,Dep 03:10,,departure,
LD 208_2026-06-12,LD 208,AHK,2026-06-12,03:25,NRT,Dep 03:22,,departure,
LD 327_2026-06-12,LD 327,AHK,2026-06-12,03:25,SIN,Dep 03:35,,departure,
LD 768_2026-06-12,LD 768,AHK,2026-06-12,03:25,PEK,Dep 03:30,,departure,
LD 216_2026-06-12,LD 216,AHK,2026-06-12,03:30,NGO,Dep 03:27,,departure,
8K 526_2026-06-12,8K 526,KMI,2026-06-12,03:30,BKK,Dep 03:43,,departure,
LD 457_2026-06-12,LD 457,AHK,2026-06-12,03:35,"MNL, CEB",Dep 03:42,,departure,
LD 782_2026-06-12,LD 782,AHK,2026-06-12,03:40,PVG,Dep 03:52,,departure,
LD 831_2026-06-12,LD 831,AHK,2026-06-12,03:40,BKK,Dep 03:43,,departure,
LD 561_2026-06-12,LD 561,AHK,2026-06-12,03:45,SGN,Dep 03:58,,departure,
TH 3508_2026-06-12,TH 3508,RMY,2026-06-12,03:45,KUL,Dep 03:53,,departure,
NH 8512_2026-06-12,NH 8512,ANA,2026-06-12,03:50,NRT,Dep 03:33,,departure,
3S 500_2026-06-12,3S 500,BOX,2026-06-12,04:00,LAX,Dep 03:58,,departure,
3Y 6011_2026-06-12,3Y 6011,MYU,2026-06-12,04:00,CGK,Dep 04:18,,departure,
LD 720_2026-06-12,LD 720,AHK,2026-06-12,04:05,CTU,Dep 04:05,,departure,
QR 8407_2026-06-12,QR 8407,QTR,2026-06-12,04:10,DOH,Dep 03:50,,departure,
TH 3091_2026-06-12,TH 3091,RMY,2026-06-12,04:15,PEN,Dep 04:27,,departure,
LD 680_2026-06-12,LD 680,AHK,2026-06-12,04:20,TPE,Dep 04:12,,departure,
SV 987_2026-06-12,SV 987,SVA,2026-06-12,04:30,RUH,Dep 04:36,,departure,
ET 3769_2026-06-12,ET 3769,ETH,2026-06-12,05:00,"EMA, IST",Cancelled,,departure,
5Y 8232_2026-06-12,5Y 8232,GTI,2026-06-12,05:30,"ANC, MIA",Dep 07:32,,departure,
QR 8415_2026-06-12,QR 8415,QTR,2026-06-12,05:30,DOH,Dep 05:02,,departure,
3S 713_2026-06-12,3S 713,BOX,2026-06-12,05:35,"DXB, LEJ",Cancelled,,departure,
3S 735_2026-06-12,3S 735,BOX,2026-06-12,05:40,"BLR, LEJ",Dep 05:51,,departure,
ES 728_2026-06-12,ES 728,DHX,2026-06-12,05:40,BAH,Dep 05:55,,departure,
2G 102_2026-06-12,2G 102,HUA,2026-06-12,05:40,"ALA, BUD",Cancelled,,departure,
3S 707_2026-06-12,3S 707,BOX,2026-06-12,05:45,"BAH, LEJ",Dep 11:03,,departure,
FX 5217_2026-06-12,FX 5217,FDX,2026-06-12,06:05,"IST, MEM",Dep 06:02,,departure,
RH 9493_2026-06-12,RH 9493,HKC,2026-06-12,06:20,"ALA, IST",Dep 17:57 (13/06/2026),,departure,
D0 591_2026-06-12,D0 591,DHK,2026-06-12,06:40,"DEL, EMA",Dep 06:48,,departure,
CX 2058_2026-06-12,CX 2058,CPA,2026-06-12,06:45,PVG,Dep 06:58,,departure,
ET 3035_2026-06-12,ET 3035,ETH,2026-06-12,06:55,ADD,Cancelled,,departure,
QR 8409_2026-06-12,QR 8409,QTR,2026-06-12,06:55,DOH,Dep 06:48,,departure,
K4 243_2026-06-12,K4 243,CKS,2026-06-12,07:00,"ANC, MIA",Dep 07:10,,departure,
RH 331_2026-06-12,RH 331,HKC,2026-06-12,07:00,BKK,Dep 16:39,,departure,
3S 711_2026-06-12,3S 711,BOX,2026-06-12,07:00,LEJ,Dep 06:48,,departure,
QR 8411_2026-06-12,QR 8411,QTR,2026-06-12,07:00,DOH,Dep 07:12,,departure,
CT 112_2026-06-12,CT 112,AAE,2026-06-12,07:00,"KGF, LGG",Dep 06:57,,departure,
5Y 5528_2026-06-12,5Y 5528,GTI,2026-06-12,07:00,ICN,Cancelled,,departure,
CX 037_2026-06-12,CX 037,CPA,2026-06-12,07:05,"BLR, LHR",Dep 07:23,,departure,
K4 272_2026-06-12,K4 272,CKS,2026-06-12,07:15,"ALA, LGG",Dep 01:46 (13/06/2026),,departure,
EK 9843_2026-06-12,EK 9843,UAE,2026-06-12,07:15,DWC,Dep 07:23,,departure,
HE 993_2026-06-12,HE 993,HGO,2026-06-12,07:30,RUH,Dep 06:21 (13/06/2026),,departure,
CI 6842_2026-06-12,CI 6842,CAL,2026-06-12,07:35,TPE,Dep 08:29,,departure,
O3 152_2026-06-12,O3 152,CSS,2026-06-12,07:55,EHU,Dep 07:46,,departure,
K4 209_2026-06-12,K4 209,CKS,2026-06-12,08:15,"ANC, CVG",Dep 18:56,,departure,
HE 704_2026-06-12,HE 704,HGO,2026-06-12,08:15,AUH,Dep 08:01,,departure,
RH 371_2026-06-12,RH 371,HKC,2026-06-12,08:40,SIN,Dep 10:37,,departure,
CP 196_2026-06-12,CP 196,LSI,2026-06-12,09:20,"GYD, LGG",Dep 16:01,,departure,
O3 268_2026-06-12,O3 268,CSS,2026-06-12,09:55,NGB,Dep 12:37,,departure,
5Y 648_2026-06-12,5Y 648,GTI,2026-06-12,10:00,"ANC, LAX",Dep 10:52,,departure,
MB 480_2026-06-12,MB 480,MNB,2026-06-12,10:00,"NVI, IST",Dep 08:57 (15/06/2026),,departure,
QY 517_2026-06-12,QY 517,BCS,2026-06-12,10:00,"ALA, LEJ",Dep 07:07 (13/06/2026),,departure,
CX 2073_2026-06-12,CX 2073,CPA,2026-06-12,10:05,SIN,Dep 10:10,,departure,
CV 7955_2026-06-12,CV 7955,CLX,2026-06-12,10:15,"NQZ, LUX",Dep 18:52,,departure,
QR 8435_2026-06-12,QR 8435,QTR,2026-06-12,10:15,DOH,Dep 09:59,,departure,
ET 3707_2026-06-12,ET 3707,ETH,2026-06-12,10:30,"BUD, ADD",Dep 10:53,,departure,
5C 850_2026-06-12,5C 850,ICL,2026-06-12,10:30,"DWC, TLV",Cancelled,,departure,
3S 503_2026-06-12,3S 503,BOX,2026-06-12,10:50,"BRU, LEJ",Dep 10:15,,departure,
3S 547_2026-06-12,3S 547,BOX,2026-06-12,10:50,"BRU, LEJ",Cancelled,,departure,
EK 9791_2026-06-12,EK 9791,UAE,2026-06-12,10:55,DWC,Dep 10:45,,departure,
5X 003_2026-06-12,5X 003,UPS,2026-06-12,11:25,"CGN, PHL",Dep 12:17,,departure,
CX 3408_2026-06-12,CX 3408,CPA,2026-06-12,11:35,"ANC, ORD, DFW",Dep 11:37,,departure,
CV 272_2026-06-12,CV 272,CLX,2026-06-12,11:40,"ANC, ORD",Dep 14:24,,departure,
EY 932_2026-06-12,EY 932,ETD,2026-06-12,11:55,AUH,Dep 12:01,,departure,
T8 4702_2026-06-12,T8 4702,TVR,2026-06-12,12:00,SHJ,Dep 12:01,,departure,
T8 4704_2026-06-12,T8 4704,TVR,2026-06-12,12:00,DMM,Dep 12:21,,departure,
QR 8405_2026-06-12,QR 8405,QTR,2026-06-12,12:05,DOH,Dep 11:59,,departure,
3V 400_2026-06-12,3V 400,TAY,2026-06-12,12:25,"ALA, LGG",Dep 12:42,,departure,
MP 9442_2026-06-12,MP 9442,MPH,2026-06-12,12:30,"ALA, AMS",Dep 12:45,,departure,
KJ 970_2026-06-12,KJ 970,AIH,2026-06-12,13:30,ICN,Dep 14:20,,departure,
SQ 7869_2026-06-12,SQ 7869,SIA,2026-06-12,14:15,SIN,Dep 20:27,,departure,
SQ 7869X_2026-06-12,SQ 7869X,SIA,2026-06-12,14:15,SIN,Cancelled,,departure,
TK 6259_2026-06-12,TK 6259,THY,2026-06-12,14:20,IST,Dep 04:01 (13/06/2026),,departure,
5X 067_2026-06-12,5X 067,UPS,2026-06-12,14:20,"ANC, SDF",Dep 14:20,,departure,
CX 039_2026-06-12,CX 039,CPA,2026-06-12,14:45,BOM,Dep 15:14,,departure,
EK 9853_2026-06-12,EK 9853,UAE,2026-06-12,14:45,DWC,Dep 07:08 (13/06/2026),,departure,
WW 862_2026-06-12,WW 862,KXP,2026-06-12,15:20,KUL,Dep 23:32,,departure,
KE 8314_2026-06-12,KE 8314,KAL,2026-06-12,15:50,ICN,Dep 18:23,,departure,
5Y 612_2026-06-12,5Y 612,GTI,2026-06-12,15:55,"ANC, HSV, MIA",Dep 09:43 (13/06/2026),,departure,
RH 317_2026-06-12,RH 317,HKC,2026-06-12,15:55,HAN,Dep 12:10 (13/06/2026),,departure,
CX 094_2026-06-12,CX 094,CPA,2026-06-12,16:00,"ANC, JFK",Dep 16:11,,departure,
5X 061_2026-06-12,5X 061,UPS,2026-06-12,16:05,"TPE, ANC, SDF",Dep 16:20,,departure,
P9 881_2026-06-12,P9 881,MGE,2026-06-12,16:10,GUM,Dep 21:21 (13/06/2026),,departure,
7L 629_2026-06-12,7L 629,AZG,2026-06-12,16:10,GYD,Dep 22:13,,departure,
TK 6321_2026-06-12,TK 6321,THY,2026-06-12,16:25,IST,Dep 16:16,,departure,
5X 169_2026-06-12,5X 169,UPS,2026-06-12,16:25,"SIN, SDF",Dep 16:28,,departure,
5Y 8523_2026-06-12,5Y 8523,GTI,2026-06-12,16:45,"ANC, ORD",Dep 12:29 (13/06/2026),,departure,
3S 519_2026-06-12,3S 519,BOX,2026-06-12,16:45,LEJ,Dep 16:49,,departure,
CX 2049_2026-06-12,CX 2049,CPA,2026-06-12,16:55,HAN,Dep 22:20,,departure,
7L 148_2026-06-12,7L 148,AZG,2026-06-12,17:00,GYD,Dep 16:00,,departure,
RH 9375_2026-06-12,RH 9375,HKC,2026-06-12,17:00,MAA,Cancelled,,departure,
5Y 8139_2026-06-12,5Y 8139,GTI,2026-06-12,17:55,"DEL, ANC",Cancelled,,departure,
CX 2026_2026-06-12,CX 2026,CPA,2026-06-12,18:05,TPE,Dep 09:32 (13/06/2026),,departure,
7L 247_2026-06-12,7L 247,AZG,2026-06-12,18:10,GYD,Cancelled,,departure,
RH 9457_2026-06-12,RH 9457,HKC,2026-06-12,18:10,DEL,Dep 16:56 (13/06/2026),,departure,
QR 8475_2026-06-12,QR 8475,QTR,2026-06-12,18:15,DOH,Dep 18:04,,departure,
7L 572_2026-06-12,7L 572,AZG,2026-06-12,18:35,GYD,Cancelled,,departure,
EK 9847_2026-06-12,EK 9847,UAE,2026-06-12,18:45,DWC,Dep 07:10 (14/06/2026),,departure,
SQ 7859_2026-06-12,SQ 7859,SIA,2026-06-12,18:55,SIN,Dep 15:28 (13/06/2026),,departure,
CI 6844_2026-06-12,CI 6844,CAL,2026-06-12,19:20,TPE,Dep 21:27,,departure,
5X 063_2026-06-12,5X 063,UPS,2026-06-12,19:25,"ANC, SDF",Dep 19:11,,departure,
TH 6825_2026-06-12,TH 6825,RMY,2026-06-12,19:30,KUL,Dep 19:16,,departure,
AK 8542_2026-06-12,AK 8542,AXM,2026-06-12,19:45,KUL,Dep 20:18,,departure,
SV 977_2026-06-12,SV 977,SVA,2026-06-12,19:45,JED,Dep 20:12,,departure,
5X 059_2026-06-12,5X 059,UPS,2026-06-12,19:45,"ANC, ONT",Dep 19:44,,departure,
FX 5991_2026-06-12,FX 5991,FDX,2026-06-12,19:50,"KIX, MEM",Dep 19:52,,departure,
CX 3147_2026-06-12,CX 3147,CPA,2026-06-12,21:00,HAN,Dep 21:09,,departure,
CX 090_2026-06-12,CX 090,CPA,2026-06-12,21:05,"ANC, LAX, DFW",Dep 21:11,,departure,
RH 351_2026-06-12,RH 351,HKC,2026-06-12,21:20,MNL,Dep 22:08,,departure,
MH 6113_2026-06-12,MH 6113,MAS,2026-06-12,21:50,KUL,Dep 21:54,,departure,
WW 109_2026-06-12,WW 109,KXP,2026-06-12,22:00,KUL,Cancelled,,departure,
CV 293_2026-06-12,CV 293,CLX,2026-06-12,22:15,"ANC, NLU",Dep 03:06 (13/06/2026),,departure,
HJ 022_2026-06-12,HJ 022,TMN,2026-06-12,22:35,SYD,Dep 23:17,,departure,
C6 7632_2026-06-12,C6 7632,MFX,2026-06-12,23:00,TAS,Dep 13:48 (13/06/2026),,departure,
QF 7526_2026-06-12,QF 7526,QFA,2026-06-12,23:10,SYD,Dep 00:54 (13/06/2026),,departure,
MB 578_2026-06-13,MB 578,MNB,2026-06-13,00:00,"SHJ, IST",Dep 02:56,,departure,
CX 3272_2026-06-13,CX 3272,CPA,2026-06-13,00:05,"ANC, MIA, ATL",Dep 10:22,,departure,
RH 4568_2026-06-13,RH 4568,HKC,2026-06-13,00:15,TPE,Dep 02:35,,departure,
RH 829_2026-06-13,RH 829,HKC,2026-06-13,00:15,PVG,Cancelled,,departure,
QR 8429_2026-06-13,QR 8429,QTR,2026-06-13,00:30,DOH,Dep 00:34,,departure,
CX 006_2026-06-13,CX 006,CPA,2026-06-13,00:50,NRT,Dep 01:19,,departure,
MS 510_2026-06-13,MS 510,MSR,2026-06-13,01:00,"BKK, AMM",Dep 01:30,,departure,
BR 6090_2026-06-13,BR 6090,EVA,2026-06-13,01:30,TPE,Dep 02:09,,departure,
JL 6782_2026-06-13,JL 6782,JAL,2026-06-13,02:20,NRT,Dep 03:23,,departure,
KJ 972_2026-06-13,KJ 972,AIH,2026-06-13,02:20,ICN,Dep 02:35,,departure,
ET 3785_2026-06-13,ET 3785,ETH,2026-06-13,02:20,"MCT, MAD, ADD",Dep 01:47,,departure,
KZ 202_2026-06-13,KZ 202,NCA,2026-06-13,02:25,NRT,Dep 03:56,,departure,
NH 8512_2026-06-13,NH 8512,ANA,2026-06-13,02:25,NRT,Dep 02:15,,departure,
SV 983_2026-06-13,SV 983,SVA,2026-06-13,02:25,RUH,Dep 03:32,,departure,
CX 056_2026-06-13,CX 056,CPA,2026-06-13,02:40,PVG,Dep 02:37,,departure,
ET 3219_2026-06-13,ET 3219,ETH,2026-06-13,02:40,ADD,Dep 14:59,,departure,
CI 5836_2026-06-13,CI 5836,CAL,2026-06-13,03:00,TPE,Dep 03:40,,departure,
7L 692_2026-06-13,7L 692,AZG,2026-06-13,03:00,GYD,Dep 03:12,,departure,
KE 314_2026-06-13,KE 314,KAL,2026-06-13,03:10,ICN,Dep 02:46,,departure,
BR 6536_2026-06-13,BR 6536,EVA,2026-06-13,03:20,TPE,Dep 03:53,,departure,
LD 457_2026-06-13,LD 457,AHK,2026-06-13,03:35,"MNL, CEB",Dep 03:44,,departure,
QR 8421_2026-06-13,QR 8421,QTR,2026-06-13,03:35,DOH,Dep 03:33,,departure,
8K 526_2026-06-13,8K 526,KMI,2026-06-13,03:40,BKK,Dep 03:41,,departure,
LD 591_2026-06-13,LD 591,AHK,2026-06-13,03:45,PEN,Dep 03:54,,departure,
LD 128_2026-06-13,LD 128,AHK,2026-06-13,03:50,ICN,Dep 04:17,,departure,
LD 208_2026-06-13,LD 208,AHK,2026-06-13,03:55,NRT,Dep 04:03,,departure,
QR 8437_2026-06-13,QR 8437,QTR,2026-06-13,03:55,DOH,Dep 04:07,,departure,
CX 050_2026-06-13,CX 050,CPA,2026-06-13,04:00,CGO,Dep 04:04,,departure,
LD 831_2026-06-13,LD 831,AHK,2026-06-13,04:05,BKK,Dep 04:10,,departure,
SQ 7412_2026-06-13,SQ 7412,SIA,2026-06-13,04:05,"NGO, CVG",Dep 03:30,,departure,
TC 503_2026-06-13,TC 503,ATC,2026-06-13,04:10,MCT,Cancelled,,departure,
LD 782_2026-06-13,LD 782,AHK,2026-06-13,04:15,PVG,Dep 04:18,,departure,
CB 857_2026-06-13,CB 857,ABB,2026-06-13,04:30,NVI,Cancelled,,departure,
LD 317_2026-06-13,LD 317,AHK,2026-06-13,04:35,SIN,Dep 04:22,,departure,
MB 352_2026-06-13,MB 352,MNB,2026-06-13,04:35,"NVI, IST",Dep 07:16,,departure,
CV 352_2026-06-13,CV 352,CLX,2026-06-13,04:40,"GYD, LUX",Dep 04:39,,departure,
LD 680_2026-06-13,LD 680,AHK,2026-06-13,04:45,TPE,Dep 04:39,,departure,
CX 061_2026-06-13,CX 061,CPA,2026-06-13,05:00,"BLR, FRA",Dep 05:03,,departure,
3S 715_2026-06-13,3S 715,BOX,2026-06-13,05:35,"DXB, LEJ",Dep 05:44,,departure,
EK 9831_2026-06-13,EK 9831,UAE,2026-06-13,05:35,DWC,Dep 05:23,,departure,
3S 733_2026-06-13,3S 733,BOX,2026-06-13,05:40,"BLR, LEJ",Dep 05:51,,departure,
ES 720_2026-06-13,ES 720,DHX,2026-06-13,05:40,BAH,Dep 09:39,,departure,
3S 502_2026-06-13,3S 502,BOX,2026-06-13,06:00,LAX,Dep 06:09,,departure,
FX 021_2026-06-13,FX 021,FDX,2026-06-13,06:05,"IST, CDG, MXP, MEM",Dep 06:14,,departure,
3S 517_2026-06-13,3S 517,BOX,2026-06-13,06:05,LEJ,Dep 06:18,,departure,
HE 775_2026-06-13,HE 775,HGO,2026-06-13,06:50,CIT,Dep 08:10,,departure,
3S 709_2026-06-13,3S 709,BOX,2026-06-13,06:50,"BAH, LEJ",Dep 07:10,,departure,
K4 253_2026-06-13,K4 253,CKS,2026-06-13,06:55,"ANC, CVG",Dep 07:17,,departure,
QR 8403_2026-06-13,QR 8403,QTR,2026-06-13,06:55,DOH,Dep 06:48,,departure,
K4 241_2026-06-13,K4 241,CKS,2026-06-13,07:00,"ANC, CVG",Dep 07:01,,departure,
RH 331_2026-06-13,RH 331,HKC,2026-06-13,07:00,BKK,Dep 10:14,,departure,
CK 264_2026-06-13,CK 264,CKK,2026-06-13,07:00,CKG,Dep 07:19,,departure,
CT 126_2026-06-13,CT 126,AAE,2026-06-13,07:00,KGF,Dep 08:43,,departure,
F5 6512_2026-06-13,F5 6512,ATG,2026-06-13,07:00,SHJ,Dep 13:33 (14/06/2026),,departure,
RH 392_2026-06-13,RH 392,HKC,2026-06-13,07:05,"CIT, BUD",Dep 20:34,,departure,
ET 3601_2026-06-13,ET 3601,ETH,2026-06-13,07:10,ADD,Cancelled,,departure,
K4 291_2026-06-13,K4 291,CKS,2026-06-13,07:15,"ANC, CVG",Dep 10:34,,departure,
SR 815_2026-06-13,SR 815,XKY,2026-06-13,07:15,CRK,Dep 09:10,,departure,
EK 9215_2026-06-13,EK 9215,UAE,2026-06-13,07:15,"ALA, BUD",Dep 07:35,,departure,
HJ 026_2026-06-13,HJ 026,TMN,2026-06-13,07:20,SYD,Dep 02:02 (14/06/2026),,departure,
CX 3073_2026-06-13,CX 3073,CPA,2026-06-13,08:20,PEN,Dep 08:35,,departure,
RH 705_2026-06-13,RH 705,HKC,2026-06-13,08:30,MEL,Dep 08:44,,departure,
RH 371_2026-06-13,RH 371,HKC,2026-06-13,08:40,SIN,Cancelled,,departure,
3S 545_2026-06-13,3S 545,BOX,2026-06-13,08:55,"BRU, FRA",Dep 10:19,,departure,
LD 8927_2026-06-13,LD 8927,AHK,2026-06-13,09:20,CGK,Dep 10:10,,departure,
KJ 952_2026-06-13,KJ 952,AIH,2026-06-13,09:20,ICN,Dep 10:36,,departure,
QY 671_2026-06-13,QY 671,BCS,2026-06-13,09:35,ALA,Dep 11:24,,departure,
EK 9833_2026-06-13,EK 9833,UAE,2026-06-13,09:40,DWC,Dep 19:30,,departure,
TK 6235_2026-06-13,TK 6235,THY,2026-06-13,09:45,IST,Dep 10:15,,departure,
CV 251_2026-06-13,CV 251,CLX,2026-06-13,09:55,"ANC, DFW",Dep 11:52,,departure,
O3 268_2026-06-13,O3 268,CSS,2026-06-13,09:55,NGB,Dep 11:12,,departure,
RH 6651_2026-06-13,RH 6651,HKC,2026-06-13,09:55,DAC,Cancelled,,departure,
SQ 7980_2026-06-13,SQ 7980,SIA,2026-06-13,10:30,"ANC, DFW",Dep 10:51,,departure,
CV 292_2026-06-13,CV 292,CLX,2026-06-13,10:30,"GYD, LUX",Dep 10:49,,departure,
D0 593_2026-06-13,D0 593,DHK,2026-06-13,11:55,"DEL, EMA",Dep 07:05 (14/06/2026),,departure,
T8 4702_2026-06-13,T8 4702,TVR,2026-06-13,12:00,SHJ,Dep 12:11,,departure,
T8 4704_2026-06-13,T8 4704,TVR,2026-06-13,12:00,DMM,Dep 11:58,,departure,
5C 850_2026-06-13,5C 850,ICL,2026-06-13,12:00,"DWC, TLV",Dep 18:45,,departure,
RH 9489_2026-06-13,RH 9489,HKC,2026-06-13,12:05,"ALA, IST",Cancelled,,departure,
CX 084_2026-06-13,CX 084,CPA,2026-06-13,12:10,"ANC, LAX, PDX",Dep 12:37,,departure,
K4 704_2026-06-13,K4 704,CKS,2026-06-13,12:25,"DWC, TLV",Dep 15:45 (14/06/2026),,departure,
CC 3575_2026-06-13,CC 3575,ABD,2026-06-13,12:30,"CMB, JNB",Dep 19:01,,departure,
5Y 8052_2026-06-13,5Y 8052,GTI,2026-06-13,12:30,"ANC, MIA",Dep 21:01,,departure,
5Y 8139_2026-06-13,5Y 8139,GTI,2026-06-13,12:55,"DEL, ANC",Dep 04:56 (14/06/2026),,departure,
CX 049_2026-06-13,CX 049,CPA,2026-06-13,13:15,DAC,Dep 13:56,,departure,
MH 6104_2026-06-13,MH 6104,MAS,2026-06-13,13:20,KUL,Cancelled,,departure,
MH 6105_2026-06-13,MH 6105,MAS,2026-06-13,13:20,KUL,Dep 13:09,,departure,
KJ 968_2026-06-13,KJ 968,AIH,2026-06-13,13:30,ICN,Dep 13:37,,departure,
7L 1572_2026-06-13,7L 1572,AZG,2026-06-13,13:40,GYD,Cancelled,,departure,
CX 3241_2026-06-13,CX 3241,CPA,2026-06-13,14:30,DEL,Dep 14:41,,departure,
WW 862_2026-06-13,WW 862,KXP,2026-06-13,14:45,KUL,Cancelled,,departure,
EK 9845_2026-06-13,EK 9845,UAE,2026-06-13,14:45,DWC,Dep 15:19,,departure,
CP 156_2026-06-13,CP 156,LSI,2026-06-13,14:50,"GYD, FCO",Cancelled,,departure,
CX 3032_2026-06-13,CX 3032,CPA,2026-06-13,15:10,ICN,Dep 16:32,,departure,
RH 317_2026-06-13,RH 317,HKC,2026-06-13,15:55,HAN,Dep 10:42 (14/06/2026),,departure,
MP 9452_2026-06-13,MP 9452,MPH,2026-06-13,16:00,"ALA, AMS",Dep 15:57,,departure,
CX 080_2026-06-13,CX 080,CPA,2026-06-13,16:05,"ANC, ORD",Dep 17:19,,departure,
SR 813_2026-06-13,SR 813,XKY,2026-06-13,16:30,CRK,Dep 16:23,,departure,
CX 3296_2026-06-13,CX 3296,CPA,2026-06-13,16:30,"ANC, JFK",Dep 16:41,,departure,
EK 9793_2026-06-13,EK 9793,UAE,2026-06-13,16:50,DWC,Dep 18:18,,departure,
2U 8874_2026-06-13,2U 8874,FKH,2026-06-13,16:55,"NQZ, RIX",Dep 17:29,,departure,
QR 8473_2026-06-13,QR 8473,QTR,2026-06-13,17:00,DOH,Cancelled,,departure,
5Y 8137_2026-06-13,5Y 8137,GTI,2026-06-13,17:15,DEL,Cancelled,,departure,
C8 762_2026-06-13,C8 762,ICV,2026-06-13,17:25,"ASB, MXP",Dep 17:29,,departure,
CP 198_2026-06-13,CP 198,LSI,2026-06-13,17:30,"GYD, FCO",Dep 23:34,,departure,
KE 9314_2026-06-13,KE 9314,KAL,2026-06-13,17:30,ICN,Dep 17:16,,departure,
EK 9841_2026-06-13,EK 9841,UAE,2026-06-13,18:00,DWC,Dep 18:35,,departure,
5Y 4356_2026-06-13,5Y 4356,GTI,2026-06-13,18:05,"SHJ, LGG",Cancelled,,departure,
LH 8461_2026-06-13,LH 8461,GEC,2026-06-13,18:05,"IST, FRA",Dep 18:12,,departure,
CT 114_2026-06-13,CT 114,AAE,2026-06-13,18:05,HSA,Dep 17:44,,departure,
7L 624_2026-06-13,7L 624,AZG,2026-06-13,18:25,GYD,Cancelled,,departure,
EY 926_2026-06-13,EY 926,ETD,2026-06-13,18:45,AUH,Dep 18:54,,departure,
CI 5824_2026-06-13,CI 5824,CAL,2026-06-13,18:50,TPE,Dep 21:12,,departure,
CI 5838_2026-06-13,CI 5838,CAL,2026-06-13,19:20,TPE,Dep 21:33,,departure,
TH 6825_2026-06-13,TH 6825,RMY,2026-06-13,19:30,KUL,Dep 19:50,,departure,
AK 8546_2026-06-13,AK 8546,AXM,2026-06-13,19:45,KUL,Dep 21:30,,departure,
SV 973_2026-06-13,SV 973,SVA,2026-06-13,19:45,RUH,Dep 02:22 (14/06/2026),,departure,
SQ 7867_2026-06-13,SQ 7867,SIA,2026-06-13,19:45,SIN,Dep 19:39,,departure,
CX 067_2026-06-13,CX 067,CPA,2026-06-13,19:55,"MAA, FRA",Dep 20:01,,departure,
TK 6249_2026-06-13,TK 6249,THY,2026-06-13,20:00,"CIT, IST",Dep 20:01,,departure,
3S 631_2026-06-13,3S 631,BOX,2026-06-13,20:25,"DWC, FRA",Dep 20:22,,departure,
FX 5012_2026-06-13,FX 5012,FDX,2026-06-13,20:45,"ANC, MEM",Dep 08:46 (14/06/2026),,departure,
HE 1710_2026-06-13,HE 1710,HGO,2026-06-13,21:00,GYD,Dep 21:46,,departure,
5X 059_2026-06-13,5X 059,UPS,2026-06-13,21:00,"ANC, ONT",Dep 20:48,,departure,
CV 309_2026-06-13,CV 309,CLX,2026-06-13,21:10,"GYD, LUX",Dep 17:16 (14/06/2026),,departure,
RH 351_2026-06-13,RH 351,HKC,2026-06-13,21:20,MNL,Dep 22:19,,departure,
QR 8441_2026-06-13,QR 8441,QTR,2026-06-13,21:30,DOH,Dep 23:20,,departure,
2C 575_2026-06-13,2C 575,CMA,2026-06-13,21:45,CDG,Dep 22:12,,departure,
7L 648_2026-06-13,7L 648,AZG,2026-06-13,21:55,GYD,Cancelled,,departure,
CX 3262_2026-06-13,CX 3262,CPA,2026-06-13,22:00,CKG,Dep 22:14,,departure,
CV 244_2026-06-13,CV 244,CLX,2026-06-13,22:15,"ANC, LAX, LUX",Dep 22:05,,departure,
EY 938_2026-06-13,EY 938,ETD,2026-06-13,22:45,AUH,Dep 22:55,,departure,
CX 3238_2026-06-13,CX 3238,CPA,2026-06-13,23:10,XMN,Dep 04:56 (14/06/2026),,departure,
BR 6820_2026-06-13,BR 6820,EVA,2026-06-13,23:15,TPE,Dep 23:09,,departure,
D0 895_2026-06-13,D0 895,DHK,2026-06-13,23:20,"BAH, LEJ, EMA",Cancelled,,departure,
D0 897_2026-06-13,D0 897,DHK,2026-06-13,23:20,"BAH, LEJ, EMA",Dep 23:43,,departure,
CX 054_2026-06-13,CX 054,CPA,2026-06-13,23:30,PVG,Dep 08:16 (14/06/2026),,departure,
5X 061_2026-06-13,5X 061,UPS,2026-06-13,23:30,"TPE, ANC, SDF",Dep 22:55,,departure,
RH 4568_2026-06-14,RH 4568,HKC,2026-06-14,00:15,TPE,Dep 02:55 (15/06/2026),,departure,
RH 829_2026-06-14,RH 829,HKC,2026-06-14,00:15,PVG,Dep 05:50,,departure,
ET 3785_2026-06-14,ET 3785,ETH,2026-06-14,00:15,"MCT, MAD, ADD",Dep 13:04,,departure,
CV 597_2026-06-14,CV 597,CLX,2026-06-14,00:35,"GYD, LUX",Dep 06:13,,departure,
CX 006_2026-06-14,CX 006,CPA,2026-06-14,00:50,NRT,Dep 01:13,,departure,
CX 096_2026-06-14,CX 096,CPA,2026-06-14,01:30,"ANC, NLU",Dep 03:28,,departure,
JL 6782_2026-06-14,JL 6782,JAL,2026-06-14,02:20,NRT,Dep 02:31,,departure,
QR 8465_2026-06-14,QR 8465,QTR,2026-06-14,02:20,DOH,Dep 02:41,,departure,
KZ 202_2026-06-14,KZ 202,NCA,2026-06-14,02:25,NRT,Dep 02:22,,departure,
5X 063_2026-06-14,5X 063,UPS,2026-06-14,02:35,"ANC, SDF",Dep 02:19,,departure,
QR 8419_2026-06-14,QR 8419,QTR,2026-06-14,02:40,DOH,Dep 03:22,,departure,
CP 144_2026-06-14,CP 144,LSI,2026-06-14,02:45,MXP,Dep 02:44,,departure,
CI 5826_2026-06-14,CI 5826,CAL,2026-06-14,03:00,TPE,Dep 04:35,,departure,
MS 510_2026-06-14,MS 510,MSR,2026-06-14,03:00,"BKK, CAI",Dep 02:53,,departure,
KE 314_2026-06-14,KE 314,KAL,2026-06-14,03:10,ICN,Dep 02:56,,departure,
5X 001_2026-06-14,5X 001,UPS,2026-06-14,03:15,"CGN, PHL",Cancelled,,departure,
LD 457_2026-06-14,LD 457,AHK,2026-06-14,03:35,"MNL, CEB",Dep 03:39,,departure,
LD 768_2026-06-14,LD 768,AHK,2026-06-14,03:35,PEK,Dep 03:37,,departure,
LD 831_2026-06-14,LD 831,AHK,2026-06-14,03:40,BKK,Dep 03:44,,departure,
8K 526_2026-06-14,8K 526,KMI,2026-06-14,03:40,BKK,Dep 03:45,,departure,
ET 3769_2026-06-14,ET 3769,ETH,2026-06-14,03:50,"EMA, ADD",Cancelled,,departure,
LD 216_2026-06-14,LD 216,AHK,2026-06-14,03:55,NGO,Dep 03:50,,departure,
LD 327_2026-06-14,LD 327,AHK,2026-06-14,03:55,SIN,Dep 04:02,,departure,
LD 204_2026-06-14,LD 204,AHK,2026-06-14,04:00,KIX,Dep 04:13,,departure,
QR 8407_2026-06-14,QR 8407,QTR,2026-06-14,04:00,DOH,Dep 03:57,,departure,
LD 208_2026-06-14,LD 208,AHK,2026-06-14,04:05,NRT,Dep 04:24,,departure,
LD 720_2026-06-14,LD 720,AHK,2026-06-14,04:05,CTU,Dep 04:08,,departure,
LD 782_2026-06-14,LD 782,AHK,2026-06-14,04:15,PVG,Dep 04:30,,departure,
TH 3091_2026-06-14,TH 3091,RMY,2026-06-14,04:15,PEN,Dep 04:22,,departure,
7L 625_2026-06-14,7L 625,AZG,2026-06-14,04:30,GYD,Dep 04:17,,departure,
LD 128_2026-06-14,LD 128,AHK,2026-06-14,04:50,ICN,Dep 04:47,,departure,
MH 6013_2026-06-14,MH 6013,MAS,2026-06-14,04:55,KUL,Dep 05:15,,departure,
LD 561_2026-06-14,LD 561,AHK,2026-06-14,05:00,"SGN, PEN",Dep 05:05,,departure,
ES 736_2026-06-14,ES 736,DHX,2026-06-14,05:00,"BLR, BAH",Dep 06:30,,departure,
TH 3508_2026-06-14,TH 3508,RMY,2026-06-14,05:00,KUL,Dep 04:46,,departure,
CB 857_2026-06-14,CB 857,ABB,2026-06-14,05:20,"NVI, BRU",Dep 06:05,,departure,
ET 3707_2026-06-14,ET 3707,ETH,2026-06-14,05:20,"BUD, ADD",Dep 10:20,,departure,
3S 713_2026-06-14,3S 713,BOX,2026-06-14,05:35,"DXB, LEJ",Dep 06:25,,departure,
QR 8453_2026-06-14,QR 8453,QTR,2026-06-14,05:45,DOH,Dep 05:50,,departure,
Y9 2564_2026-06-14,Y9 2564,SGA,2026-06-14,06:00,"DAC, DWC",Dep 07:06,,departure,
3S 500_2026-06-14,3S 500,BOX,2026-06-14,06:00,LAX,Dep 06:04,,departure,
QR 8431_2026-06-14,QR 8431,QTR,2026-06-14,06:00,DOH,Dep 06:29,,departure,
CX 007_2026-06-14,CX 007,CPA,2026-06-14,06:05,"BOM, LHR",Dep 06:28,,departure,
QY 651_2026-06-14,QY 651,BCS,2026-06-14,06:30,"BAH, LEJ",Dep 06:41,,departure,
CX 072_2026-06-14,CX 072,CPA,2026-06-14,06:40,"ANC, MIA, IAH",Dep 06:52,,departure,
K4 255_2026-06-14,K4 255,CKS,2026-06-14,06:55,"ANC, JFK",Dep 09:04,,departure,
HE 995_2026-06-14,HE 995,HGO,2026-06-14,06:55,RUH,Dep 15:02 (17/06/2026),,departure,
D0 501_2026-06-14,D0 501,DHK,2026-06-14,06:55,"BRU, EMA",Cancelled,,departure,
K4 235_2026-06-14,K4 235,CKS,2026-06-14,07:00,"ANC, CVG",Dep 07:15,,departure,
RH 331_2026-06-14,RH 331,HKC,2026-06-14,07:00,BKK,Dep 22:34,,departure,
N8 503_2026-06-14,N8 503,NCR,2026-06-14,07:00,ANC,Dep 13:16,,departure,
5X 003_2026-06-14,5X 003,UPS,2026-06-14,07:00,"CGN, PHL",Dep 06:49,,departure,
QY 517_2026-06-14,QY 517,BCS,2026-06-14,07:00,"ALA, LEJ",Cancelled,,departure,
QY 539_2026-06-14,QY 539,BCS,2026-06-14,07:00,"ALA, LEJ",Dep 18:42 (15/06/2026),,departure,
CK 264_2026-06-14,CK 264,CKK,2026-06-14,07:10,CKG,Dep 18:26,,departure,
3S 507_2026-06-14,3S 507,BOX,2026-06-14,07:15,LEJ,Dep 07:09,,departure,
CI 5834_2026-06-14,CI 5834,CAL,2026-06-14,07:20,TPE,Dep 13:12,,departure,
CV 708_2026-06-14,CV 708,CLX,2026-06-14,07:20,"GYD, BUD, LUX",Dep 13:20,,departure,
HJ 024_2026-06-14,HJ 024,TMN,2026-06-14,07:25,SYD,Dep 07:36,,departure,
3S 721_2026-06-14,3S 721,BOX,2026-06-14,07:35,"DEL, LEJ",Dep 07:46,,departure,
QY 675_2026-06-14,QY 675,BCS,2026-06-14,07:35,ALA,Dep 07:46,,departure,
K4 223_2026-06-14,K4 223,CKS,2026-06-14,07:40,ANC,Dep 06:26,,departure,
QR 8473_2026-06-14,QR 8473,QTR,2026-06-14,07:40,DOH,Dep 06:57,,departure,
K4 201_2026-06-14,K4 201,CKS,2026-06-14,08:15,"ANC, CVG",Dep 20:51,,departure,
SV 987_2026-06-14,SV 987,SVA,2026-06-14,08:20,RUH,Dep 07:09,,departure,
ES 696_2026-06-14,ES 696,DHX,2026-06-14,08:25,BAH,Dep 08:58,,departure,
RH 371_2026-06-14,RH 371,HKC,2026-06-14,08:40,SIN,Dep 09:22,,departure,
K4 273_2026-06-14,K4 273,CKS,2026-06-14,08:55,"ANC, CVG",Dep 12:25,,departure,
F5 7614_2026-06-14,F5 7614,ATG,2026-06-14,08:55,DWC,Cancelled,,departure,
FX 018_2026-06-14,FX 018,FDX,2026-06-14,09:15,"SIN, MEM",Dep 09:03,,departure,
KJ 954_2026-06-14,KJ 954,AIH,2026-06-14,09:20,ICN,Dep 11:33,,departure,
EK 9861_2026-06-14,EK 9861,UAE,2026-06-14,09:20,DWC,Dep 19:47,,departure,
K4 702_2026-06-14,K4 702,CKS,2026-06-14,09:30,"DWC, TLV",Dep 21:48 (15/06/2026),,departure,
3S 509_2026-06-14,3S 509,BOX,2026-06-14,09:30,LEJ,Dep 10:26,,departure,
HJ 032_2026-06-14,HJ 032,TMN,2026-06-14,09:35,MEL,Dep 07:32 (15/06/2026),,departure,
QR 8433_2026-06-14,QR 8433,QTR,2026-06-14,09:45,DOH,Dep 09:45,,departure,
CX 3249_2026-06-14,CX 3249,CPA,2026-06-14,09:50,CGK,Dep 09:57,,departure,
RH 962_2026-06-14,RH 962,HKC,2026-06-14,09:55,KIX,Dep 15:07,,departure,
5Y 8673_2026-06-14,5Y 8673,GTI,2026-06-14,10:00,"ANC, MIA",Dep 10:15,,departure,
3S 517_2026-06-14,3S 517,BOX,2026-06-14,10:15,LEJ,Dep 10:36,,departure,
Z7 322_2026-06-14,Z7 322,CMS,2026-06-14,11:00,"ALA, TBS",Cancelled,,departure,
MP 9462_2026-06-14,MP 9462,MPH,2026-06-14,11:15,"ALA, AMS",Dep 11:13,,departure,
3V 400_2026-06-14,3V 400,TAY,2026-06-14,11:25,"ALA, LGG",Dep 12:43,,departure,
CX 3194_2026-06-14,CX 3194,CPA,2026-06-14,11:55,"ANC, JFK",Dep 12:20,,departure,
T8 4706_2026-06-14,T8 4706,TVR,2026-06-14,12:00,SHJ,Dep 11:45,,departure,
T8 4704_2026-06-14,T8 4704,TVR,2026-06-14,12:30,SHJ,Dep 11:56,,departure,
CT 128_2026-06-14,CT 128,AAE,2026-06-14,12:55,"KGF, LGG",Dep 16:34,,departure,
TK 6691_2026-06-14,TK 6691,THY,2026-06-14,13:15,"CIT, IST",Dep 14:48,,departure,
KJ 970_2026-06-14,KJ 970,AIH,2026-06-14,13:15,ICN,Dep 14:06,,departure,
5Y 5579_2026-06-14,5Y 5579,GTI,2026-06-14,13:20,ICN,Cancelled,,departure,
LD 8915_2026-06-14,LD 8915,AHK,2026-06-14,13:35,CGK,Dep 13:12,,departure,
F5 6514_2026-06-14,F5 6514,ATG,2026-06-14,13:50,SHJ,Dep 18:05,,departure,
3V 952_2026-06-14,3V 952,TAY,2026-06-14,14:00,"ALA, HKG",Dep 09:01 (15/06/2026),,departure,
CV 942_2026-06-14,CV 942,CLX,2026-06-14,14:00,"GYD, LUX",Dep 18:03,,departure,
CB 859_2026-06-14,CB 859,ABB,2026-06-14,14:00,NVI,Cancelled,,departure,
CC 4030_2026-06-14,CC 4030,ABD,2026-06-14,14:00,"CMB, JNB",Dep 19:45,,departure,
CC 4100_2026-06-14,CC 4100,ABD,2026-06-14,14:00,KGF,Cancelled,,departure,
MB 530_2026-06-14,MB 530,MNB,2026-06-14,14:10,"NVI, IST",Dep 07:08 (15/06/2026),,departure,
LH 8473_2026-06-14,LH 8473,GEC,2026-06-14,14:30,FRA,Dep 16:52,,departure,
EK 9859_2026-06-14,EK 9859,UAE,2026-06-14,14:30,DWC,Dep 11:06 (15/06/2026),,departure,
CV 209_2026-06-14,CV 209,CLX,2026-06-14,14:45,"ANC, ORD, LUX",Dep 15:30,,departure,
5Y 8373_2026-06-14,5Y 8373,GTI,2026-06-14,15:00,"ANC, MIA",Dep 03:35 (15/06/2026),,departure,
EK 9839_2026-06-14,EK 9839,UAE,2026-06-14,15:05,DWC,Dep 14:54,,departure,
7L 572_2026-06-14,7L 572,AZG,2026-06-14,15:15,"DWC, GYD",Dep 15:06,,departure,
KZ 206_2026-06-14,KZ 206,NCA,2026-06-14,15:30,NRT,Dep 15:45,,departure,
NH 8514_2026-06-14,NH 8514,ANA,2026-06-14,15:40,NRT,Dep 17:08,,departure,
RH 317_2026-06-14,RH 317,HKC,2026-06-14,15:55,HAN,Dep 12:28 (15/06/2026),,departure,
P9 881_2026-06-14,P9 881,MGE,2026-06-14,16:10,GUM,Dep 23:09,,departure,
CV 342_2026-06-14,CV 342,CLX,2026-06-14,16:30,"ANC, MIA, LUX",Dep 17:26,,departure,
K4 527_2026-06-14,K4 527,CKS,2026-06-14,16:30,"ANC, LAX",Dep 16:32,,departure,
RH 9485_2026-06-14,RH 9485,HKC,2026-06-14,16:40,"ALA, IST",Cancelled,,departure,
5Y 654_2026-06-14,5Y 654,GTI,2026-06-14,16:50,"ANC, ORD, MIA",Dep 20:02,,departure,
KE 8314_2026-06-14,KE 8314,KAL,2026-06-14,16:55,ICN,Dep 16:20,,departure,
RH 9375_2026-06-14,RH 9375,HKC,2026-06-14,17:00,MAA,Dep 18:33,,departure,
7L 923_2026-06-14,7L 923,AZG,2026-06-14,17:20,GYD,Cancelled,,departure,
FX 9017_2026-06-14,FX 9017,FDX,2026-06-14,18:05,HAN,Dep 17:54,,departure,
RH 9457_2026-06-14,RH 9457,HKC,2026-06-14,18:10,DEL,Dep 00:53 (15/06/2026),,departure,
MH 6107_2026-06-14,MH 6107,MAS,2026-06-14,18:20,KUL,Dep 19:18,,departure,
7L 621_2026-06-14,7L 621,AZG,2026-06-14,18:25,GYD,Cancelled,,departure,
AK 8542_2026-06-14,AK 8542,AXM,2026-06-14,18:30,KUL,Dep 18:36,,departure,
CV 226_2026-06-14,CV 226,CLX,2026-06-14,18:35,"ANC, JFK, LUX",Dep 18:25,,departure,
CX 043_2026-06-14,CX 043,CPA,2026-06-14,18:55,MAA,Dep 18:55,,departure,
C8 513_2026-06-14,C8 513,ICV,2026-06-14,19:15,"ASB, MXP",Dep 07:38 (15/06/2026),,departure,
5Y 8007_2026-06-14,5Y 8007,GTI,2026-06-14,19:55,IST,Cancelled,,departure,
CX 2098_2026-06-14,CX 2098,CPA,2026-06-14,20:05,"ANC, ORD",Dep 20:18,,departure,
5Y 8523_2026-06-14,5Y 8523,GTI,2026-06-14,21:05,"ANC, ORD",Dep 21:12,,departure,
3G 807_2026-06-14,3G 807,WCM,2026-06-14,21:05,KUL,Cancelled,,departure,
5Y 3589_2026-06-14,5Y 3589,GTI,2026-06-14,21:20,TLV,Cancelled,,departure,
7L 692_2026-06-14,7L 692,AZG,2026-06-14,21:20,GYD,Cancelled,,departure,
SV 969_2026-06-14,SV 969,SVA,2026-06-14,21:35,"BOM, RUH",Dep 22:01,,departure,
QR 8455_2026-06-14,QR 8455,QTR,2026-06-14,22:05,DOH,Dep 22:35,,departure,
QR 8477_2026-06-14,QR 8477,QTR,2026-06-14,22:10,DOH,Dep 23:54,,departure,
CX 3129_2026-06-14,CX 3129,CPA,2026-06-14,22:50,SYD,Dep 23:10,,departure,
CI 5832_2026-06-14,CI 5832,CAL,2026-06-14,23:00,TPE,Dep 04:58 (15/06/2026),,departure,
SR 813_2026-06-14,SR 813,XKY,2026-06-14,23:15,MNL,Dep 23:46,,departure,
2U 8062_2026-06-14,2U 8062,FKH,2026-06-14,23:20,"NQZ, RIX",Dep 03:10 (15/06/2026),,departure,
QF 7526_2026-06-14,QF 7526,QFA,2026-06-14,23:45,SYD,Dep 23:35,,departure,
WW 862_2026-06-14,WW 862,KXP,2026-06-14,23:55,KUL,Dep 01:08 (15/06/2026),,departure,
CX 3290_2026-06-14,CX 3290,CPA,2026-06-14,23:55,"ANC, DFW, ATL",Dep 04:45 (15/06/2026),,departure,
EY 948_2026-06-15,EY 948,ETD,2026-06-15,00:15,AUH,Dep 00:14,,departure,
CV 915_2026-06-15,CV 915,CLX,2026-06-15,00:40,"NQZ, LUX",Cancelled,,departure,
ET 3767_2026-06-15,ET 3767,ETH,2026-06-15,00:40,LGG,Cancelled,,departure,
CV 7957_2026-06-15,CV 7957,CLX,2026-06-15,00:40,"NQZ, LUX",Dep 12:40,,departure,
CX 096_2026-06-15,CX 096,CPA,2026-06-15,01:30,"ANC, NLU",Dep 06:57,,departure,
5X 169_2026-06-15,5X 169,UPS,2026-06-15,01:35,"SIN, SDF",Dep 02:59,,departure,
TK 6257_2026-06-15,TK 6257,THY,2026-06-15,01:40,IST,Dep 03:28,,departure,
7L 648_2026-06-15,7L 648,AZG,2026-06-15,01:50,GYD,Dep 03:18,,departure,
SV 981_2026-06-15,SV 981,SVA,2026-06-15,02:00,RUH,Cancelled,,departure,
MS 510_2026-06-15,MS 510,MSR,2026-06-15,02:00,BKK,Dep 04:16,,departure,
SV 985_2026-06-15,SV 985,SVA,2026-06-15,02:05,RUH,Cancelled,,departure,
KZ 202_2026-06-15,KZ 202,NCA,2026-06-15,02:25,NRT,Dep 04:20,,departure,
QR 8411_2026-06-15,QR 8411,QTR,2026-06-15,02:30,DOH,Dep 03:50,,departure,
LD 680_2026-06-15,LD 680,AHK,2026-06-15,02:40,TPE,Dep 03:48,,departure,
KE 314_2026-06-15,KE 314,KAL,2026-06-15,03:10,ICN,Dep 03:56,,departure,
QR 8415_2026-06-15,QR 8415,QTR,2026-06-15,03:35,DOH,Dep 08:11,,departure,
BR 6530_2026-06-15,BR 6530,EVA,2026-06-15,03:50,TPE,Dep 04:00,,departure,
7L 923_2026-06-15,7L 923,AZG,2026-06-15,05:00,GYD,Dep 21:11,,departure,
QR 8435_2026-06-15,QR 8435,QTR,2026-06-15,05:00,DOH,Dep 05:32,,departure,
EK 9863_2026-06-15,EK 9863,UAE,2026-06-15,05:25,DWC,Dep 07:54,,departure,
HE 997_2026-06-15,HE 997,HGO,2026-06-15,05:30,SYD,Dep 07:22,,departure,
HJ 220_2026-06-15,HJ 220,TMN,2026-06-15,05:35,SYD,Cancelled,,departure,
SR 815_2026-06-15,SR 815,XKY,2026-06-15,05:45,MNL,Dep 07:21 (16/06/2026),,departure,
3S 633_2026-06-15,3S 633,BOX,2026-06-15,06:00,"DWC, FRA",Dep 05:54,,departure,
EK 9797_2026-06-15,EK 9797,UAE,2026-06-15,06:50,DWC,Dep 07:08,,departure,
K4 253_2026-06-15,K4 253,CKS,2026-06-15,06:55,"ANC, CVG",Dep 07:35,,departure,
CX 3286_2026-06-15,CX 3286,CPA,2026-06-15,06:55,"ANC, JFK",Dep 16:10,,departure,
SV 983_2026-06-15,SV 983,SVA,2026-06-15,07:00,RUH,Dep 07:20,,departure,
CI 5828_2026-06-15,CI 5828,CAL,2026-06-15,07:05,TPE,Dep 06:58,,departure,
RH 392_2026-06-15,RH 392,HKC,2026-06-15,07:05,"CIT, BUD",Dep 21:40 (16/06/2026),,departure,
CX 2049_2026-06-15,CX 2049,CPA,2026-06-15,07:15,HAN,Dep 07:23,,departure,
CX 3245_2026-06-15,CX 3245,CPA,2026-06-15,07:20,DEL,Dep 07:40,,departure,
K4 531_2026-06-15,K4 531,CKS,2026-06-15,07:30,"ICN, ANC, LAX",Dep 14:15,,departure,
SV 963_2026-06-15,SV 963,SVA,2026-06-15,07:30,RUH,Cancelled,,departure,
K4 291_2026-06-15,K4 291,CKS,2026-06-15,07:40,"LAX, CVG",Dep 07:59,,departure,
RH 701_2026-06-15,RH 701,HKC,2026-06-15,08:15,SYD,Dep 08:58,,departure,
RH 364_2026-06-15,RH 364,HKC,2026-06-15,08:40,"TAS, STN",Dep 10:27,,departure,
CT 116_2026-06-15,CT 116,AAE,2026-06-15,08:40,KGF,Dep 09:26,,departure,
3S 515_2026-06-15,3S 515,BOX,2026-06-15,08:45,LEJ,Dep 08:37,,departure,
QR 8417_2026-06-15,QR 8417,QTR,2026-06-15,08:45,DOH,Cancelled,,departure,
KD 617_2026-06-15,KD 617,WGN,2026-06-15,08:55,"ICN, MIA",Cancelled,,departure,
RH 9457_2026-06-15,RH 9457,HKC,2026-06-15,09:00,"DEL, DEL",Dep 16:40,,departure,
CV 7941_2026-06-15,CV 7941,CLX,2026-06-15,09:15,"NQZ, BUD, LUX",Dep 09:37,,departure,
T8 4711_2026-06-15,T8 4711,TVR,2026-06-15,09:25,MEL,Dep 09:16,,departure,
RH 394_2026-06-15,RH 394,HKC,2026-06-15,09:30,"ALA, ATH",Dep 21:38 (17/06/2026),,departure,
ET 3035_2026-06-15,ET 3035,ETH,2026-06-15,09:30,ADD,Cancelled,,departure,
5Y 8137_2026-06-15,5Y 8137,GTI,2026-06-15,09:45,"DEL, ANC",Dep 12:10 (16/06/2026),,departure,
CX 098_2026-06-15,CX 098,CPA,2026-06-15,09:50,"ANC, ORD",Dep 10:19,,departure,
QR 8409_2026-06-15,QR 8409,QTR,2026-06-15,10:10,DOH,Dep 10:16,,departure,
RH 6651_2026-06-15,RH 6651,HKC,2026-06-15,10:20,DAC,Cancelled,,departure,
TK 6301_2026-06-15,TK 6301,THY,2026-06-15,10:30,"CIT, IST",Dep 10:29,,departure,
SQ 7976_2026-06-15,SQ 7976,SIA,2026-06-15,10:40,"ANC, DFW",Dep 10:36,,departure,
EK 9849_2026-06-15,EK 9849,UAE,2026-06-15,10:40,DXB,Cancelled,,departure,
MB 630_2026-06-15,MB 630,MNB,2026-06-15,11:00,"NVI, IST",Dep 16:30 (16/06/2026),,departure,
MB 775_2026-06-15,MB 775,MNB,2026-06-15,11:30,"SHJ, IST",Dep 13:08,,departure,
CV 9931_2026-06-15,CV 9931,CLX,2026-06-15,11:35,"NQZ, LUX",Dep 14:28,,departure,
5Y 8230_2026-06-15,5Y 8230,GTI,2026-06-15,11:50,"ANC, MIA",Dep 12:10,,departure,
T8 4704_2026-06-15,T8 4704,TVR,2026-06-15,12:00,DMM,Dep 11:59,,departure,
CV 283_2026-06-15,CV 283,CLX,2026-06-15,13:10,"ANC, GDL, NLU, LUX",Dep 13:14 (17/06/2026),,departure,
5X 065_2026-06-15,5X 065,UPS,2026-06-15,13:20,"ANC, SDF",Cancelled,,departure,
MP 9472_2026-06-15,MP 9472,MPH,2026-06-15,13:35,"ALA, AMS",Dep 14:38,,departure,
3S 719_2026-06-15,3S 719,BOX,2026-06-15,14:05,LEJ,Dep 15:18,,departure,
CB 859_2026-06-15,CB 859,ABB,2026-06-15,14:30,"NVI, LGG",Dep 16:20,,departure,
HE 1710_2026-06-15,HE 1710,HGO,2026-06-15,14:30,GYD,Cancelled,,departure,
KZ 206_2026-06-15,KZ 206,NCA,2026-06-15,14:40,NRT,Dep 17:26,,departure,
WW 862_2026-06-15,WW 862,KXP,2026-06-15,14:45,KUL,Cancelled,,departure,
EK 9781_2026-06-15,EK 9781,UAE,2026-06-15,14:45,DWC,Dep 15:42,,departure,
CX 2084_2026-06-15,CX 2084,CPA,2026-06-15,15:30,"ANC, LAX, PDX",Dep 18:31,,departure,
5X 001_2026-06-15,5X 001,UPS,2026-06-15,15:40,"CGN, PHL",Cancelled,,departure,
EK 9851_2026-06-15,EK 9851,UAE,2026-06-15,15:45,DWC,Cancelled,,departure,
KE 9314_2026-06-15,KE 9314,KAL,2026-06-15,15:50,ICN,Dep 18:04,,departure,
5X 061_2026-06-15,5X 061,UPS,2026-06-15,16:05,"TPE, ANC, SDF",Dep 16:24,,departure,
P9 881D_2026-06-15,P9 881D,MGE,2026-06-15,16:10,GUM,Dep 21:49 (16/06/2026),,departure,
ET 3685_2026-06-15,ET 3685,ETH,2026-06-15,16:25,ADD,Dep 22:08,,departure,
KE 312_2026-06-15,KE 312,KAL,2026-06-15,16:40,ICN,Dep 16:37,,departure,
F5 7614_2026-06-15,F5 7614,ATG,2026-06-15,16:45,"DWC, TLV",Dep 14:43 (16/06/2026),,departure,
CX 049_2026-06-15,CX 049,CPA,2026-06-15,16:55,BOM,Dep 17:50,,departure,
3S 519_2026-06-15,3S 519,BOX,2026-06-15,17:00,LEJ,Dep 18:19,,departure,
QR 8401_2026-06-15,QR 8401,QTR,2026-06-15,17:15,DOH,Dep 18:17,,departure,
SV 975_2026-06-15,SV 975,SVA,2026-06-15,17:30,JED,Cancelled,,departure,
CV 278_2026-06-15,CV 278,CLX,2026-06-15,17:50,"ANC, ORD, LUX",Dep 19:06,,departure,
CX 2041_2026-06-15,CX 2041,CPA,2026-06-15,18:20,MAA,Dep 20:00,,departure,
HE 714_2026-06-15,HE 714,HGO,2026-06-15,19:00,AUH,Cancelled,,departure,
5X 063_2026-06-15,5X 063,UPS,2026-06-15,19:05,"ANC, SDF",Dep 19:38,,departure,
CP 192_2026-06-15,CP 192,LSI,2026-06-15,19:25,"GYD, FCO",Dep 19:47,,departure,
SV 3021_2026-06-15,SV 3021,SVA,2026-06-15,19:30,RUH,Cancelled,,departure,
SV 3961_2026-06-15,SV 3961,SVA,2026-06-15,19:30,RUH,Dep 19:48,,departure,
AK 8546_2026-06-15,AK 8546,AXM,2026-06-15,19:45,KUL,Cancelled,,departure,
SV 973_2026-06-15,SV 973,SVA,2026-06-15,19:45,RUH,Cancelled,,departure,
SV 977_2026-06-15,SV 977,SVA,2026-06-15,19:45,JED,Cancelled,,departure,
TH 641_2026-06-15,TH 641,RMY,2026-06-15,19:45,KUL,Dep 20:00,,departure,
5X 059_2026-06-15,5X 059,UPS,2026-06-15,19:45,"ANC, ONT",Dep 20:24,,departure,
SQ 7873_2026-06-15,SQ 7873,SIA,2026-06-15,19:45,SIN,Dep 19:48,,departure,
FX 5991_2026-06-15,FX 5991,FDX,2026-06-15,19:50,"KIX, OAK",Dep 20:25,,departure,
7L 147_2026-06-15,7L 147,AZG,2026-06-15,20:25,GYD,Cancelled,,departure,
QY 539_2026-06-15,QY 539,BCS,2026-06-15,20:25,"ALA, LEJ",Dep 12:05 (17/06/2026),,departure,
K4 704_2026-06-15,K4 704,CKS,2026-06-15,20:30,"DWC, TLV",Cancelled,,departure,
CX 054_2026-06-15,CX 054,CPA,2026-06-15,20:45,"CGO, PVG",Dep 20:52,,departure,
3V 400_2026-06-15,3V 400,TAY,2026-06-15,20:50,"ALA, LGG",Dep 20:53,,departure,
5Y 8692_2026-06-15,5Y 8692,GTI,2026-06-15,21:05,ANC,Cancelled,,departure,
EK 9837_2026-06-15,EK 9837,UAE,2026-06-15,21:15,DWC,Cancelled,,departure,
RH 351_2026-06-15,RH 351,HKC,2026-06-15,21:20,MNL,Dep 22:23,,departure,
CV 962_2026-06-15,CV 962,CLX,2026-06-15,21:25,"GYD, LUX",Dep 12:45 (16/06/2026),,departure,
ET 3229_2026-06-15,ET 3229,ETH,2026-06-15,21:30,ADD,Cancelled,,departure,
SV 969_2026-06-15,SV 969,SVA,2026-06-15,21:35,"BOM, RUH",Cancelled,,departure,
CX 3262_2026-06-15,CX 3262,CPA,2026-06-15,21:35,CKG,Dep 03:01 (16/06/2026),,departure,
3S 704_2026-06-15,3S 704,BOX,2026-06-15,21:40,CVG,Dep 22:06,,departure,
AK 8535_2026-06-15,AK 8535,AXM,2026-06-15,21:55,KUL,Dep 21:29,,departure,
QR 8431_2026-06-15,QR 8431,QTR,2026-06-15,22:05,DOH,Dep 21:57,,departure,
TK 6065_2026-06-15,TK 6065,THY,2026-06-15,23:05,"CIT, IST",Dep 00:00 (16/06/2026),,departure,
CB 851_2026-06-15,CB 851,ABB,2026-06-15,23:50,NVI,Cancelled,,departure,
RH 4568_2026-06-16,RH 4568,HKC,2026-06-16,00:15,TPE,Dep 08:25,,departure,
RH 9491_2026-06-16,RH 9491,HKC,2026-06-16,00:15,"ALA, IST",Dep 02:08 (18/06/2026),,departure,
SV 987_2026-06-16,SV 987,SVA,2026-06-16,00:30,RUH,Cancelled,,departure,
CX 2023_2026-06-16,CX 2023,CPA,2026-06-16,00:40,SYD,Dep 01:05,,departure,
CX 006_2026-06-16,CX 006,CPA,2026-06-16,00:50,NRT,Dep 01:28,,departure,
MS 510_2026-06-16,MS 510,MSR,2026-06-16,01:00,BKK,Delayed,,departure,
CX 086_2026-06-16,CX 086,CPA,2026-06-16,01:30,"ANC, NLU",Dep 01:58,,departure,
EK 9839_2026-06-16,EK 9839,UAE,2026-06-16,02:15,DWC,Dep 02:25,,departure,
KZ 202_2026-06-16,KZ 202,NCA,2026-06-16,02:25,NRT,Dep 04:49,,departure,
NH 8512_2026-06-16,NH 8512,ANA,2026-06-16,02:25,NRT,Dep 02:47,,departure,
KJ 972_2026-06-16,KJ 972,AIH,2026-06-16,02:40,ICN,Cancelled,,departure,
CI 5836_2026-06-16,CI 5836,CAL,2026-06-16,03:00,TPE,Dep 03:32,,departure,
KE 314_2026-06-16,KE 314,KAL,2026-06-16,03:10,ICN,Dep 03:08,,departure,
LD 204_2026-06-16,LD 204,AHK,2026-06-16,03:15,KIX,Dep 03:19,,departure,
LD 128_2026-06-16,LD 128,AHK,2026-06-16,03:20,ICN,Dep 03:24,,departure,
BR 6536_2026-06-16,BR 6536,EVA,2026-06-16,03:20,TPE,Dep 03:18,,departure,
LD 208_2026-06-16,LD 208,AHK,2026-06-16,03:25,NRT,Dep 03:40,,departure,
LD 327_2026-06-16,LD 327,AHK,2026-06-16,03:25,SIN,Dep 03:37,,departure,
LD 768_2026-06-16,LD 768,AHK,2026-06-16,03:25,PEK,Dep 03:31,,departure,
LD 216_2026-06-16,LD 216,AHK,2026-06-16,03:30,NGO,Dep 03:33,,departure,
8K 526_2026-06-16,8K 526,KMI,2026-06-16,03:30,BKK,Dep 03:40,,departure,
LD 457_2026-06-16,LD 457,AHK,2026-06-16,03:35,"MNL, CEB",Dep 04:03,,departure,
LD 782_2026-06-16,LD 782,AHK,2026-06-16,03:40,PVG,Dep 03:53,,departure,
LD 831_2026-06-16,LD 831,AHK,2026-06-16,03:40,BKK,Dep 03:54,,departure,
LD 561_2026-06-16,LD 561,AHK,2026-06-16,03:45,SGN,Dep 03:55,,departure,
TH 3508_2026-06-16,TH 3508,RMY,2026-06-16,03:45,KUL,Dep 04:05,,departure,
3S 582_2026-06-16,3S 582,BOX,2026-06-16,04:00,LAX,Dep 04:18,,departure,
3Y 6011_2026-06-16,3Y 6011,MYU,2026-06-16,04:00,CGK,Dep 04:36,,departure,
HJ 022_2026-06-16,HJ 022,TMN,2026-06-16,04:00,SYD,Dep 04:15,,departure,
LD 720_2026-06-16,LD 720,AHK,2026-06-16,04:05,CTU,Dep 04:10,,departure,
TH 3091_2026-06-16,TH 3091,RMY,2026-06-16,04:15,PEN,Dep 04:29,,departure,
LD 680_2026-06-16,LD 680,AHK,2026-06-16,04:20,TPE,Dep 04:22,,departure,
QR 8467_2026-06-16,QR 8467,QTR,2026-06-16,04:20,DOH,Dep 05:32,,departure,
HE 878_2026-06-16,HE 878,HGO,2026-06-16,05:30,SYD,Dep 07:11,,departure,
3S 715_2026-06-16,3S 715,BOX,2026-06-16,05:35,"DXB, LEJ",Dep 05:59,,departure,
3S 733_2026-06-16,3S 733,BOX,2026-06-16,05:40,"BLR, LEJ",Dep 05:48,,departure,
ES 720_2026-06-16,ES 720,DHX,2026-06-16,05:40,BAH,Dep 06:14,,departure,
3S 709_2026-06-16,3S 709,BOX,2026-06-16,05:45,"BAH, LEJ",Dep 10:37,,departure,
EK 9821_2026-06-16,EK 9821,UAE,2026-06-16,05:45,DWC,Dep 05:18,,departure,
ET 3707_2026-06-16,ET 3707,ETH,2026-06-16,05:55,"BUD, ADD",Dep 10:54,,departure,
RH 9489_2026-06-16,RH 9489,HKC,2026-06-16,06:00,"ALA, IST",Dep 07:26,,departure,
FX 5217_2026-06-16,FX 5217,FDX,2026-06-16,06:20,"IST, MEM",Dep 06:21,,departure,
D0 593_2026-06-16,D0 593,DHK,2026-06-16,06:40,"DEL, EMA",Dep 07:02,,departure,
3S 505_2026-06-16,3S 505,BOX,2026-06-16,06:45,LEJ,Dep 02:54 (17/06/2026),,departure,
EK 9841_2026-06-16,EK 9841,UAE,2026-06-16,06:45,DWC,Dep 06:49,,departure,
K4 531_2026-06-16,K4 531,CKS,2026-06-16,06:55,"ICN, ANC, DFW",Dep 17:18,,departure,
K4 241_2026-06-16,K4 241,CKS,2026-06-16,07:00,"ANC, MIA",Dep 07:29,,departure,
K4 255_2026-06-16,K4 255,CKS,2026-06-16,07:00,"YHM, JFK",Dep 07:11,,departure,
RH 331_2026-06-16,RH 331,HKC,2026-06-16,07:00,BKK,Dep 06:16,,departure,
N8 575_2026-06-16,N8 575,NCR,2026-06-16,07:00,"ICN, ANC",Dep 15:43,,departure,
CK 264_2026-06-16,CK 264,CKK,2026-06-16,07:00,"CKG, PVG",Dep 20:53,,departure,
F5 7616_2026-06-16,F5 7616,ATG,2026-06-16,07:00,"DWC, TLV",Dep 20:05 (17/06/2026),,departure,
CC 3571_2026-06-16,CC 3571,ABD,2026-06-16,07:05,"CMB, JNB",Dep 07:11,,departure,
SV 963_2026-06-16,SV 963,SVA,2026-06-16,07:30,RUH,Dep 07:33,,departure,
CI 6842_2026-06-16,CI 6842,CAL,2026-06-16,07:35,TPE,Dep 08:32,,departure,
MB 779_2026-06-16,MB 779,MNB,2026-06-16,07:40,"SHJ, IST",Dep 09:58,,departure,
QR 8407_2026-06-16,QR 8407,QTR,2026-06-16,07:40,DOH,Dep 07:24,,departure,
O3 152_2026-06-16,O3 152,CSS,2026-06-16,07:55,EHU,Dep 10:46,,departure,
K4 205_2026-06-16,K4 205,CKS,2026-06-16,08:15,"YHM, JFK, CVG",Dep 17:33,,departure,
5Y 8050_2026-06-16,5Y 8050,GTI,2026-06-16,08:25,"ANC, MIA",Dep 08:50,,departure,
3S 503_2026-06-16,3S 503,BOX,2026-06-16,08:30,LEJ,Dep 08:45,,departure,
RH 371_2026-06-16,RH 371,HKC,2026-06-16,08:40,SIN,Cancelled,,departure,
CC 4600_2026-06-16,CC 4600,ABD,2026-06-16,08:55,"JNB, CMB",Dep 10:56,,departure,
GH 1022_2026-06-16,GH 1022,IGT,2026-06-16,08:55,NVI,Dep 09:57,,departure,
ET 3035_2026-06-16,ET 3035,ETH,2026-06-16,09:30,ADD,Cancelled,,departure,
CV 3649_2026-06-16,CV 3649,CLX,2026-06-16,09:30,"GYD, BUD, LUX",Dep 09:29,,departure,
7L 692_2026-06-16,7L 692,AZG,2026-06-16,09:50,GYD,Dep 12:29,,departure,
O3 268_2026-06-16,O3 268,CSS,2026-06-16,09:55,NGB,Dep 11:45,,departure,
T8 4721_2026-06-16,T8 4721,TVR,2026-06-16,10:00,MEL,Dep 10:18,,departure,
CV 9522_2026-06-16,CV 9522,CLX,2026-06-16,10:00,"NQZ, LUX",Dep 19:07,,departure,
5X 067_2026-06-16,5X 067,UPS,2026-06-16,10:15,"ICN, ANC, SDF",Dep 10:53,,departure,
TK 6267_2026-06-16,TK 6267,THY,2026-06-16,10:30,IST,Dep 11:35,,departure,
EK 9851_2026-06-16,EK 9851,UAE,2026-06-16,10:45,DWC,Dep 11:09,,departure,
5Y 654_2026-06-16,5Y 654,GTI,2026-06-16,11:00,"ANC, MIA",Dep 04:51 (17/06/2026),,departure,
CV 519_2026-06-16,CV 519,CLX,2026-06-16,11:00,"GYD, LUX",Dep 15:21,,departure,
MP 9412_2026-06-16,MP 9412,MPH,2026-06-16,11:15,"ALA, AMS",Dep 11:52,,departure,
EK 9837_2026-06-16,EK 9837,UAE,2026-06-16,11:15,DWC,Dep 00:14 (17/06/2026),,departure,
TK 6356_2026-06-16,TK 6356,THY,2026-06-16,11:25,IST,Dep 11:58,,departure,
5X 003_2026-06-16,5X 003,UPS,2026-06-16,11:25,"CGN, PHL",Dep 11:44,,departure,
T8 4704_2026-06-16,T8 4704,TVR,2026-06-16,11:55,SHJ,Dep 12:33,,departure,
2U 8011_2026-06-16,2U 8011,FKH,2026-06-16,12:30,"NQZ, RIX",Dep 15:07,,departure,
RH 6651_2026-06-16,RH 6651,HKC,2026-06-16,12:30,DAC,Dep 18:25,,departure,
CX 2045_2026-06-16,CX 2045,CPA,2026-06-16,13:10,DEL,Dep 13:48,,departure,
CX 049_2026-06-16,CX 049,CPA,2026-06-16,13:15,DAC,Dep 13:25,,departure,
KJ 968_2026-06-16,KJ 968,AIH,2026-06-16,13:30,ICN,Dep 16:15,,departure,
CX 3298_2026-06-16,CX 3298,CPA,2026-06-16,13:50,"ANC, JFK",Dep 16:51,,departure,
EK 9799_2026-06-16,EK 9799,UAE,2026-06-16,14:20,DWC,Dep 14:53,,departure,
7L 148_2026-06-16,7L 148,AZG,2026-06-16,14:30,GYD,Dep 16:15,,departure,
EK 9849_2026-06-16,EK 9849,UAE,2026-06-16,14:35,DWC,Dep 15:10,,departure,
WW 862_2026-06-16,WW 862,KXP,2026-06-16,14:40,KUL,Dep 23:19,,departure,
TC 503_2026-06-16,TC 503,ATC,2026-06-16,14:55,MCT,Cancelled,,departure,
CX 3032_2026-06-16,CX 3032,CPA,2026-06-16,15:10,ICN,Dep 15:25,,departure,
F5 6516_2026-06-16,F5 6516,ATG,2026-06-16,15:30,SHJ,Dep 07:56 (18/06/2026),,departure,
ET 3229_2026-06-16,ET 3229,ETH,2026-06-16,15:40,ADD,Dep 00:49 (17/06/2026),,departure,
5X 001_2026-06-16,5X 001,UPS,2026-06-16,15:40,"CGN, PHL",Cancelled,,departure,
RH 317_2026-06-16,RH 317,HKC,2026-06-16,15:55,HAN,Dep 08:42 (17/06/2026),,departure,
5X 061_2026-06-16,5X 061,UPS,2026-06-16,16:05,"TPE, ANC, SDF",Dep 16:25,,departure,
P9 881_2026-06-16,P9 881,MGE,2026-06-16,16:10,GUM,Dep 10:00 (19/06/2026),,departure,
5X 166_2026-06-16,5X 166,UPS,2026-06-16,16:10,"SIN, SDF",Dep 16:49,,departure,
CV 237_2026-06-16,CV 237,CLX,2026-06-16,17:00,"ANC, GDL, NLU, LUX",Dep 17:52,,departure,
CT 122_2026-06-16,CT 122,AAE,2026-06-16,17:00,KGF,Dep 19:19,,departure,
3S 519_2026-06-16,3S 519,BOX,2026-06-16,17:10,LEJ,Dep 18:31,,departure,
KE 9314_2026-06-16,KE 9314,KAL,2026-06-16,17:10,ICN,Dep 17:18,,departure,
FX 9128_2026-06-16,FX 9128,FDX,2026-06-16,17:50,KIX,Dep 18:11,,departure,
7L 247_2026-06-16,7L 247,AZG,2026-06-16,18:15,GYD,Cancelled,,departure,
CX 2026_2026-06-16,CX 2026,CPA,2026-06-16,18:15,TPE,Dep 18:13,,departure,
C8 736_2026-06-16,C8 736,ICV,2026-06-16,18:20,"ASB, MXP",Dep 18:38,,departure,
LH 8461_2026-06-16,LH 8461,GEC,2026-06-16,18:25,"IST, FRA",Dep 20:44,,departure,
EK 9863_2026-06-16,EK 9863,UAE,2026-06-16,18:25,DWC,Dep 23:08,,departure,
7L 572_2026-06-16,7L 572,AZG,2026-06-16,18:35,GYD,Cancelled,,departure,
5X 063_2026-06-16,5X 063,UPS,2026-06-16,19:05,"ANC, SDF",Dep 19:28,,departure,
EK 9785_2026-06-16,EK 9785,UAE,2026-06-16,19:15,DWC,Dep 02:11 (17/06/2026),,departure,
CI 5838_2026-06-16,CI 5838,CAL,2026-06-16,19:20,TPE,Dep 20:03,,departure,
TK 6241_2026-06-16,TK 6241,THY,2026-06-16,19:30,IST,Dep 19:50,,departure,
SE 1105_2026-06-16,SE 1105,SVI,2026-06-16,19:30,"CCU, RKT, CAI, MST",Cancelled,,departure,
Y9 2562_2026-06-16,Y9 2562,SGA,2026-06-16,19:40,"DAC, DWC",Dep 21:30,,departure,
CT 131_2026-06-16,CT 131,AAE,2026-06-16,19:40,"KGF, PRG",Dep 21:53,,departure,
AK 8542_2026-06-16,AK 8542,AXM,2026-06-16,19:45,KUL,Dep 20:45,,departure,
TH 641_2026-06-16,TH 641,RMY,2026-06-16,19:45,KUL,Dep 20:20,,departure,
5X 059_2026-06-16,5X 059,UPS,2026-06-16,19:45,"ANC, ONT",Dep 19:57,,departure,
TK 6314_2026-06-16,TK 6314,THY,2026-06-16,19:50,"CIT, IST",Dep 21:19,,departure,
FX 5991_2026-06-16,FX 5991,FDX,2026-06-16,19:50,"KIX, OAK",Dep 20:05,,departure,
EY 934_2026-06-16,EY 934,ETD,2026-06-16,20:20,AUH,Dep 03:16 (17/06/2026),,departure,
SQ 7354_2026-06-16,SQ 7354,SIA,2026-06-16,20:20,"MAA, BRU",Dep 20:32,,departure,
MH 6105_2026-06-16,MH 6105,MAS,2026-06-16,20:45,KUL,Dep 13:48 (17/06/2026),,departure,
CX 2033_2026-06-16,CX 2033,CPA,2026-06-16,20:55,MAA,Dep 21:19,,departure,
CX 3260_2026-06-16,CX 3260,CPA,2026-06-16,21:00,CKG,Dep 03:56 (17/06/2026),,departure,
CP 126_2026-06-16,CP 126,LSI,2026-06-16,21:25,MXP,Dep 22:02,,departure,
D0 009_2026-06-16,D0 009,DHK,2026-06-16,21:40,"CVG, EMA",Dep 22:50,,departure,
AK 8535_2026-06-16,AK 8535,AXM,2026-06-16,21:55,KUL,Cancelled,,departure,
7L 648_2026-06-16,7L 648,AZG,2026-06-16,21:55,GYD,Cancelled,,departure,
WW 109_2026-06-16,WW 109,KXP,2026-06-16,22:00,KUL,Cancelled,,departure,
ET 3785_2026-06-16,ET 3785,ETH,2026-06-16,22:00,"MCT, MAD, ADD",Dep 05:09 (17/06/2026),,departure,
CX 3238_2026-06-16,CX 3238,CPA,2026-06-16,22:20,"XMN, PVG",Dep 04:22 (17/06/2026),,departure,
K4 704_2026-06-16,K4 704,CKS,2026-06-16,22:25,TLV,Dep 05:27 (17/06/2026),,departure,
CX 050_2026-06-16,CX 050,CPA,2026-06-16,23:05,PVG,Dep 09:34 (17/06/2026),,departure,
SR 813_2026-06-16,SR 813,XKY,2026-06-16,23:15,MNL,Dep 23:17,,departure,
ET 3447_2026-06-16,ET 3447,ETH,2026-06-16,23:30,ADD,Cancelled,,departure,
QR 8421_2026-06-16,QR 8421,QTR,2026-06-16,23:40,DOH,Dep 23:33,,departure,
QF 7526_2026-06-16,QF 7526,QFA,2026-06-16,23:45,SYD,Dep 23:41,,departure,
RH 4568_2026-06-17,RH 4568,HKC,2026-06-17,00:15,TPE,Dep 00:58,,departure,
ET 3793_2026-06-17,ET 3793,ETH,2026-06-17,00:35,"BUD, ADD",Dep 00:31,,departure,
CB 851_2026-06-17,CB 851,ABB,2026-06-17,00:40,"NVI, BRU",Dep 00:39,,departure,
QR 8441_2026-06-17,QR 8441,QTR,2026-06-17,00:40,DOH,Dep 02:30,,departure,
CX 006_2026-06-17,CX 006,CPA,2026-06-17,00:50,NRT,Dep 01:05,,departure,
EK 9833_2026-06-17,EK 9833,UAE,2026-06-17,00:55,DWC,Dep 11:09,,departure,
MS 510_2026-06-17,MS 510,MSR,2026-06-17,01:00,BKK,Dep 02:06,,departure,
KZ 202_2026-06-17,KZ 202,NCA,2026-06-17,01:25,NRT,Dep 02:01,,departure,
CX 096_2026-06-17,CX 096,CPA,2026-06-17,01:30,"ANC, NLU",Dep 06:53,,departure,
QR 8008_2026-06-17,QR 8008,QTR,2026-06-17,01:35,MEL,Dep 02:47,,departure,
QR 8439_2026-06-17,QR 8439,QTR,2026-06-17,02:00,DOH,Dep 02:10,,departure,
NH 8512_2026-06-17,NH 8512,ANA,2026-06-17,02:25,NRT,Dep 02:30,,departure,
KJ 974_2026-06-17,KJ 974,AIH,2026-06-17,02:40,ICN,Dep 02:41,,departure,
EK 9881_2026-06-17,EK 9881,UAE,2026-06-17,02:55,DWC,Cancelled,,departure,
CI 5826_2026-06-17,CI 5826,CAL,2026-06-17,03:00,TPE,Dep 07:44,,departure,
KE 314_2026-06-17,KE 314,KAL,2026-06-17,03:10,ICN,Dep 03:16,,departure,
LD 204_2026-06-17,LD 204,AHK,2026-06-17,03:15,KIX,Dep 03:21,,departure,
LD 128_2026-06-17,LD 128,AHK,2026-06-17,03:20,ICN,Dep 03:30,,departure,
BR 6538_2026-06-17,BR 6538,EVA,2026-06-17,03:20,TPE,Dep 03:35,,departure,
LD 208_2026-06-17,LD 208,AHK,2026-06-17,03:25,NRT,Dep 03:33,,departure,
LD 327_2026-06-17,LD 327,AHK,2026-06-17,03:25,SIN,Dep 04:00,,departure,
LD 768_2026-06-17,LD 768,AHK,2026-06-17,03:25,PEK,Dep 03:27,,departure,
LD 216_2026-06-17,LD 216,AHK,2026-06-17,03:30,NGO,Dep 04:11,,departure,
8K 526_2026-06-17,8K 526,KMI,2026-06-17,03:30,BKK,Dep 03:43,,departure,
7L 1148_2026-06-17,7L 1148,AZG,2026-06-17,03:30,GYD,Dep 04:45,,departure,
LD 457_2026-06-17,LD 457,AHK,2026-06-17,03:35,"MNL, CEB",Dep 03:47,,departure,
LD 782_2026-06-17,LD 782,AHK,2026-06-17,03:40,PVG,Dep 05:21,,departure,
LD 831_2026-06-17,LD 831,AHK,2026-06-17,03:40,BKK,Dep 04:06,,departure,
LD 561_2026-06-17,LD 561,AHK,2026-06-17,03:45,SGN,Dep 04:07,,departure,
TH 3508_2026-06-17,TH 3508,RMY,2026-06-17,03:45,KUL,Dep 03:59,,departure,
WW 891_2026-06-17,WW 891,KXP,2026-06-17,03:55,KUL,Cancelled,,departure,
3S 500_2026-06-17,3S 500,BOX,2026-06-17,04:00,LAX,Dep 04:15,,departure,
SV 983_2026-06-17,SV 983,SVA,2026-06-17,04:00,RUH,Dep 03:45,,departure,
3Y 6011_2026-06-17,3Y 6011,MYU,2026-06-17,04:00,CGK,Dep 04:20,,departure,
HJ 022_2026-06-17,HJ 022,TMN,2026-06-17,04:00,SYD,Dep 04:24,,departure,
LD 720_2026-06-17,LD 720,AHK,2026-06-17,04:05,CTU,Dep 04:20,,departure,
TH 3091_2026-06-17,TH 3091,RMY,2026-06-17,04:15,PEN,Dep 04:55,,departure,
LD 680_2026-06-17,LD 680,AHK,2026-06-17,04:20,TPE,Dep 04:29,,departure,
TK 6351_2026-06-17,TK 6351,THY,2026-06-17,04:20,IST,Dep 04:59,,departure,
CX 2090_2026-06-17,CX 2090,CPA,2026-06-17,04:25,"ANC, DFW, LAX",Dep 04:36,,departure,
MB 510_2026-06-17,MB 510,MNB,2026-06-17,04:35,"NVI, IST",Dep 06:28,,departure,
K4 287_2026-06-17,K4 287,CKS,2026-06-17,05:00,"CVG, ANC",Dep 14:34,,departure,
EK 9831_2026-06-17,EK 9831,UAE,2026-06-17,05:30,DWC,Dep 05:27,,departure,
3S 713_2026-06-17,3S 713,BOX,2026-06-17,05:35,"DXB, LEJ",Dep 05:34,,departure,
3S 735_2026-06-17,3S 735,BOX,2026-06-17,05:40,"BLR, LEJ",Dep 06:39,,departure,
ES 728_2026-06-17,ES 728,DHX,2026-06-17,05:40,BAH,Dep 05:51,,departure,
MB 480_2026-06-17,MB 480,MNB,2026-06-17,05:45,SHJ,Dep 06:06 (18/06/2026),,departure,
FX 5023_2026-06-17,FX 5023,FDX,2026-06-17,06:00,"IST, CDG, LGG, MEM",Dep 06:01,,departure,
K4 253_2026-06-17,K4 253,CKS,2026-06-17,06:40,"YHM, JFK",Dep 06:48,,departure,
D0 591_2026-06-17,D0 591,DHK,2026-06-17,06:40,"DEL, EMA",Dep 07:11,,departure,
CP 166_2026-06-17,CP 166,LSI,2026-06-17,06:45,"GYD, MXP",Dep 06:45,,departure,
HE 880_2026-06-17,HE 880,HGO,2026-06-17,06:45,RUH,Dep 06:39,,departure,
3S 711_2026-06-17,3S 711,BOX,2026-06-17,06:50,LEJ,Dep 07:47,,departure,
K4 243_2026-06-17,K4 243,CKS,2026-06-17,07:00,"ANC, MIA",Dep 07:04,,departure,
RH 331_2026-06-17,RH 331,HKC,2026-06-17,07:00,BKK,Dep 11:52,,departure,
N8 516_2026-06-17,N8 516,NCR,2026-06-17,07:00,DOH,Dep 12:53,,departure,
SV 985_2026-06-17,SV 985,SVA,2026-06-17,07:00,"RUH, JED",Dep 08:47,,departure,
ET 3767_2026-06-17,ET 3767,ETH,2026-06-17,07:10,LGG,Cancelled,,departure,
SR 815_2026-06-17,SR 815,XKY,2026-06-17,07:15,CRK,Dep 07:06,,departure,
RH 701_2026-06-17,RH 701,HKC,2026-06-17,08:15,SYD,Dep 08:25,,departure,
CX 2075_2026-06-17,CX 2075,CPA,2026-06-17,08:15,SIN,Dep 08:29,,departure,
5Y 3093_2026-06-17,5Y 3093,GTI,2026-06-17,08:20,OTP,Dep 10:14,,departure,
QR 8429_2026-06-17,QR 8429,QTR,2026-06-17,08:25,DOH,Dep 11:57,,departure,
3S 515_2026-06-17,3S 515,BOX,2026-06-17,08:30,LEJ,Dep 08:51,,departure,
RH 371_2026-06-17,RH 371,HKC,2026-06-17,08:40,SIN,Dep 14:48,,departure,
QR 8411_2026-06-17,QR 8411,QTR,2026-06-17,08:40,DOH,Dep 09:45,,departure,
5Y 8030_2026-06-17,5Y 8030,GTI,2026-06-17,08:45,"ANC, MIA",Dep 09:09,,departure,
T8 4721_2026-06-17,T8 4721,TVR,2026-06-17,08:55,MEL,Dep 10:07,,departure,
KJ 952_2026-06-17,KJ 952,AIH,2026-06-17,09:20,ICN,Dep 11:48,,departure,
RH 9487_2026-06-17,RH 9487,HKC,2026-06-17,09:20,"ALA, IST",Dep 23:52 (18/06/2026),,departure,
EK 9861_2026-06-17,EK 9861,UAE,2026-06-17,09:20,DWC,Dep 14:55,,departure,
CX 3016_2026-06-17,CX 3016,CPA,2026-06-17,09:25,"ANC, ORD",Dep 10:26,,departure,
K4 702_2026-06-17,K4 702,CKS,2026-06-17,09:30,"DWC, TLV",Dep 16:05 (18/06/2026),,departure,
CB 853_2026-06-17,CB 853,ABB,2026-06-17,09:30,NVI,Cancelled,,departure,
O3 268_2026-06-17,O3 268,CSS,2026-06-17,09:55,NGB,Dep 10:38,,departure,
5X 067_2026-06-17,5X 067,UPS,2026-06-17,10:15,"ANC, SDF",Dep 11:24,,departure,
3S 707_2026-06-17,3S 707,BOX,2026-06-17,10:25,"BAH, LEJ",Dep 11:04,,departure,
CX 3174_2026-06-17,CX 3174,CPA,2026-06-17,10:25,"ANC, MIA, ATL",Dep 11:19,,departure,
CV 515_2026-06-17,CV 515,CLX,2026-06-17,10:35,"GYD, LUX",Dep 12:51,,departure,
EK 9847_2026-06-17,EK 9847,UAE,2026-06-17,10:40,DWC,Dep 06:32 (18/06/2026),,departure,
CX 3241_2026-06-17,CX 3241,CPA,2026-06-17,10:45,CGK,Dep 11:59,,departure,
HE 772_2026-06-17,HE 772,HGO,2026-06-17,11:00,ALA,Dep 06:48 (20/06/2026),,departure,
F5 6617_2026-06-17,F5 6617,ATG,2026-06-17,11:00,"ALA, BUD",Cancelled,,departure,
5X 003_2026-06-17,5X 003,UPS,2026-06-17,11:25,"CGN, PHL",Cancelled,,departure,
T8 4708_2026-06-17,T8 4708,TVR,2026-06-17,12:00,SHJ,Dep 13:05,,departure,
5Y 8131_2026-06-17,5Y 8131,GTI,2026-06-17,12:15,"DEL, ANC",Dep 00:29 (18/06/2026),,departure,
QY 675_2026-06-17,QY 675,BCS,2026-06-17,12:20,ALA,Dep 13:23,,departure,
3V 400_2026-06-17,3V 400,TAY,2026-06-17,12:25,"ALA, LGG",Dep 13:14,,departure,
5Y 8692_2026-06-17,5Y 8692,GTI,2026-06-17,12:40,ANC,Dep 13:33,,departure,
CV 261_2026-06-17,CV 261,CLX,2026-06-17,13:00,"ANC, JFK",Dep 16:54,,departure,
5X 001D_2026-06-17,5X 001D,UPS,2026-06-17,13:00,"CGN, PHL",Dep 13:45,,departure,
TK 6237_2026-06-17,TK 6237,THY,2026-06-17,13:15,IST,Dep 14:58,,departure,
KJ 970_2026-06-17,KJ 970,AIH,2026-06-17,13:15,ICN,Dep 14:30,,departure,
QY 517_2026-06-17,QY 517,BCS,2026-06-17,13:25,"ALA, LEJ",Dep 07:52 (19/06/2026),,departure,
CX 3294_2026-06-17,CX 3294,CPA,2026-06-17,13:30,"ANC, JFK",Dep 20:36,,departure,
K4 551_2026-06-17,K4 551,CKS,2026-06-17,14:40,"NRT, ORD",Dep 16:34,,departure,
WW 862_2026-06-17,WW 862,KXP,2026-06-17,14:45,KUL,Cancelled,,departure,
EY 9726_2026-06-17,EY 9726,ETD,2026-06-17,14:50,AUH,Dep 16:32,,departure,
QR 8465_2026-06-17,QR 8465,QTR,2026-06-17,14:50,DOH,Dep 22:01,,departure,
CX 045_2026-06-17,CX 045,CPA,2026-06-17,15:20,BOM,Dep 16:46,,departure,
KZ 206_2026-06-17,KZ 206,NCA,2026-06-17,15:30,NRT,Cancelled,,departure,
K4 270_2026-06-17,K4 270,CKS,2026-06-17,15:55,"DWC, LGG",Dep 09:48 (18/06/2026),,departure,
RH 317_2026-06-17,RH 317,HKC,2026-06-17,15:55,HAN,Dep 06:11 (18/06/2026),,departure,
5X 061_2026-06-17,5X 061,UPS,2026-06-17,16:05,"TPE, ANC, SDF",Dep 16:44,,departure,
P9 881_2026-06-17,P9 881,MGE,2026-06-17,16:10,GUM,Cancelled,,departure,
5X 166_2026-06-17,5X 166,UPS,2026-06-17,16:10,"SIN, SDF",Dep 16:24,,departure,
ET 3629_2026-06-17,ET 3629,ETH,2026-06-17,16:15,ADD,Dep 21:05,,departure,
CX 3037_2026-06-17,CX 3037,CPA,2026-06-17,16:15,HAN,Dep 18:30,,departure,
3S 519_2026-06-17,3S 519,BOX,2026-06-17,17:00,LEJ,Dep 17:12,,departure,
CX 041_2026-06-17,CX 041,CPA,2026-06-17,17:05,DEL,Dep 17:40,,departure,
7L 923_2026-06-17,7L 923,AZG,2026-06-17,17:20,GYD,Cancelled,,departure,
SV 975_2026-06-17,SV 975,SVA,2026-06-17,17:30,JED,Cancelled,,departure,
KE 8314_2026-06-17,KE 8314,KAL,2026-06-17,17:30,ICN,Dep 17:32,,departure,
SQ 7988_2026-06-17,SQ 7988,SIA,2026-06-17,17:35,"ANC, LAX",Dep 18:32,,departure,
RH 9457_2026-06-17,RH 9457,HKC,2026-06-17,18:10,DEL,Dep 18:18,,departure,
EK 9781_2026-06-17,EK 9781,UAE,2026-06-17,18:15,DWC,Dep 19:00,,departure,
7L 1923_2026-06-17,7L 1923,AZG,2026-06-17,18:20,GYD,Cancelled,,departure,
LH 8461_2026-06-17,LH 8461,GEC,2026-06-17,18:25,"IST, FRA",Dep 21:03,,departure,
7L 624_2026-06-17,7L 624,AZG,2026-06-17,18:25,GYD,Cancelled,,departure,
Y9 2562_2026-06-17,Y9 2562,SGA,2026-06-17,18:30,"DAC, DWC",Dep 20:23,,departure,
QR 8471_2026-06-17,QR 8471,QTR,2026-06-17,18:40,DOH,Dep 18:38,,departure,
2U 8021_2026-06-17,2U 8021,FKH,2026-06-17,18:50,"NQZ, RIX",Dep 21:30,,departure,
EY 9647_2026-06-17,EY 9647,ETD,2026-06-17,18:55,DWC,Dep 05:16 (19/06/2026),,departure,
5Y 825_2026-06-17,5Y 825,GTI,2026-06-17,19:05,"ANC, MIA",Dep 19:15,,departure,
5X 063_2026-06-17,5X 063,UPS,2026-06-17,19:05,"ANC, SDF",Dep 19:36,,departure,
CI 6844_2026-06-17,CI 6844,CAL,2026-06-17,19:20,TPE,Dep 19:50,,departure,
CV 245_2026-06-17,CV 245,CLX,2026-06-17,19:25,"ANC, NLU",Dep 02:11 (18/06/2026),,departure,
EK 9859_2026-06-17,EK 9859,UAE,2026-06-17,19:25,DWC,Dep 19:26,,departure,
SQ 7861_2026-06-17,SQ 7861,SIA,2026-06-17,19:30,SIN,Dep 19:45,,departure,
MH 6103_2026-06-17,MH 6103,MAS,2026-06-17,19:40,KUL,Dep 01:29 (19/06/2026),,departure,
AK 8546_2026-06-17,AK 8546,AXM,2026-06-17,19:45,KUL,Dep 20:00,,departure,
TH 641_2026-06-17,TH 641,RMY,2026-06-17,19:45,KUL,Dep 21:36,,departure,
FX 5991_2026-06-17,FX 5991,FDX,2026-06-17,19:50,"KIX, OAK",Dep 20:13,,departure,
5X 059_2026-06-17,5X 059,UPS,2026-06-17,19:50,"ANC, ONT",Dep 19:52,,departure,
CX 017_2026-06-17,CX 017,CPA,2026-06-17,20:00,MAA,Dep 20:11,,departure,
X7 856_2026-06-17,X7 856,CHG,2026-06-17,20:25,"SIN, BKK, TLV",Dep 21:22 (18/06/2026),,departure,
QR 8479_2026-06-17,QR 8479,QTR,2026-06-17,21:00,DOH,Dep 21:49,,departure,
CI 5834_2026-06-17,CI 5834,CAL,2026-06-17,21:20,TPE,Dep 22:52,,departure,
RH 351_2026-06-17,RH 351,HKC,2026-06-17,21:20,MNL,Dep 22:11,,departure,
SV 963_2026-06-17,SV 963,SVA,2026-06-17,21:35,RUH,Dep 03:01 (18/06/2026),,departure,
D0 007_2026-06-17,D0 007,DHK,2026-06-17,21:40,"CVG, EMA",Dep 22:04,,departure,
ET 3229_2026-06-17,ET 3229,ETH,2026-06-17,21:50,ADD,Cancelled,,departure,
AK 8535_2026-06-17,AK 8535,AXM,2026-06-17,21:55,KUL,Dep 22:00,,departure,
WW 109_2026-06-17,WW 109,KXP,2026-06-17,22:00,KUL,Cancelled,,departure,
TK 6239_2026-06-17,TK 6239,THY,2026-06-17,22:30,"CIT, IST",Dep 22:39,,departure,
CX 037_2026-06-17,CX 037,CPA,2026-06-17,23:20,"DEL, CDG",Dep 23:22,,departure,
BR 6530_2026-06-17,BR 6530,EVA,2026-06-17,23:35,TPE,Dep 23:24,,departure,
QF 7526_2026-06-17,QF 7526,QFA,2026-06-17,23:55,SYD,Dep 00:00 (18/06/2026),,departure,
CX 050_2026-06-17,CX 050,CPA,2026-06-17,23:55,PVG,Dep 00:18 (18/06/2026),,departure,
CX 2062_2026-06-17,CX 2062,CPA,2026-06-17,23:55,CTU,Dep 04:38 (18/06/2026),,departure,
RH 4568_2026-06-18,RH 4568,HKC,2026-06-18,00:15,TPE,Dep 03:02,,departure,
CV 531_2026-06-18,CV 531,CLX,2026-06-18,00:30,"GYD, LUX",Dep 06:54,,departure,
CX 006_2026-06-18,CX 006,CPA,2026-06-18,00:50,NRT,Dep 02:50,,departure,
MS 510_2026-06-18,MS 510,MSR,2026-06-18,01:00,BKK,Dep 01:03,,departure,
CX 086_2026-06-18,CX 086,CPA,2026-06-18,01:30,"ANC, NLU",Dep 08:20,,departure,
QR 8403_2026-06-18,QR 8403,QTR,2026-06-18,01:45,DOH,Dep 01:34,,departure,
CX 3170_2026-06-18,CX 3170,CPA,2026-06-18,01:50,"ANC, MIA, IAH",Dep 03:00,,departure,
SV 981_2026-06-18,SV 981,SVA,2026-06-18,02:00,RUH,Dep 06:04,,departure,
TK 6265_2026-06-18,TK 6265,THY,2026-06-18,02:05,IST,Dep 02:29,,departure,
KZ 202_2026-06-18,KZ 202,NCA,2026-06-18,02:25,NRT,Dep 05:30,,departure,
NH 8512_2026-06-18,NH 8512,ANA,2026-06-18,02:25,NRT,Dep 02:27,,departure,
C6 7634_2026-06-18,C6 7634,MFX,2026-06-18,02:30,TAS,Dep 03:33,,departure,
MB 430_2026-06-18,MB 430,MNB,2026-06-18,02:30,"NVI, IST",Dep 02:26 (19/06/2026),,departure,
KJ 972_2026-06-18,KJ 972,AIH,2026-06-18,02:40,ICN,Dep 02:17,,departure,
CI 5836_2026-06-18,CI 5836,CAL,2026-06-18,03:00,TPE,Dep 04:04,,departure,
CX 3254_2026-06-18,CX 3254,CPA,2026-06-18,03:10,PVG,Dep 10:42,,departure,
KE 314_2026-06-18,KE 314,KAL,2026-06-18,03:10,ICN,Dep 03:12,,departure,
LD 204_2026-06-18,LD 204,AHK,2026-06-18,03:15,KIX,Dep 03:17,,departure,
LD 128_2026-06-18,LD 128,AHK,2026-06-18,03:20,ICN,Dep 03:21,,departure,
BR 6536_2026-06-18,BR 6536,EVA,2026-06-18,03:20,TPE,Dep 04:17,,departure,
LD 208_2026-06-18,LD 208,AHK,2026-06-18,03:25,NRT,Dep 03:30,,departure,
LD 327_2026-06-18,LD 327,AHK,2026-06-18,03:25,SIN,Dep 03:41,,departure,
LD 768_2026-06-18,LD 768,AHK,2026-06-18,03:25,PEK,Dep 03:53,,departure,
LD 216_2026-06-18,LD 216,AHK,2026-06-18,03:30,NGO,Dep 03:30,,departure,
ET 3707_2026-06-18,ET 3707,ETH,2026-06-18,03:30,"BUD, ADD",Dep 04:48,,departure,
8K 526_2026-06-18,8K 526,KMI,2026-06-18,03:30,BKK,Dep 03:37,,departure,
LD 457_2026-06-18,LD 457,AHK,2026-06-18,03:35,"MNL, CEB",Dep 05:05,,departure,
LD 782_2026-06-18,LD 782,AHK,2026-06-18,03:40,PVG,Dep 03:51,,departure,
LD 831_2026-06-18,LD 831,AHK,2026-06-18,03:40,BKK,Dep 03:51,,departure,
LD 561_2026-06-18,LD 561,AHK,2026-06-18,03:45,SGN,Dep 03:52,,departure,
TH 3508_2026-06-18,TH 3508,RMY,2026-06-18,03:45,KUL,Dep 04:13,,departure,
WW 891_2026-06-18,WW 891,KXP,2026-06-18,03:55,KUL,Cancelled,,departure,
3S 502_2026-06-18,3S 502,BOX,2026-06-18,04:00,LAX,Dep 04:09,,departure,
3Y 6011_2026-06-18,3Y 6011,MYU,2026-06-18,04:00,CGK,Dep 04:20,,departure,
HJ 022_2026-06-18,HJ 022,TMN,2026-06-18,04:00,SYD,Dep 04:12,,departure,
LD 720_2026-06-18,LD 720,AHK,2026-06-18,04:05,CTU,Dep 04:03,,departure,
TH 3091_2026-06-18,TH 3091,RMY,2026-06-18,04:15,PEN,Dep 04:42,,departure,
LD 680_2026-06-18,LD 680,AHK,2026-06-18,04:20,TPE,Dep 04:25,,departure,
CT 154_2026-06-18,CT 154,AAE,2026-06-18,04:40,"HSA, BUD",Dep 02:10 (19/06/2026),,departure,
3S 715_2026-06-18,3S 715,BOX,2026-06-18,05:35,"DXB, LEJ",Dep 05:47,,departure,
3S 733_2026-06-18,3S 733,BOX,2026-06-18,05:40,"BLR, LEJ",Dep 06:21,,departure,
ES 720_2026-06-18,ES 720,DHX,2026-06-18,05:40,BAH,Dep 05:48,,departure,
FX 5025_2026-06-18,FX 5025,FDX,2026-06-18,06:20,"IST, CDG, LGG, MEM",Dep 06:30,,departure,
7L 1247_2026-06-18,7L 1247,AZG,2026-06-18,06:30,GYD,Dep 00:44,,departure,
K4 255_2026-06-18,K4 255,CKS,2026-06-18,06:40,"YHM, JFK",Dep 06:41,,departure,
D0 593_2026-06-18,D0 593,DHK,2026-06-18,06:40,"DEL, EMA",Dep 06:41,,departure,
3S 505_2026-06-18,3S 505,BOX,2026-06-18,06:50,LEJ,Dep 07:17,,departure,
K4 241_2026-06-18,K4 241,CKS,2026-06-18,07:00,"ANC, MIA",Dep 07:25,,departure,
RH 331_2026-06-18,RH 331,HKC,2026-06-18,07:00,BKK,Dep 05:37 (19/06/2026),,departure,
HE 714_2026-06-18,HE 714,HGO,2026-06-18,07:00,AUH,Dep 15:31,,departure,
K4 891_2026-06-18,K4 891,CKS,2026-06-18,07:00,"ICN, ANC, LAX",Dep 14:05 (19/06/2026),,departure,
CK 264_2026-06-18,CK 264,CKK,2026-06-18,07:00,"CKG, PVG",Dep 06:53,,departure,
CT 124_2026-06-18,CT 124,AAE,2026-06-18,07:00,KGF,Dep 07:05,,departure,
RH 392_2026-06-18,RH 392,HKC,2026-06-18,07:05,"ALA, BUD",Dep 13:04 (19/06/2026),,departure,
5Y 8523_2026-06-18,5Y 8523,GTI,2026-06-18,07:30,"ANC, ORD",Dep 02:31 (20/06/2026),,departure,
SR 815_2026-06-18,SR 815,XKY,2026-06-18,07:30,CRK,Dep 07:27,,departure,
CX 3280_2026-06-18,CX 3280,CPA,2026-06-18,08:05,"ANC, LAX, PDX",Dep 10:12,,departure,
CT 112_2026-06-18,CT 112,AAE,2026-06-18,08:25,"KGF, LGG",Dep 15:43,,departure,
3S 503_2026-06-18,3S 503,BOX,2026-06-18,08:30,LEJ,Dep 09:14,,departure,
HE 1710_2026-06-18,HE 1710,HGO,2026-06-18,08:30,GYD,Dep 03:24 (19/06/2026),,departure,
RH 371_2026-06-18,RH 371,HKC,2026-06-18,08:40,SIN,Dep 08:06,,departure,
CB 853_2026-06-18,CB 853,ABB,2026-06-18,08:40,"NVI, BRU",Dep 10:18,,departure,
QR 8417_2026-06-18,QR 8417,QTR,2026-06-18,08:45,DOH,Dep 14:01,,departure,
CC 4800_2026-06-18,CC 4800,ABD,2026-06-18,09:20,"CMB, JNB",Dep 07:10 (19/06/2026),,departure,
EK 9835_2026-06-18,EK 9835,UAE,2026-06-18,09:40,DWC,Dep 04:05 (19/06/2026),,departure,
K4 285_2026-06-18,K4 285,CKS,2026-06-18,09:45,"ANC, CVG",Dep 15:54,,departure,
RH 962_2026-06-18,RH 962,HKC,2026-06-18,09:55,KIX,Dep 10:37,,departure,
O3 268_2026-06-18,O3 268,CSS,2026-06-18,09:55,NGB,Dep 09:26,,departure,
T8 4702_2026-06-18,T8 4702,TVR,2026-06-18,10:00,SHJ,Dep 10:27,,departure,
CX 043_2026-06-18,CX 043,CPA,2026-06-18,10:10,DEL,Dep 10:24,,departure,
3S 709_2026-06-18,3S 709,BOX,2026-06-18,10:25,"BAH, LEJ",Dep 10:50,,departure,
5X 067_2026-06-18,5X 067,UPS,2026-06-18,10:25,"ICN, ANC, SDF",Dep 12:34,,departure,
CV 7624_2026-06-18,CV 7624,CLX,2026-06-18,10:30,"NQZ, LUX",Dep 21:26,,departure,
CI 5832_2026-06-18,CI 5832,CAL,2026-06-18,11:15,TPE,Cancelled,,departure,
QR 8427_2026-06-18,QR 8427,QTR,2026-06-18,11:15,DOH,Dep 16:10,,departure,
MP 9432_2026-06-18,MP 9432,MPH,2026-06-18,11:15,"ALA, AMS",Dep 11:59,,departure,
T8 4704_2026-06-18,T8 4704,TVR,2026-06-18,12:00,DMM,Dep 13:00,,departure,
EK 9825_2026-06-18,EK 9825,UAE,2026-06-18,12:25,DWC,Dep 14:25,,departure,
RH 9457_2026-06-18,RH 9457,HKC,2026-06-18,13:20,DEL,Dep 12:21 (20/06/2026),,departure,
KJ 968_2026-06-18,KJ 968,AIH,2026-06-18,13:30,ICN,Dep 21:11,,departure,
CX 3298_2026-06-18,CX 3298,CPA,2026-06-18,13:50,"ANC, JFK",Dep 15:42,,departure,
7L 1923_2026-06-18,7L 1923,AZG,2026-06-18,13:50,DWC,Dep 18:02,,departure,
EK 9837_2026-06-18,EK 9837,UAE,2026-06-18,14:00,DWC,Dep 19:17,,departure,
3S 509_2026-06-18,3S 509,BOX,2026-06-18,14:15,LEJ,Dep 16:20,,departure,
SQ 7952_2026-06-18,SQ 7952,SIA,2026-06-18,14:45,"ANC, DFW",Dep 15:32,,departure,
WW 862_2026-06-18,WW 862,KXP,2026-06-18,14:45,KUL,Dep 00:41 (19/06/2026),,departure,
ET 3685_2026-06-18,ET 3685,ETH,2026-06-18,14:50,ADD,Dep 16:58,,departure,
EY 926_2026-06-18,EY 926,ETD,2026-06-18,14:55,AUH,Dep 17:47,,departure,
EK 9841_2026-06-18,EK 9841,UAE,2026-06-18,14:55,DWC,Cancelled,,departure,
CX 3032_2026-06-18,CX 3032,CPA,2026-06-18,15:10,ICN,Dep 21:40,,departure,
5X 001_2026-06-18,5X 001,UPS,2026-06-18,15:40,"CGN, PHL",Dep 16:41,,departure,
RH 317_2026-06-18,RH 317,HKC,2026-06-18,15:55,HAN,Dep 20:58,,departure,
MB 366_2026-06-18,MB 366,MNB,2026-06-18,16:00,SHJ,Dep 03:07 (19/06/2026),,departure,
CX 3243_2026-06-18,CX 3243,CPA,2026-06-18,16:05,HAN,Dep 16:30,,departure,
5X 061_2026-06-18,5X 061,UPS,2026-06-18,16:05,"TPE, ANC, SDF",Dep 16:51,,departure,
P9 881_2026-06-18,P9 881,MGE,2026-06-18,16:10,GUM,Dep 00:45 (20/06/2026),,departure,
5X 166_2026-06-18,5X 166,UPS,2026-06-18,16:10,"SIN, SDF",Dep 16:14,,departure,
EY 930_2026-06-18,EY 930,ETD,2026-06-18,16:25,AUH,Dep 01:36 (20/06/2026),,departure,
P9 8811_2026-06-18,P9 8811,MGE,2026-06-18,16:30,GUM,Cancelled,,departure,
3S 519_2026-06-18,3S 519,BOX,2026-06-18,17:00,LEJ,Dep 19:38,,departure,
KE 9314_2026-06-18,KE 9314,KAL,2026-06-18,17:10,ICN,Dep 17:21,,departure,
5Y 654_2026-06-18,5Y 654,GTI,2026-06-18,17:25,"ICN, ANC, ORD",Dep 17:36,,departure,
MH 6119_2026-06-18,MH 6119,MAS,2026-06-18,18:20,KUL,Dep 00:25 (19/06/2026),,departure,
LH 8461_2026-06-18,LH 8461,GEC,2026-06-18,18:25,"IST, FRA",Dep 21:59,,departure,
CX 2047_2026-06-18,CX 2047,CPA,2026-06-18,18:30,MAA,Dep 19:37,,departure,
QR 8471_2026-06-18,QR 8471,QTR,2026-06-18,18:40,DOH,Cancelled,,departure,
CV 287_2026-06-18,CV 287,CLX,2026-06-18,18:55,"ANC, DFW, MIA, LUX",Dep 21:46,,departure,
5X 063_2026-06-18,5X 063,UPS,2026-06-18,19:05,"ANC, SDF",Dep 20:01,,departure,
CI 5838_2026-06-18,CI 5838,CAL,2026-06-18,19:20,TPE,Dep 20:59,,departure,
SV 3021_2026-06-18,SV 3021,SVA,2026-06-18,19:30,"HSA, LGG, FRA",Dep 08:41 (19/06/2026),,departure,
TH 641_2026-06-18,TH 641,RMY,2026-06-18,19:30,KUL,Dep 22:48,,departure,
CP 138_2026-06-18,CP 138,LSI,2026-06-18,19:35,"GYD, MXP",Dep 21:40 (19/06/2026),,departure,
AK 8542_2026-06-18,AK 8542,AXM,2026-06-18,19:45,KUL,Dep 22:06,,departure,
FX 5991_2026-06-18,FX 5991,FDX,2026-06-18,19:50,"KIX, OAK",Dep 20:41,,departure,
5X 059_2026-06-18,5X 059,UPS,2026-06-18,19:50,"ANC, ONT",Dep 20:47,,departure,
C8 782_2026-06-18,C8 782,ICV,2026-06-18,20:00,"ASB, MXP",Dep 07:04 (19/06/2026),,departure,
F5 7618_2026-06-18,F5 7618,ATG,2026-06-18,20:20,DWC,Cancelled,,departure,
CX 056_2026-06-18,CX 056,CPA,2026-06-18,20:25,PVG,Dep 23:44,,departure,
7L 147_2026-06-18,7L 147,AZG,2026-06-18,20:25,GYD,Cancelled,,departure,
CX 054_2026-06-18,CX 054,CPA,2026-06-18,20:45,"CGO, PVG",Dep 22:00,,departure,
RH 351_2026-06-18,RH 351,HKC,2026-06-18,21:20,MNL,Dep 22:15,,departure,
7L 692_2026-06-18,7L 692,AZG,2026-06-18,21:20,GYD,Cancelled,,departure,
QR 8413_2026-06-18,QR 8413,QTR,2026-06-18,21:30,DOH,Dep 23:13,,departure,
D0 009_2026-06-18,D0 009,DHK,2026-06-18,21:40,"CVG, EMA",Dep 00:25 (19/06/2026),,departure,
EK 9785_2026-06-18,EK 9785,UAE,2026-06-18,22:20,DWC,Dep 01:54 (19/06/2026),,departure,
RH 394_2026-06-18,RH 394,HKC,2026-06-18,22:30,"ALA, ATH",Dep 07:00 (20/06/2026),,departure,
ET 3785_2026-06-19,ET 3785,ETH,2026-06-19,00:00,"MCT, MAD, ADD",Dep 02:40 (20/06/2026),,departure,
CX 2094_2026-06-19,CX 2094,CPA,2026-06-19,00:10,"ANC, ORD",Dep 01:35,,departure,
RH 4568_2026-06-19,RH 4568,HKC,2026-06-19,00:15,TPE,Dep 08:03,,departure,
RH 829_2026-06-19,RH 829,HKC,2026-06-19,00:15,PVG,Dep 09:24,,departure,
SV 987_2026-06-19,SV 987,SVA,2026-06-19,00:30,RUH,Dep 00:33,,departure,
QR 8401_2026-06-19,QR 8401,QTR,2026-06-19,00:30,DOH,Dep 01:18,,departure,
CX 006_2026-06-19,CX 006,CPA,2026-06-19,00:50,NRT,Dep 01:13,,departure,
2U 8051_2026-06-19,2U 8051,FKH,2026-06-19,01:10,NQZ,Dep 03:23,,departure,
CX 096_2026-06-19,CX 096,CPA,2026-06-19,01:30,"ANC, NLU",Dep 04:53,,departure,
KZ 202_2026-06-19,KZ 202,NCA,2026-06-19,02:25,NRT,Dep 03:09,,departure,
KJ 974_2026-06-19,KJ 974,AIH,2026-06-19,02:40,ICN,Dep 03:24,,departure,
CI 5826_2026-06-19,CI 5826,CAL,2026-06-19,03:00,TPE,Dep 04:25,,departure,
CX 3031_2026-06-19,CX 3031,CPA,2026-06-19,03:00,AMS,Dep 03:45,,departure,
KE 314_2026-06-19,KE 314,KAL,2026-06-19,03:10,ICN,Dep 03:35,,departure,
LD 204_2026-06-19,LD 204,AHK,2026-06-19,03:15,KIX,Dep 03:45,,departure,
LD 128_2026-06-19,LD 128,AHK,2026-06-19,03:20,ICN,Dep 03:49,,departure,
BR 6538_2026-06-19,BR 6538,EVA,2026-06-19,03:20,TPE,Dep 03:33,,departure,
LD 208_2026-06-19,LD 208,AHK,2026-06-19,03:25,NRT,Dep 04:19,,departure,
LD 327_2026-06-19,LD 327,AHK,2026-06-19,03:25,SIN,Dep 03:34,,departure,
LD 768_2026-06-19,LD 768,AHK,2026-06-19,03:25,PEK,Dep 03:48,,departure,
LD 216_2026-06-19,LD 216,AHK,2026-06-19,03:30,NGO,Dep 04:03,,departure,
8K 526_2026-06-19,8K 526,KMI,2026-06-19,03:30,BKK,Dep 03:56,,departure,
LD 457_2026-06-19,LD 457,AHK,2026-06-19,03:35,"MNL, CEB",Dep 03:53,,departure,
LD 782_2026-06-19,LD 782,AHK,2026-06-19,03:40,PVG,Dep 04:24,,departure,
LD 831_2026-06-19,LD 831,AHK,2026-06-19,03:40,BKK,Dep 04:22,,departure,
LD 561_2026-06-19,LD 561,AHK,2026-06-19,03:45,SGN,Dep 04:14,,departure,
TH 3508_2026-06-19,TH 3508,RMY,2026-06-19,03:45,KUL,Dep 04:03,,departure,
NH 8512_2026-06-19,NH 8512,ANA,2026-06-19,03:50,NRT,Dep 04:33,,departure,
3S 500_2026-06-19,3S 500,BOX,2026-06-19,04:00,LAX,Dep 04:32,,departure,
3Y 6011_2026-06-19,3Y 6011,MYU,2026-06-19,04:00,CGK,Dep 04:26,,departure,
LD 720_2026-06-19,LD 720,AHK,2026-06-19,04:05,CTU,Dep 04:11,,departure,
QR 8407_2026-06-19,QR 8407,QTR,2026-06-19,04:10,DOH,Dep 05:07,,departure,
TH 3091_2026-06-19,TH 3091,RMY,2026-06-19,04:15,PEN,Dep 06:23,,departure,
LD 680_2026-06-19,LD 680,AHK,2026-06-19,04:20,TPE,Dep 04:39,,departure,
ET 3769_2026-06-19,ET 3769,ETH,2026-06-19,05:00,"EMA, IST",Cancelled,,departure,
QR 8415_2026-06-19,QR 8415,QTR,2026-06-19,05:30,DOH,Dep 06:33,,departure,
3S 713_2026-06-19,3S 713,BOX,2026-06-19,05:35,"DXB, LEJ",Dep 05:45,,departure,
3S 735_2026-06-19,3S 735,BOX,2026-06-19,05:40,"BLR, LEJ",Dep 06:34,,departure,
ES 728_2026-06-19,ES 728,DHX,2026-06-19,05:40,BAH,Dep 06:00,,departure,
FX 5217_2026-06-19,FX 5217,FDX,2026-06-19,06:05,"IST, LGG, CDG, MEM",Dep 06:12,,departure,
RH 9493_2026-06-19,RH 9493,HKC,2026-06-19,06:20,"ALA, IST",Dep 19:03 (20/06/2026),,departure,
D0 591_2026-06-19,D0 591,DHK,2026-06-19,06:40,"DEL, EMA",Dep 06:51,,departure,
CX 2058_2026-06-19,CX 2058,CPA,2026-06-19,06:45,PVG,Dep 12:07,,departure,
ET 3035_2026-06-19,ET 3035,ETH,2026-06-19,06:55,ADD,Cancelled,,departure,
ET 3793_2026-06-19,ET 3793,ETH,2026-06-19,06:55,"BUD, ADD",Dep 08:09,,departure,
QR 8409_2026-06-19,QR 8409,QTR,2026-06-19,06:55,DOH,Dep 07:10,,departure,
K4 243_2026-06-19,K4 243,CKS,2026-06-19,07:00,"ANC, MIA",Dep 07:00,,departure,
RH 331_2026-06-19,RH 331,HKC,2026-06-19,07:00,BKK,Dep 14:39,,departure,
N8 504_2026-06-19,N8 504,NCR,2026-06-19,07:00,"AUH, KWI",Dep 14:27,,departure,
3S 711_2026-06-19,3S 711,BOX,2026-06-19,07:00,LEJ,Dep 07:08,,departure,
QR 8411_2026-06-19,QR 8411,QTR,2026-06-19,07:00,DOH,Dep 07:22,,departure,
5Y 5528_2026-06-19,5Y 5528,GTI,2026-06-19,07:00,ICN,Cancelled,,departure,
F5 6617_2026-06-19,F5 6617,ATG,2026-06-19,07:00,"ALA, BUD",Dep 09:17 (20/06/2026),,departure,
CX 037_2026-06-19,CX 037,CPA,2026-06-19,07:05,"BLR, LHR",Dep 07:18,,departure,
K4 272_2026-06-19,K4 272,CKS,2026-06-19,07:15,"DWC, LGG",Dep 02:01 (20/06/2026),,departure,
EK 9843_2026-06-19,EK 9843,UAE,2026-06-19,07:15,DWC,Dep 07:22,,departure,
CI 6842_2026-06-19,CI 6842,CAL,2026-06-19,07:35,TPE,Dep 08:01,,departure,
K4 255_2026-06-19,K4 255,CKS,2026-06-19,07:40,"ANC, ORD, CVG",Dep 20:01,,departure,
N8 554_2026-06-19,N8 554,NCR,2026-06-19,07:55,"AUH, TLV",Dep 08:43,,departure,
O3 152_2026-06-19,O3 152,CSS,2026-06-19,07:55,EHU,Dep 08:14,,departure,
K4 209_2026-06-19,K4 209,CKS,2026-06-19,08:15,"ANC, CVG",Dep 20:45,,departure,
RH 371_2026-06-19,RH 371,HKC,2026-06-19,08:40,SIN,Dep 08:20,,departure,
T8 4721_2026-06-19,T8 4721,TVR,2026-06-19,09:00,SYD,Dep 08:36,,departure,
CP 196_2026-06-19,CP 196,LSI,2026-06-19,09:20,"GYD, LGG",Dep 09:33,,departure,
HE 871_2026-06-19,HE 871,HGO,2026-06-19,09:30,SHJ,Dep 15:23,,departure,
QY 675_2026-06-19,QY 675,BCS,2026-06-19,09:45,"ALA, LEJ",Dep 10:20,,departure,
3S 503_2026-06-19,3S 503,BOX,2026-06-19,09:50,LEJ,Dep 10:37,,departure,
O3 268_2026-06-19,O3 268,CSS,2026-06-19,09:55,NGB,Dep 09:32,,departure,
5C 850_2026-06-19,5C 850,ICL,2026-06-19,10:00,"DWC, TLV",Dep 18:33,,departure,
QY 517_2026-06-19,QY 517,BCS,2026-06-19,10:00,"ALA, LEJ",Dep 07:09 (21/06/2026),,departure,
CX 2073_2026-06-19,CX 2073,CPA,2026-06-19,10:05,SIN,Dep 14:20,,departure,
CV 913_2026-06-19,CV 913,CLX,2026-06-19,10:15,"NQZ, LUX",Cancelled,,departure,
CV 7955_2026-06-19,CV 7955,CLX,2026-06-19,10:15,"NQZ, LUX",Dep 11:35,,departure,
QR 8435_2026-06-19,QR 8435,QTR,2026-06-19,10:15,DOH,Dep 11:16,,departure,
3S 707_2026-06-19,3S 707,BOX,2026-06-19,10:25,"BAH, LEJ",Dep 10:29,,departure,
EK 9841_2026-06-19,EK 9841,UAE,2026-06-19,10:45,DWC,Dep 15:06,,departure,
EK 9791_2026-06-19,EK 9791,UAE,2026-06-19,10:55,DWC,Dep 10:53,,departure,
5X 003_2026-06-19,5X 003,UPS,2026-06-19,11:25,"CGN, PHL",Dep 12:39,,departure,
MB 578_2026-06-19,MB 578,MNB,2026-06-19,11:30,"SHJ, IST",Dep 12:28,,departure,
CX 3408_2026-06-19,CX 3408,CPA,2026-06-19,11:35,"ANC, ORD, DFW",Dep 11:45,,departure,
CV 272_2026-06-19,CV 272,CLX,2026-06-19,11:40,"ANC, ORD, LUX",Dep 17:28,,departure,
EY 932_2026-06-19,EY 932,ETD,2026-06-19,11:55,AUH,Dep 13:54,,departure,
T8 4704_2026-06-19,T8 4704,TVR,2026-06-19,12:00,DMM,Dep 12:08,,departure,
QR 8405_2026-06-19,QR 8405,QTR,2026-06-19,12:05,DOH,Dep 12:30,,departure,
3V 400_2026-06-19,3V 400,TAY,2026-06-19,12:25,"ALA, LGG",Dep 16:32,,departure,
MP 9442_2026-06-19,MP 9442,MPH,2026-06-19,12:30,"ALA, AMS",Dep 14:20,,departure,
MB 368_2026-06-19,MB 368,MNB,2026-06-19,13:00,SHJ,Dep 23:42,,departure,
EY 948_2026-06-19,EY 948,ETD,2026-06-19,13:20,AUH,Cancelled,,departure,
KJ 970_2026-06-19,KJ 970,AIH,2026-06-19,13:30,ICN,Dep 13:33,,departure,
TK 6259_2026-06-19,TK 6259,THY,2026-06-19,14:20,IST,Dep 18:14,,departure,
5X 067_2026-06-19,5X 067,UPS,2026-06-19,14:20,"ANC, SDF",Dep 14:31,,departure,
K4 551_2026-06-19,K4 551,CKS,2026-06-19,14:40,"NRT, ANC, ORD",Dep 07:42 (20/06/2026),,departure,
CX 039_2026-06-19,CX 039,CPA,2026-06-19,14:45,BOM,Dep 15:00,,departure,
EK 9853_2026-06-19,EK 9853,UAE,2026-06-19,14:45,DWC,Cancelled,,departure,
WW 862_2026-06-19,WW 862,KXP,2026-06-19,15:20,KUL,Dep 23:03,,departure,
KE 8314_2026-06-19,KE 8314,KAL,2026-06-19,15:50,ICN,Dep 15:46,,departure,
5Y 612_2026-06-19,5Y 612,GTI,2026-06-19,15:55,"ANC, HSV, MIA",Dep 14:59,,departure,
RH 317_2026-06-19,RH 317,HKC,2026-06-19,15:55,HAN,Dep 03:08 (20/06/2026),,departure,
CX 094_2026-06-19,CX 094,CPA,2026-06-19,16:00,"ANC, JFK",Dep 15:59,,departure,
5X 061_2026-06-19,5X 061,UPS,2026-06-19,16:05,"TPE, ANC, SDF",Dep 16:09,,departure,
P9 881_2026-06-19,P9 881,MGE,2026-06-19,16:10,GUM,Cancelled,,departure,
TK 6321_2026-06-19,TK 6321,THY,2026-06-19,16:25,IST,Dep 16:20,,departure,
5X 169_2026-06-19,5X 169,UPS,2026-06-19,16:25,"SIN, SDF",Dep 16:18,,departure,
3S 519_2026-06-19,3S 519,BOX,2026-06-19,16:45,LEJ,Dep 17:17,,departure,
CX 2049_2026-06-19,CX 2049,CPA,2026-06-19,16:55,HAN,Dep 16:54,,departure,
RH 9375_2026-06-19,RH 9375,HKC,2026-06-19,17:00,MAA,Dep 18:42,,departure,
QR 8475_2026-06-19,QR 8475,QTR,2026-06-19,17:15,DOH,Dep 17:36,,departure,
5Y 8139_2026-06-19,5Y 8139,GTI,2026-06-19,17:55,"DEL, ANC",Dep 00:17 (20/06/2026),,departure,
CX 2026_2026-06-19,CX 2026,CPA,2026-06-19,18:05,TPE,Dep 17:59,,departure,
CT 114_2026-06-19,CT 114,AAE,2026-06-19,18:05,KGF,Cancelled,,departure,
7L 247_2026-06-19,7L 247,AZG,2026-06-19,18:10,GYD,Cancelled,,departure,
RH 9457_2026-06-19,RH 9457,HKC,2026-06-19,18:10,DEL,Dep 19:02,,departure,
CB 855_2026-06-19,CB 855,ABB,2026-06-19,18:15,NVI,Dep 20:53,,departure,
7L 572_2026-06-19,7L 572,AZG,2026-06-19,18:35,GYD,Cancelled,,departure,
EK 9847_2026-06-19,EK 9847,UAE,2026-06-19,18:45,DWC,Dep 22:26,,departure,
SQ 7859_2026-06-19,SQ 7859,SIA,2026-06-19,18:55,SIN,Dep 18:51,,departure,
CI 6844_2026-06-19,CI 6844,CAL,2026-06-19,19:20,TPE,Dep 19:43,,departure,
5X 063_2026-06-19,5X 063,UPS,2026-06-19,19:25,"ANC, SDF",Dep 19:17,,departure,
TH 641_2026-06-19,TH 641,RMY,2026-06-19,19:30,KUL,Dep 19:20,,departure,
QR 8423_2026-06-19,QR 8423,QTR,2026-06-19,19:30,DOH,Dep 19:19,,departure,
AK 8542_2026-06-19,AK 8542,AXM,2026-06-19,19:45,KUL,Dep 19:29,,departure,
SV 977_2026-06-19,SV 977,SVA,2026-06-19,19:45,JED,Dep 11:10 (20/06/2026),,departure,
5X 059_2026-06-19,5X 059,UPS,2026-06-19,19:45,"ANC, ONT",Cancelled,,departure,
FX 5991_2026-06-19,FX 5991,FDX,2026-06-19,19:50,"KIX, OAK, MEM",Dep 19:50,,departure,
K4 704_2026-06-19,K4 704,CKS,2026-06-19,20:45,"DWC, TLV",Dep 03:46 (20/06/2026),,departure,
CX 3147_2026-06-19,CX 3147,CPA,2026-06-19,21:00,HAN,Dep 21:36,,departure,
RH 351_2026-06-19,RH 351,HKC,2026-06-19,21:20,MNL,Dep 22:13,,departure,
EK 9775_2026-06-19,EK 9775,UAE,2026-06-19,21:25,DWC,Cancelled,,departure,
AK 8535_2026-06-19,AK 8535,AXM,2026-06-19,21:55,KUL,Cancelled,,departure,
WW 109_2026-06-19,WW 109,KXP,2026-06-19,22:00,KUL,Cancelled,,departure,
CV 293_2026-06-19,CV 293,CLX,2026-06-19,22:15,"ANC, NLU, GDL, LAX",Dep 22:13,,departure,
HJ 022_2026-06-19,HJ 022,TMN,2026-06-19,22:35,SYD,Dep 22:55,,departure,
QF 7526_2026-06-19,QF 7526,QFA,2026-06-19,23:50,SYD,Dep 00:02 (20/06/2026),,departure,
CX 3272_2026-06-20,CX 3272,CPA,2026-06-20,00:05,"ANC, MIA, ATL",Dep 00:08,,departure,
RH 4568_2026-06-20,RH 4568,HKC,2026-06-20,00:15,TPE,Cancelled,,departure,
RH 829_2026-06-20,RH 829,HKC,2026-06-20,00:15,PVG,Cancelled,,departure,
QR 8429_2026-06-20,QR 8429,QTR,2026-06-20,00:30,DOH,Dep 00:33,,departure,
CX 006_2026-06-20,CX 006,CPA,2026-06-20,00:50,NRT,Dep 01:34,,departure,
MS 510_2026-06-20,MS 510,MSR,2026-06-20,01:00,BKK,Dep 04:27,,departure,
CX 086_2026-06-20,CX 086,CPA,2026-06-20,01:30,"ANC, NLU",Dep 06:03,,departure,
BR 6090_2026-06-20,BR 6090,EVA,2026-06-20,01:30,TPE,Dep 01:15,,departure,
KJ 972_2026-06-20,KJ 972,AIH,2026-06-20,02:20,ICN,Cancelled,,departure,
KZ 202_2026-06-20,KZ 202,NCA,2026-06-20,02:25,NRT,Dep 02:49,,departure,
NH 8512_2026-06-20,NH 8512,ANA,2026-06-20,02:25,NRT,Dep 02:08,,departure,
SV 983D_2026-06-20,SV 983D,SVA,2026-06-20,02:25,RUH,Cancelled,,departure,
CX 056_2026-06-20,CX 056,CPA,2026-06-20,02:40,PVG,Dep 03:07,,departure,
ET 3219_2026-06-20,ET 3219,ETH,2026-06-20,02:40,ADD,Cancelled,,departure,
CI 5836_2026-06-20,CI 5836,CAL,2026-06-20,03:00,TPE,Dep 05:09,,departure,
KE 314_2026-06-20,KE 314,KAL,2026-06-20,03:10,ICN,Dep 02:59,,departure,
BR 6536_2026-06-20,BR 6536,EVA,2026-06-20,03:20,TPE,Dep 02:50,,departure,
LD 457_2026-06-20,LD 457,AHK,2026-06-20,03:35,"MNL, CEB",Dep 03:40,,departure,
QR 8421_2026-06-20,QR 8421,QTR,2026-06-20,03:35,DOH,Dep 03:20,,departure,
8K 526_2026-06-20,8K 526,KMI,2026-06-20,03:40,BKK,Dep 03:36,,departure,
LD 591_2026-06-20,LD 591,AHK,2026-06-20,03:45,PEN,Dep 03:46,,departure,
LD 128_2026-06-20,LD 128,AHK,2026-06-20,03:50,ICN,Dep 03:47,,departure,
LD 208_2026-06-20,LD 208,AHK,2026-06-20,03:55,NRT,Dep 03:54,,departure,
WW 891_2026-06-20,WW 891,KXP,2026-06-20,03:55,KUL,Cancelled,,departure,
CX 050_2026-06-20,CX 050,CPA,2026-06-20,04:00,CGO,Dep 08:48,,departure,
LD 831_2026-06-20,LD 831,AHK,2026-06-20,04:05,BKK,Dep 05:11,,departure,
TC 503_2026-06-20,TC 503,ATC,2026-06-20,04:10,MCT,Cancelled,,departure,
LD 782_2026-06-20,LD 782,AHK,2026-06-20,04:15,PVG,Dep 04:10,,departure,
ET 3707_2026-06-20,ET 3707,ETH,2026-06-20,04:25,"BUD, ADD",Dep 05:03,,departure,
CT 154_2026-06-20,CT 154,AAE,2026-06-20,04:30,"HSA, BUD",Cancelled,,departure,
LD 317_2026-06-20,LD 317,AHK,2026-06-20,04:35,SIN,Dep 04:37,,departure,
LD 680_2026-06-20,LD 680,AHK,2026-06-20,04:45,TPE,Dep 04:56,,departure,
CX 061_2026-06-20,CX 061,CPA,2026-06-20,05:00,"BLR, FRA",Dep 04:59,,departure,
3S 715_2026-06-20,3S 715,BOX,2026-06-20,05:35,"DXB, LEJ",Dep 05:43,,departure,
EK 9831_2026-06-20,EK 9831,UAE,2026-06-20,05:35,DWC,Dep 03:09,,departure,
3S 733_2026-06-20,3S 733,BOX,2026-06-20,05:40,"BLR, EMA, LEJ",Dep 07:17,,departure,
ES 720_2026-06-20,ES 720,DHX,2026-06-20,05:40,BAH,Dep 06:22,,departure,
3S 545_2026-06-20,3S 545,BOX,2026-06-20,05:55,"BRU, FRA",Dep 05:53,,departure,
3S 502_2026-06-20,3S 502,BOX,2026-06-20,06:00,LAX,Dep 06:06,,departure,
FX 021_2026-06-20,FX 021,FDX,2026-06-20,06:05,"IST, CDG, LGG, MEM",Dep 05:58,,departure,
K4 253_2026-06-20,K4 253,CKS,2026-06-20,06:55,"ANC, CVG",Dep 17:42,,departure,
3S 709_2026-06-20,3S 709,BOX,2026-06-20,06:55,"BAH, LEJ",Dep 07:08,,departure,
K4 241_2026-06-20,K4 241,CKS,2026-06-20,07:00,"ANC, MIA, CVG",Dep 09:38,,departure,
RH 331_2026-06-20,RH 331,HKC,2026-06-20,07:00,BKK,Dep 09:37,,departure,
CK 264_2026-06-20,CK 264,CKK,2026-06-20,07:00,"CKG, PVG",Dep 06:44,,departure,
F5 7618_2026-06-20,F5 7618,ATG,2026-06-20,07:00,"DWC, TLV",Cancelled,,departure,
CT 126_2026-06-20,CT 126,AAE,2026-06-20,07:00,"KGF, OTP",Dep 07:04,,departure,
CC 3575_2026-06-20,CC 3575,ABD,2026-06-20,07:00,"CMB, JNB",Dep 06:58,,departure,
RH 392_2026-06-20,RH 392,HKC,2026-06-20,07:05,"CIT, BUD",Dep 03:44 (21/06/2026),,departure,
ET 3601_2026-06-20,ET 3601,ETH,2026-06-20,07:10,ADD,Cancelled,,departure,
EK 9215_2026-06-20,EK 9215,UAE,2026-06-20,07:15,"ALA, BUD",Dep 07:10,,departure,
EK 9853_2026-06-20,EK 9853,UAE,2026-06-20,07:15,DWC,Dep 10:38,,departure,
QR 8403_2026-06-20,QR 8403,QTR,2026-06-20,07:20,DOH,Dep 07:11,,departure,
HJ 026_2026-06-20,HJ 026,TMN,2026-06-20,07:20,SYD,Dep 07:21,,departure,
MB 352_2026-06-20,MB 352,MNB,2026-06-20,07:30,"NVI, IST",Dep 09:19,,departure,
K4 531_2026-06-20,K4 531,CKS,2026-06-20,07:30,"ANC, LAX",Dep 14:40,,departure,
SR 815_2026-06-20,SR 815,XKY,2026-06-20,07:30,CRK,Dep 07:16,,departure,
2U 8874_2026-06-20,2U 8874,FKH,2026-06-20,08:00,"NQZ, RIX",Cancelled,,departure,
CV 3739_2026-06-20,CV 3739,CLX,2026-06-20,08:05,"GYD, LUX",Dep 09:01,,departure,
CX 3073_2026-06-20,CX 3073,CPA,2026-06-20,08:20,PEN,Dep 08:19,,departure,
RH 701_2026-06-20,RH 701,HKC,2026-06-20,08:30,SYD,Dep 10:04,,departure,
RH 371_2026-06-20,RH 371,HKC,2026-06-20,08:40,SIN,Dep 10:47,,departure,
LD 8927_2026-06-20,LD 8927,AHK,2026-06-20,09:20,CGK,Dep 09:35,,departure,
KJ 952_2026-06-20,KJ 952,AIH,2026-06-20,09:20,ICN,Dep 12:23,,departure,
MB 580_2026-06-20,MB 580,MNB,2026-06-20,09:30,"NVI, IST",Dep 10:36,,departure,
EK 9833_2026-06-20,EK 9833,UAE,2026-06-20,09:40,DWC,Cancelled,,departure,
TK 6235_2026-06-20,TK 6235,THY,2026-06-20,09:45,IST,Dep 10:24,,departure,
CV 251_2026-06-20,CV 251,CLX,2026-06-20,09:55,"ANC, ORD, DFW, LUX",Dep 07:29 (21/06/2026),,departure,
RH 6651_2026-06-20,RH 6651,HKC,2026-06-20,09:55,DAC,Dep 18:36,,departure,
T8 4704_2026-06-20,T8 4704,TVR,2026-06-20,10:00,SHJ,Dep 12:30,,departure,
LH 8461_2026-06-20,LH 8461,GEC,2026-06-20,10:20,"IST, FRA",Dep 10:30,,departure,
SQ 7980_2026-06-20,SQ 7980,SIA,2026-06-20,10:30,"ANC, DFW",Dep 10:43,,departure,
CV 292_2026-06-20,CV 292,CLX,2026-06-20,10:30,"GYD, LUX",Dep 10:33,,departure,
7L 148_2026-06-20,7L 148,AZG,2026-06-20,10:30,GYD,Dep 10:48,,departure,
EY 926_2026-06-20,EY 926,ETD,2026-06-20,10:45,AUH,Dep 10:55,,departure,
T8 4708_2026-06-20,T8 4708,TVR,2026-06-20,11:50,SHJ,Dep 11:55,,departure,
D0 593_2026-06-20,D0 593,DHK,2026-06-20,11:55,"DEL, EMA",Dep 00:14 (21/06/2026),,departure,
RH 9489_2026-06-20,RH 9489,HKC,2026-06-20,12:05,"ALA, IST",Cancelled,,departure,
CX 084_2026-06-20,CX 084,CPA,2026-06-20,12:10,"ANC, LAX, PDX",Dep 12:16,,departure,
5Y 8052_2026-06-20,5Y 8052,GTI,2026-06-20,12:30,"ANC, MIA",Dep 12:32,,departure,
CV 352_2026-06-20,CV 352,CLX,2026-06-20,13:10,"GYD, BUD, LUX",Dep 13:10,,departure,
CX 049_2026-06-20,CX 049,CPA,2026-06-20,13:15,DAC,Dep 13:37,,departure,
KJ 968_2026-06-20,KJ 968,AIH,2026-06-20,13:30,ICN,Dep 16:44,,departure,
MH 6113_2026-06-20,MH 6113,MAS,2026-06-20,13:35,KUL,Dep 17:34 (21/06/2026),,departure,
HE 885_2026-06-20,HE 885,HGO,2026-06-20,13:45,SHJ,Dep 12:47,,departure,
CX 3241_2026-06-20,CX 3241,CPA,2026-06-20,14:30,DEL,Dep 18:03,,departure,
WW 862_2026-06-20,WW 862,KXP,2026-06-20,14:45,KUL,Cancelled,,departure,
EK 9845_2026-06-20,EK 9845,UAE,2026-06-20,14:45,DWC,Dep 15:08,,departure,
5X 069_2026-06-20,5X 069,UPS,2026-06-20,14:55,"ANC, SDF",Dep 14:56,,departure,
CX 3032_2026-06-20,CX 3032,CPA,2026-06-20,15:10,ICN,Dep 15:43,,departure,
RH 317_2026-06-20,RH 317,HKC,2026-06-20,15:55,HAN,Dep 12:16 (21/06/2026),,departure,
MP 9452_2026-06-20,MP 9452,MPH,2026-06-20,16:00,"ALA, AMS",Dep 15:54,,departure,
CX 080_2026-06-20,CX 080,CPA,2026-06-20,16:05,"ANC, ORD",Dep 18:17,,departure,
CX 3296_2026-06-20,CX 3296,CPA,2026-06-20,16:30,"ANC, JFK",Dep 16:30,,departure,
EK 9793_2026-06-20,EK 9793,UAE,2026-06-20,16:50,DWC,Dep 17:14,,departure,
5Y 8137_2026-06-20,5Y 8137,GTI,2026-06-20,17:15,"DEL, ANC",Dep 19:33,,departure,
C8 762_2026-06-20,C8 762,ICV,2026-06-20,17:25,"ASB, MXP",Dep 19:43,,departure,
CP 198_2026-06-20,CP 198,LSI,2026-06-20,17:30,"GYD, FCO",Dep 17:24,,departure,
KE 9314_2026-06-20,KE 9314,KAL,2026-06-20,17:30,ICN,Dep 16:57,,departure,
MB 370_2026-06-20,MB 370,MNB,2026-06-20,17:45,"NVI, IST",Dep 20:22,,departure,
2G 102_2026-06-20,2G 102,HUA,2026-06-20,17:45,"HSA, BUD",Dep 21:29 (21/06/2026),,departure,
EK 9841_2026-06-20,EK 9841,UAE,2026-06-20,18:00,DWC,Dep 16:16,,departure,
5Y 4356_2026-06-20,5Y 4356,GTI,2026-06-20,18:05,"SHJ, LGG",Cancelled,,departure,
5C 850_2026-06-20,5C 850,ICL,2026-06-20,18:05,"DWC, TLV",Dep 10:35 (21/06/2026),,departure,
7L 624_2026-06-20,7L 624,AZG,2026-06-20,18:25,GYD,Cancelled,,departure,
CI 5824_2026-06-20,CI 5824,CAL,2026-06-20,18:50,TPE,Dep 18:59,,departure,
CI 5838_2026-06-20,CI 5838,CAL,2026-06-20,19:20,TPE,Dep 19:00,,departure,
2C 575_2026-06-20,2C 575,CMA,2026-06-20,19:25,"NVI, CDG",Dep 19:13,,departure,
5X 1931_2026-06-20,5X 1931,UPS,2026-06-20,19:30,"ANC, ORD, SDF",Cancelled,,departure,
TH 641_2026-06-20,TH 641,RMY,2026-06-20,19:30,KUL,Dep 19:39,,departure,
AK 8546_2026-06-20,AK 8546,AXM,2026-06-20,19:45,KUL,Dep 20:29,,departure,
3S 631_2026-06-20,3S 631,BOX,2026-06-20,19:45,"BLR, FRA",Dep 19:53,,departure,
SV 973_2026-06-20,SV 973,SVA,2026-06-20,19:45,RUH,Dep 23:02,,departure,
SQ 7867_2026-06-20,SQ 7867,SIA,2026-06-20,19:45,SIN,Dep 19:27,,departure,
CX 067_2026-06-20,CX 067,CPA,2026-06-20,19:55,"MAA, FRA",Dep 20:13,,departure,
TK 6249_2026-06-20,TK 6249,THY,2026-06-20,20:00,"CIT, IST",Dep 21:33,,departure,
FX 5012_2026-06-20,FX 5012,FDX,2026-06-20,20:45,"ANC, MEM",Dep 20:42,,departure,
5X 059_2026-06-20,5X 059,UPS,2026-06-20,21:00,"ANC, ONT",Cancelled,,departure,
CV 309_2026-06-20,CV 309,CLX,2026-06-20,21:10,"GYD, LUX",Dep 21:26,,departure,
RH 351_2026-06-20,RH 351,HKC,2026-06-20,21:20,MNL,Dep 22:12,,departure,
QR 8441_2026-06-20,QR 8441,QTR,2026-06-20,21:30,DOH,Dep 21:34,,departure,
7L 648_2026-06-20,7L 648,AZG,2026-06-20,21:55,GYD,Cancelled,,departure,
CX 3262_2026-06-20,CX 3262,CPA,2026-06-20,22:00,CKG,Dep 22:35,,departure,
EK 9861_2026-06-20,EK 9861,UAE,2026-06-20,22:10,DWC,Dep 22:19,,departure,
CV 244_2026-06-20,CV 244,CLX,2026-06-20,22:15,"ANC, LAX, LUX",Dep 22:22,,departure,
EY 938_2026-06-20,EY 938,ETD,2026-06-20,22:45,AUH,Dep 07:08 (21/06/2026),,departure,
HE 1710_2026-06-20,HE 1710,HGO,2026-06-20,23:00,GYD,Cancelled,,departure,
CX 3238_2026-06-20,CX 3238,CPA,2026-06-20,23:10,XMN,Dep 04:42 (21/06/2026),,departure,
BR 6820_2026-06-20,BR 6820,EVA,2026-06-20,23:15,TPE,Dep 22:22,,departure,
CX 054_2026-06-20,CX 054,CPA,2026-06-20,23:30,PVG,Dep 23:37,,departure,
5X 061_2026-06-20,5X 061,UPS,2026-06-20,23:30,"TPE, ANC, SDF",Dep 23:18,,departure,
RH 4568_2026-06-21,RH 4568,HKC,2026-06-21,00:15,TPE,Dep 18:27,,departure,
RH 829_2026-06-21,RH 829,HKC,2026-06-21,00:15,PVG,Dep 08:38,,departure,
ET 3785_2026-06-21,ET 3785,ETH,2026-06-21,00:15,"MCT, MAD, ADD",Dep 23:59 (20/06/2026),,departure,
CX 006_2026-06-21,CX 006,CPA,2026-06-21,00:50,NRT,Dep 01:09,,departure,
MS 510_2026-06-21,MS 510,MSR,2026-06-21,01:00,BKK,Dep 01:45,,departure,
CX 096_2026-06-21,CX 096,CPA,2026-06-21,01:30,"ANC, NLU",Dep 09:47,,departure,
SV 987_2026-06-21,SV 987,SVA,2026-06-21,01:40,RUH,Dep 10:59,,departure,
QR 8465_2026-06-21,QR 8465,QTR,2026-06-21,02:20,DOH,Dep 02:15,,departure,
KZ 202_2026-06-21,KZ 202,NCA,2026-06-21,02:25,NRT,Dep 02:25,,departure,
5X 063_2026-06-21,5X 063,UPS,2026-06-21,02:35,"ANC, SDF",Dep 02:25,,departure,
QR 8419_2026-06-21,QR 8419,QTR,2026-06-21,02:40,DOH,Dep 02:35,,departure,
CP 144_2026-06-21,CP 144,LSI,2026-06-21,02:45,MXP,Dep 02:56,,departure,
CI 5826_2026-06-21,CI 5826,CAL,2026-06-21,03:00,TPE,Dep 02:30,,departure,
KE 314_2026-06-21,KE 314,KAL,2026-06-21,03:10,ICN,Dep 02:52,,departure,
LD 457_2026-06-21,LD 457,AHK,2026-06-21,03:35,"MNL, CEB",Dep 03:35,,departure,
LD 768_2026-06-21,LD 768,AHK,2026-06-21,03:35,PEK,Dep 03:28,,departure,
LD 831_2026-06-21,LD 831,AHK,2026-06-21,03:40,BKK,Dep 03:47,,departure,
8K 526_2026-06-21,8K 526,KMI,2026-06-21,03:40,BKK,Dep 03:42,,departure,
ET 3793_2026-06-21,ET 3793,ETH,2026-06-21,03:45,"BUD, ADD",Dep 10:21,,departure,
ET 3769_2026-06-21,ET 3769,ETH,2026-06-21,03:50,"EMA, OSL",Cancelled,,departure,
LD 216_2026-06-21,LD 216,AHK,2026-06-21,03:55,NGO,Dep 03:56,,departure,
LD 327_2026-06-21,LD 327,AHK,2026-06-21,03:55,SIN,Dep 03:57,,departure,
LD 204_2026-06-21,LD 204,AHK,2026-06-21,04:00,KIX,Dep 04:06,,departure,
7L 247_2026-06-21,7L 247,AZG,2026-06-21,04:00,GYD,Dep 04:08,,departure,
QR 8407_2026-06-21,QR 8407,QTR,2026-06-21,04:00,DOH,Dep 04:22,,departure,
LD 208_2026-06-21,LD 208,AHK,2026-06-21,04:05,NRT,Dep 04:13,,departure,
LD 720_2026-06-21,LD 720,AHK,2026-06-21,04:05,CTU,Dep 04:07,,departure,
LD 782_2026-06-21,LD 782,AHK,2026-06-21,04:15,PVG,Dep 04:25,,departure,
TH 3091_2026-06-21,TH 3091,RMY,2026-06-21,04:15,PEN,Dep 04:19,,departure,
5X 023_2026-06-21,5X 023,UPS,2026-06-21,04:35,"CGN, PHL",Cancelled,,departure,
LD 128_2026-06-21,LD 128,AHK,2026-06-21,04:50,ICN,Dep 04:42,,departure,
MH 6013_2026-06-21,MH 6013,MAS,2026-06-21,04:55,KUL,Dep 03:09 (22/06/2026),,departure,
LD 561_2026-06-21,LD 561,AHK,2026-06-21,05:00,"SGN, PEN",Dep 05:03,,departure,
ES 736_2026-06-21,ES 736,DHX,2026-06-21,05:00,"BLR, BAH",Dep 05:08,,departure,
TH 3508_2026-06-21,TH 3508,RMY,2026-06-21,05:00,KUL,Dep 07:59,,departure,
QR 8473_2026-06-21,QR 8473,QTR,2026-06-21,05:15,DOH,Dep 04:55,,departure,
3S 713_2026-06-21,3S 713,BOX,2026-06-21,05:35,"DXB, LEJ",Dep 06:15,,departure,
QR 8453_2026-06-21,QR 8453,QTR,2026-06-21,05:45,DOH,Dep 05:44,,departure,
3S 500_2026-06-21,3S 500,BOX,2026-06-21,06:00,LAX,Dep 06:07,,departure,
QR 8431_2026-06-21,QR 8431,QTR,2026-06-21,06:00,DOH,Dep 05:57,,departure,
CX 007_2026-06-21,CX 007,CPA,2026-06-21,06:05,"BOM, LHR",Dep 05:56,,departure,
ET 3219_2026-06-21,ET 3219,ETH,2026-06-21,06:05,ADD,Dep 14:35,,departure,
QY 651_2026-06-21,QY 651,BCS,2026-06-21,06:30,"BAH, LEJ",Dep 06:38,,departure,
CX 072_2026-06-21,CX 072,CPA,2026-06-21,06:40,"ANC, MIA, IAH",Dep 06:54,,departure,
K4 255_2026-06-21,K4 255,CKS,2026-06-21,06:55,"ANC, JFK, CVG",Dep 07:50,,departure,
CC 4030_2026-06-21,CC 4030,ABD,2026-06-21,06:55,"CMB, JNB",Dep 07:07 (23/06/2026),,departure,
K4 235_2026-06-21,K4 235,CKS,2026-06-21,07:00,"ANC, MIA, CVG",Dep 16:40,,departure,
RH 331_2026-06-21,RH 331,HKC,2026-06-21,07:00,BKK,Dep 08:37,,departure,
F5 7618_2026-06-21,F5 7618,ATG,2026-06-21,07:00,"DWC, TLV",Cancelled,,departure,
5X 003_2026-06-21,5X 003,UPS,2026-06-21,07:00,"CGN, PHL",Dep 07:08,,departure,
QY 517_2026-06-21,QY 517,BCS,2026-06-21,07:00,"ALA, LEJ",Cancelled,,departure,
CK 264_2026-06-21,CK 264,CKK,2026-06-21,07:10,CKG,Dep 06:24,,departure,
3S 507_2026-06-21,3S 507,BOX,2026-06-21,07:15,LEJ,Dep 07:07,,departure,
CI 5834_2026-06-21,CI 5834,CAL,2026-06-21,07:20,TPE,Dep 07:12,,departure,
CV 708_2026-06-21,CV 708,CLX,2026-06-21,07:20,"GYD, BUD, LUX",Dep 07:39,,departure,
HJ 024_2026-06-21,HJ 024,TMN,2026-06-21,07:25,SYD,Dep 07:29,,departure,
3S 721_2026-06-21,3S 721,BOX,2026-06-21,07:35,"DEL, LEJ",Dep 08:07,,departure,
QY 675_2026-06-21,QY 675,BCS,2026-06-21,07:35,ALA,Dep 07:50,,departure,
K4 223_2026-06-21,K4 223,CKS,2026-06-21,07:40,ANC,Dep 06:12,,departure,
K4 201_2026-06-21,K4 201,CKS,2026-06-21,08:15,"ANC, CVG",Cancelled,,departure,
3S 547_2026-06-21,3S 547,BOX,2026-06-21,08:20,"BRU, LEJ",Dep 08:52,,departure,
ES 696_2026-06-21,ES 696,DHX,2026-06-21,08:25,BAH,Dep 08:50,,departure,
RH 701_2026-06-21,RH 701,HKC,2026-06-21,08:30,SYD,Cancelled,,departure,
RH 371_2026-06-21,RH 371,HKC,2026-06-21,08:40,SIN,Dep 20:26,,departure,
K4 273_2026-06-21,K4 273,CKS,2026-06-21,08:55,"ANC, CVG",Dep 15:22,,departure,
FX 018_2026-06-21,FX 018,FDX,2026-06-21,09:15,"SIN, ANC, MEM",Dep 21:07,,departure,
SV 3029_2026-06-21,SV 3029,SVA,2026-06-21,09:20,RUH,Dep 10:33,,departure,
KJ 954_2026-06-21,KJ 954,AIH,2026-06-21,09:20,ICN,Dep 09:35,,departure,
K4 702_2026-06-21,K4 702,CKS,2026-06-21,09:30,"DWC, TLV",Dep 11:16,,departure,
3S 509_2026-06-21,3S 509,BOX,2026-06-21,09:30,LEJ,Dep 15:58,,departure,
7L 572_2026-06-21,7L 572,AZG,2026-06-21,09:30,DWC,Dep 12:31,,departure,
HJ 032_2026-06-21,HJ 032,TMN,2026-06-21,09:35,MEL,Dep 10:02,,departure,
QR 8433_2026-06-21,QR 8433,QTR,2026-06-21,09:45,DOH,Dep 11:24,,departure,
EK 9833_2026-06-21,EK 9833,UAE,2026-06-21,09:45,DWC,Dep 10:15,,departure,
CX 3249_2026-06-21,CX 3249,CPA,2026-06-21,09:50,CGK,Dep 10:44,,departure,
RH 962_2026-06-21,RH 962,HKC,2026-06-21,09:55,KIX,Dep 11:16,,departure,
F5 7621_2026-06-21,F5 7621,ATG,2026-06-21,10:30,DWC,Cancelled,,departure,
CX 079_2026-06-21,CX 079,CPA,2026-06-21,10:40,SIN,Dep 11:47,,departure,
N8 856_2026-06-21,N8 856,NCR,2026-06-21,11:00,MAA,Cancelled,,departure,
MP 9462_2026-06-21,MP 9462,MPH,2026-06-21,11:15,"ALA, AMS",Dep 11:15,,departure,
3V 400_2026-06-21,3V 400,TAY,2026-06-21,11:25,"ALA, LGG",Dep 14:07,,departure,
T8 4702_2026-06-21,T8 4702,TVR,2026-06-21,12:00,SHJ,Dep 12:22,,departure,
T8 4704_2026-06-21,T8 4704,TVR,2026-06-21,12:00,SHJ,Dep 12:03,,departure,
5X 1931_2026-06-21,5X 1931,UPS,2026-06-21,12:30,"ANC, SDF",Dep 13:11,,departure,
CT 128_2026-06-21,CT 128,AAE,2026-06-21,12:55,"KGF, LGG",Dep 12:51,,departure,
LD 8915_2026-06-21,LD 8915,AHK,2026-06-21,13:10,CGK,Dep 13:23,,departure,
TK 6691_2026-06-21,TK 6691,THY,2026-06-21,13:15,"CIT, IST",Dep 16:10,,departure,
KJ 970_2026-06-21,KJ 970,AIH,2026-06-21,13:15,ICN,Dep 13:30,,departure,
EK 9859_2026-06-21,EK 9859,UAE,2026-06-21,13:25,DWC,Dep 08:13 (22/06/2026),,departure,
WW 893_2026-06-21,WW 893,KXP,2026-06-21,13:50,KUL,Cancelled,,departure,
N8 511_2026-06-21,N8 511,NCR,2026-06-21,14:00,ANC,Dep 20:14,,departure,
CV 942_2026-06-21,CV 942,CLX,2026-06-21,14:00,"GYD, LUX",Dep 21:29,,departure,
CB 859_2026-06-21,CB 859,ABB,2026-06-21,14:00,NVI,Dep 14:20,,departure,
F5 6619_2026-06-21,F5 6619,ATG,2026-06-21,14:00,"ALA, BUD",Dep 21:23 (22/06/2026),,departure,
CT 154_2026-06-21,CT 154,AAE,2026-06-21,14:10,"HSA, BUD",Dep 10:21,,departure,
LH 8473_2026-06-21,LH 8473,GEC,2026-06-21,14:30,FRA,Cancelled,,departure,
K4 551_2026-06-21,K4 551,CKS,2026-06-21,14:40,"NRT, ANC, ORD",Dep 07:32 (22/06/2026),,departure,
CV 209_2026-06-21,CV 209,CLX,2026-06-21,14:45,"ANC, ORD, LUX",Dep 15:49,,departure,
5Y 8373_2026-06-21,5Y 8373,GTI,2026-06-21,15:00,"ANC, MIA",Dep 15:57,,departure,
EK 9839_2026-06-21,EK 9839,UAE,2026-06-21,15:05,DWC,Dep 07:47 (22/06/2026),,departure,
KZ 206_2026-06-21,KZ 206,NCA,2026-06-21,15:30,NRT,Dep 16:05,,departure,
NH 8514_2026-06-21,NH 8514,ANA,2026-06-21,15:40,NRT,Dep 16:07,,departure,
P9 881_2026-06-21,P9 881,MGE,2026-06-21,16:10,GUM,Dep 16:55,,departure,
CV 342_2026-06-21,CV 342,CLX,2026-06-21,16:30,"ANC, MIA, LUX",Dep 23:14,,departure,
K4 527_2026-06-21,K4 527,CKS,2026-06-21,16:30,"ANC, LAX",Dep 16:32,,departure,
RH 9485_2026-06-21,RH 9485,HKC,2026-06-21,16:40,"ALA, IST",Dep 22:32,,departure,
5Y 654_2026-06-21,5Y 654,GTI,2026-06-21,16:50,"ANC, ORD, MIA",Dep 21:15,,departure,
KE 8314_2026-06-21,KE 8314,KAL,2026-06-21,16:55,ICN,Dep 16:33,,departure,
RH 9375_2026-06-21,RH 9375,HKC,2026-06-21,17:00,MAA,Dep 21:22,,departure,
7L 923_2026-06-21,7L 923,AZG,2026-06-21,17:20,GYD,Cancelled,,departure,
5X 019_2026-06-21,5X 019,UPS,2026-06-21,17:50,CGN,Cancelled,,departure,
CC 4100_2026-06-21,CC 4100,ABD,2026-06-21,18:00,"KGF, LGG",Dep 20:11,,departure,
FX 9017_2026-06-21,FX 9017,FDX,2026-06-21,18:05,HAN,Dep 17:47,,departure,
MH 6107_2026-06-21,MH 6107,MAS,2026-06-21,18:20,KUL,Dep 22:50 (22/06/2026),,departure,
7L 621_2026-06-21,7L 621,AZG,2026-06-21,18:25,GYD,Cancelled,,departure,
AK 8542_2026-06-21,AK 8542,AXM,2026-06-21,18:30,KUL,Dep 21:50,,departure,
CV 226_2026-06-21,CV 226,CLX,2026-06-21,18:35,"ANC, JFK, LUX",Dep 21:43,,departure,
CX 043_2026-06-21,CX 043,CPA,2026-06-21,18:55,MAA,Dep 18:57,,departure,
C8 513_2026-06-21,C8 513,ICV,2026-06-21,19:15,"ASB, MXP",Dep 19:16,,departure,
CX 2098_2026-06-21,CX 2098,CPA,2026-06-21,20:05,"ANC, ORD",Dep 20:11,,departure,
3G 807_2026-06-21,3G 807,WCM,2026-06-21,21:05,KUL,Cancelled,,departure,
5Y 8523_2026-06-21,5Y 8523,GTI,2026-06-21,21:10,"ANC, ORD",Dep 18:44 (22/06/2026),,departure,
7L 692_2026-06-21,7L 692,AZG,2026-06-21,21:20,GYD,Cancelled,,departure,
CX 037_2026-06-21,CX 037,CPA,2026-06-21,21:30,"DEL, FRA",Dep 21:38,,departure,
QR 8455_2026-06-21,QR 8455,QTR,2026-06-21,22:05,DOH,Dep 22:48,,departure,
QR 8477_2026-06-21,QR 8477,QTR,2026-06-21,22:10,DOH,Dep 22:29,,departure,
CX 3129_2026-06-21,CX 3129,CPA,2026-06-21,22:50,SYD,Dep 22:57,,departure,
CI 5832_2026-06-21,CI 5832,CAL,2026-06-21,23:00,TPE,Dep 22:06,,departure,
MB 530_2026-06-21,MB 530,MNB,2026-06-21,23:15,"NVI, IST",Dep 01:35 (22/06/2026),,departure,
SR 813_2026-06-21,SR 813,XKY,2026-06-21,23:15,MNL,Dep 00:35 (22/06/2026),,departure,
2U 8062_2026-06-21,2U 8062,FKH,2026-06-21,23:20,"NQZ, RIX",Cancelled,,departure,
QF 7526_2026-06-21,QF 7526,QFA,2026-06-21,23:45,SYD,Dep 23:42,,departure,
WW 862_2026-06-21,WW 862,KXP,2026-06-21,23:55,KUL,Dep 00:33 (23/06/2026),,departure,
CX 3290_2026-06-21,CX 3290,CPA,2026-06-21,23:55,"ANC, DFW, ATL",Dep 00:56 (22/06/2026),,departure,
2U 862_2026-06-21,2U 862,FKH,2026-06-21,23:55,KUL,Cancelled,,departure,
EY 948_2026-06-22,EY 948,ETD,2026-06-22,00:30,AUH,Dep 00:57,,departure,
CV 915_2026-06-22,CV 915,CLX,2026-06-22,00:40,"NQZ, LUX",Cancelled,,departure,
ET 3767_2026-06-22,ET 3767,ETH,2026-06-22,00:40,LGG,Cancelled,,departure,
CV 7957_2026-06-22,CV 7957,CLX,2026-06-22,00:40,"NQZ, LUX",Dep 03:01,,departure,
MS 510_2026-06-22,MS 510,MSR,2026-06-22,01:00,BKK,Dep 01:45,,departure,
CX 096_2026-06-22,CX 096,CPA,2026-06-22,01:30,"ANC, NLU",Dep 01:32,,departure,
5X 169_2026-06-22,5X 169,UPS,2026-06-22,01:35,"SIN, SDF",Dep 01:51,,departure,
TK 6257_2026-06-22,TK 6257,THY,2026-06-22,01:40,IST,Dep 02:02,,departure,
KZ 202_2026-06-22,KZ 202,NCA,2026-06-22,02:25,NRT,Dep 03:08,,departure,
QR 8411_2026-06-22,QR 8411,QTR,2026-06-22,02:30,DOH,Dep 02:21,,departure,
LD 680_2026-06-22,LD 680,AHK,2026-06-22,02:40,TPE,Dep 03:01,,departure,
7L 625_2026-06-22,7L 625,AZG,2026-06-22,03:00,GYD,Dep 03:47,,departure,
KE 314_2026-06-22,KE 314,KAL,2026-06-22,03:10,ICN,Dep 03:01,,departure,
QR 8415_2026-06-22,QR 8415,QTR,2026-06-22,03:35,DOH,Dep 03:31,,departure,
BR 6530_2026-06-22,BR 6530,EVA,2026-06-22,03:50,TPE,Dep 03:27,,departure,
SV 983_2026-06-22,SV 983,SVA,2026-06-22,04:05,RUH,Dep 06:04,,departure,
HE 1710_2026-06-22,HE 1710,HGO,2026-06-22,04:30,GYD,Dep 06:05,,departure,
QR 8435_2026-06-22,QR 8435,QTR,2026-06-22,05:00,DOH,Dep 06:30,,departure,
SV 969_2026-06-22,SV 969,SVA,2026-06-22,05:10,"BOM, RUH",Dep 05:23,,departure,
EK 9863_2026-06-22,EK 9863,UAE,2026-06-22,05:25,DWC,Dep 05:18,,departure,
MB 630_2026-06-22,MB 630,MNB,2026-06-22,05:30,"NVI, IST",Dep 07:30,,departure,
MB 779_2026-06-22,MB 779,MNB,2026-06-22,05:30,"SHJ, IST",Dep 05:51,,departure,
Y9 2564_2026-06-22,Y9 2564,SGA,2026-06-22,06:00,"DAC, DWC",Dep 08:07,,departure,
3S 633_2026-06-22,3S 633,BOX,2026-06-22,06:00,"BLR, FRA",Dep 05:47,,departure,
7L 648_2026-06-22,7L 648,AZG,2026-06-22,06:00,GYD,Dep 18:28,,departure,
K4 253_2026-06-22,K4 253,CKS,2026-06-22,06:35,"ANC, CVG",Cancelled,,departure,
K4 531_2026-06-22,K4 531,CKS,2026-06-22,06:50,"ICN, ANC, DFW",Dep 07:23,,departure,
CX 3286_2026-06-22,CX 3286,CPA,2026-06-22,06:55,"ANC, JFK",Dep 06:57,,departure,
CK 264_2026-06-22,CK 264,CKK,2026-06-22,07:00,CKG,Cancelled,,departure,
EK 9797_2026-06-22,EK 9797,UAE,2026-06-22,07:00,DWC,Dep 08:54 (23/06/2026),,departure,
CI 5828_2026-06-22,CI 5828,CAL,2026-06-22,07:05,TPE,Dep 07:10,,departure,
RH 392_2026-06-22,RH 392,HKC,2026-06-22,07:05,"ALA, BUD",Dep 17:15,,departure,
K4 535_2026-06-22,K4 535,CKS,2026-06-22,07:05,"ICN, ANC, MIA",Dep 15:47,,departure,
CX 2049_2026-06-22,CX 2049,CPA,2026-06-22,07:15,HAN,Dep 07:06,,departure,
CX 3245_2026-06-22,CX 3245,CPA,2026-06-22,07:20,DEL,Dep 07:11,,departure,
3S 515_2026-06-22,3S 515,BOX,2026-06-22,08:45,LEJ,Cancelled,,departure,
5Y 9877_2026-06-22,5Y 9877,GTI,2026-06-22,08:50,TPE,Dep 22:17,,departure,
Z7 322_2026-06-22,Z7 322,CMS,2026-06-22,09:25,"ALA, TBS",Dep 16:42,,departure,
ET 3035_2026-06-22,ET 3035,ETH,2026-06-22,09:30,ADD,Cancelled,,departure,
CX 098_2026-06-22,CX 098,CPA,2026-06-22,09:50,"ANC, ORD",Dep 09:48,,departure,
NJ 3422_2026-06-22,NJ 3422,RCR,2026-06-22,10:05,"ALA, BUD",Dep 10:38,,departure,
QR 8409_2026-06-22,QR 8409,QTR,2026-06-22,10:10,DOH,Dep 10:20,,departure,
RH 6651_2026-06-22,RH 6651,HKC,2026-06-22,10:20,DAC,Dep 02:00 (23/06/2026),,departure,
TK 6301_2026-06-22,TK 6301,THY,2026-06-22,10:30,"CIT, IST",Dep 10:24,,departure,
SQ 7976_2026-06-22,SQ 7976,SIA,2026-06-22,10:40,"ANC, DFW",Dep 20:19,,departure,
EK 9849_2026-06-22,EK 9849,UAE,2026-06-22,10:40,DXB,Dep 10:35,,departure,
CV 9931_2026-06-22,CV 9931,CLX,2026-06-22,11:35,"NQZ, LUX",Dep 12:55,,departure,
5Y 8230_2026-06-22,5Y 8230,GTI,2026-06-22,11:50,"ANC, MIA",Dep 11:56,,departure,
T8 4704_2026-06-22,T8 4704,TVR,2026-06-22,12:00,DMM,Dep 11:56,,departure,
T8 4726_2026-06-22,T8 4726,TVR,2026-06-22,12:00,DMM,Dep 12:04,,departure,
2U 8011_2026-06-22,2U 8011,FKH,2026-06-22,12:30,NQZ,Cancelled,,departure,
N8 505_2026-06-22,N8 505,NCR,2026-06-22,13:00,AUH,Cancelled,,departure,
CV 283_2026-06-22,CV 283,CLX,2026-06-22,13:10,"ANC, GDL, NLU, LUX",Dep 14:09,,departure,
5X 1931_2026-06-22,5X 1931,UPS,2026-06-22,13:20,"ANC, SDF",Dep 13:22,,departure,
MP 9472_2026-06-22,MP 9472,MPH,2026-06-22,13:30,"ALA, AMS",Dep 13:23,,departure,
3S 719_2026-06-22,3S 719,BOX,2026-06-22,14:05,LEJ,Dep 13:56,,departure,
KZ 206_2026-06-22,KZ 206,NCA,2026-06-22,14:40,NRT,Dep 15:27,,departure,
WW 862_2026-06-22,WW 862,KXP,2026-06-22,14:45,KUL,Cancelled,,departure,
EK 9781_2026-06-22,EK 9781,UAE,2026-06-22,14:45,DWC,Dep 07:59 (23/06/2026),,departure,
CX 2084_2026-06-22,CX 2084,CPA,2026-06-22,15:30,"ANC, LAX, PDX",Dep 15:42,,departure,
EK 9851_2026-06-22,EK 9851,UAE,2026-06-22,15:45,DWC,Dep 17:36,,departure,
KE 9314_2026-06-22,KE 9314,KAL,2026-06-22,15:50,ICN,Dep 15:18,,departure,
RH 9457_2026-06-22,RH 9457,HKC,2026-06-22,16:00,DEL,Dep 08:53,,departure,
5X 061_2026-06-22,5X 061,UPS,2026-06-22,16:05,"TPE, ANC, SDF",Dep 15:54,,departure,
P9 881_2026-06-22,P9 881,MGE,2026-06-22,16:10,GUM,Cancelled,,departure,
ET 3685_2026-06-22,ET 3685,ETH,2026-06-22,16:25,ADD,Dep 21:21,,departure,
KE 312_2026-06-22,KE 312,KAL,2026-06-22,16:40,ICN,Dep 16:09,,departure,
EK 9841_2026-06-22,EK 9841,UAE,2026-06-22,16:50,DWC,Dep 17:14,,departure,
3S 519_2026-06-22,3S 519,BOX,2026-06-22,17:00,LEJ,Dep 17:01,,departure,
QR 8401_2026-06-22,QR 8401,QTR,2026-06-22,17:15,DOH,Dep 17:44,,departure,
CV 278_2026-06-22,CV 278,CLX,2026-06-22,17:50,"ANC, ORD, LUX",Dep 21:57,,departure,
CX 2041_2026-06-22,CX 2041,CPA,2026-06-22,18:20,MAA,Dep 18:15,,departure,
5X 063_2026-06-22,5X 063,UPS,2026-06-22,19:05,"ANC, SDF",Dep 19:07,,departure,
CP 192_2026-06-22,CP 192,LSI,2026-06-22,19:25,"GYD, FCO",Dep 19:05,,departure,
SE 1105_2026-06-22,SE 1105,SVI,2026-06-22,19:30,"CCU, RKT, CAI, MST",Cancelled,,departure,
WW 866_2026-06-22,WW 866,KXP,2026-06-22,19:35,HKG,Cancelled,,departure,
TH 641_2026-06-22,TH 641,RMY,2026-06-22,19:45,KUL,Dep 19:57,,departure,
5X 059_2026-06-22,5X 059,UPS,2026-06-22,19:45,"ANC, ONT",Dep 19:40,,departure,
SQ 7873_2026-06-22,SQ 7873,SIA,2026-06-22,19:45,SIN,Dep 19:47,,departure,
FX 5991_2026-06-22,FX 5991,FDX,2026-06-22,19:50,"KIX, OAK",Dep 19:55,,departure,
CT 154_2026-06-22,CT 154,AAE,2026-06-22,20:05,"HSA, BUD",Dep 20:08,,departure,
7L 147_2026-06-22,7L 147,AZG,2026-06-22,20:25,GYD,Cancelled,,departure,
K4 704_2026-06-22,K4 704,CKS,2026-06-22,20:30,"DWC, TLV",Dep 21:48,,departure,
CX 054_2026-06-22,CX 054,CPA,2026-06-22,20:45,"CGO, PVG",Dep 20:45,,departure,
3V 400_2026-06-22,3V 400,TAY,2026-06-22,20:50,"ALA, LGG",Dep 11:44 (23/06/2026),,departure,
5Y 8692_2026-06-22,5Y 8692,GTI,2026-06-22,21:05,ANC,Dep 21:40,,departure,
QY 539_2026-06-22,QY 539,BCS,2026-06-22,21:10,"ALA, LEJ",Dep 21:06,,departure,
RH 351_2026-06-22,RH 351,HKC,2026-06-22,21:20,MNL,Dep 22:12,,departure,
CV 3329_2026-06-22,CV 3329,CLX,2026-06-22,21:25,"ASB, LUX",Dep 23:10,,departure,
ET 3229_2026-06-22,ET 3229,ETH,2026-06-22,21:30,ADD,Cancelled,,departure,
3S 704_2026-06-22,3S 704,BOX,2026-06-22,21:40,CVG,Dep 21:56,,departure,
AK 8535_2026-06-22,AK 8535,AXM,2026-06-22,21:55,KUL,Dep 21:56,,departure,
QR 8431_2026-06-22,QR 8431,QTR,2026-06-22,22:05,DOH,Dep 22:07,,departure,
TK 6065_2026-06-22,TK 6065,THY,2026-06-22,23:05,"CIT, IST",Dep 23:30,,departure,
CB 851_2026-06-22,CB 851,ABB,2026-06-22,23:50,"NVI, BRU",Dep 00:10 (23/06/2026),,departure,
RH 4568_2026-06-23,RH 4568,HKC,2026-06-23,00:15,TPE,Dep 09:25,,departure,
RH 9491_2026-06-23,RH 9491,HKC,2026-06-23,00:15,"ALA, IST",Cancelled,,departure,
CX 2023_2026-06-23,CX 2023,CPA,2026-06-23,00:40,SYD,Dep 01:30,,departure,
CX 006_2026-06-23,CX 006,CPA,2026-06-23,00:50,NRT,Dep 01:02,,departure,
MS 510_2026-06-23,MS 510,MSR,2026-06-23,01:00,BKK,Dep 00:55 (24/06/2026),,departure,
CX 086_2026-06-23,CX 086,CPA,2026-06-23,01:30,"ANC, NLU",Dep 07:19,,departure,
KZ 202_2026-06-23,KZ 202,NCA,2026-06-23,02:25,NRT,Dep 02:16,,departure,
NH 8512_2026-06-23,NH 8512,ANA,2026-06-23,02:25,NRT,Dep 02:35,,departure,
KJ 972_2026-06-23,KJ 972,AIH,2026-06-23,02:40,ICN,Dep 02:26,,departure,
MB 510_2026-06-23,MB 510,MNB,2026-06-23,02:45,"NVI, IST",Dep 03:03,,departure,
CI 5836_2026-06-23,CI 5836,CAL,2026-06-23,03:00,TPE,Dep 03:08,,departure,
KE 314_2026-06-23,KE 314,KAL,2026-06-23,03:10,ICN,Dep 02:33,,departure,
LD 204_2026-06-23,LD 204,AHK,2026-06-23,03:15,KIX,Dep 03:49,,departure,
LD 128_2026-06-23,LD 128,AHK,2026-06-23,03:20,ICN,Dep 03:35,,departure,
BR 6536_2026-06-23,BR 6536,EVA,2026-06-23,03:20,TPE,Dep 03:24,,departure,
LD 208_2026-06-23,LD 208,AHK,2026-06-23,03:25,NRT,Dep 03:36,,departure,
LD 327_2026-06-23,LD 327,AHK,2026-06-23,03:25,SIN,Dep 03:48,,departure,
LD 768_2026-06-23,LD 768,AHK,2026-06-23,03:25,PEK,Dep 03:27,,departure,
LD 216_2026-06-23,LD 216,AHK,2026-06-23,03:30,NGO,Dep 03:36,,departure,
8K 526_2026-06-23,8K 526,KMI,2026-06-23,03:30,BKK,Dep 03:30,,departure,
LD 457_2026-06-23,LD 457,AHK,2026-06-23,03:35,"MNL, CEB",Dep 03:55,,departure,
K4 207_2026-06-23,K4 207,CKS,2026-06-23,03:35,"LAX, CVG",Dep 04:20,,departure,
LD 782_2026-06-23,LD 782,AHK,2026-06-23,03:40,PVG,Dep 03:55,,departure,
LD 831_2026-06-23,LD 831,AHK,2026-06-23,03:40,BKK,Dep 03:54,,departure,
LD 561_2026-06-23,LD 561,AHK,2026-06-23,03:45,SGN,Dep 03:58,,departure,
TH 3508_2026-06-23,TH 3508,RMY,2026-06-23,03:45,KUL,Dep 06:49,,departure,
TK 6209_2026-06-23,TK 6209,THY,2026-06-23,04:00,"CIT, IST",Dep 04:43,,departure,
3S 582_2026-06-23,3S 582,BOX,2026-06-23,04:00,LAX,Dep 04:08,,departure,
3Y 6011_2026-06-23,3Y 6011,MYU,2026-06-23,04:00,"BKI, CGK",Dep 13:28,,departure,
HJ 022_2026-06-23,HJ 022,TMN,2026-06-23,04:00,SYD,Dep 04:07,,departure,
LD 720D_2026-06-23,LD 720D,AHK,2026-06-23,04:05,CTU,Dep 19:10,,departure,
TH 3091_2026-06-23,TH 3091,RMY,2026-06-23,04:15,PEN,Dep 04:59,,departure,
LD 680_2026-06-23,LD 680,AHK,2026-06-23,04:20,TPE,Dep 04:21,,departure,
QR 8467_2026-06-23,QR 8467,QTR,2026-06-23,04:20,DOH,Dep 04:31,,departure,
7L 923_2026-06-23,7L 923,AZG,2026-06-23,04:30,GYD,Dep 01:59,,departure,
K4 253_2026-06-23,K4 253,CKS,2026-06-23,04:50,"ANC, CVG",Dep 04:59,,departure,
3S 715_2026-06-23,3S 715,BOX,2026-06-23,05:35,"DXB, LEJ",Dep 06:06,,departure,
3S 733_2026-06-23,3S 733,BOX,2026-06-23,05:40,"BLR, LEJ",Dep 05:46,,departure,
ES 720_2026-06-23,ES 720,DHX,2026-06-23,05:40,BAH,Dep 05:54,,departure,
SV 3961_2026-06-23,SV 3961,SVA,2026-06-23,05:45,RUH,Dep 05:30,,departure,
EK 9821_2026-06-23,EK 9821,UAE,2026-06-23,05:45,DWC,Dep 06:10,,departure,
ET 3707_2026-06-23,ET 3707,ETH,2026-06-23,05:55,"BUD, ADD",Dep 03:17,,departure,
3S 510_2026-06-23,3S 510,BOX,2026-06-23,06:10,LAX,Dep 05:55,,departure,
FX 5217_2026-06-23,FX 5217,FDX,2026-06-23,06:20,"IST, CDG, LGG, MEM",Dep 06:06,,departure,
HE 891_2026-06-23,HE 891,HGO,2026-06-23,06:25,RUH,Cancelled,,departure,
HE 889_2026-06-23,HE 889,HGO,2026-06-23,06:30,SHJ,Dep 06:45,,departure,
D0 593_2026-06-23,D0 593,DHK,2026-06-23,06:40,"DEL, EMA",Dep 06:53,,departure,
3S 505_2026-06-23,3S 505,BOX,2026-06-23,06:45,LEJ,Dep 06:52,,departure,
CX 3258_2026-06-23,CX 3258,CPA,2026-06-23,06:45,PVG,Dep 07:37,,departure,
CX 3284_2026-06-23,CX 3284,CPA,2026-06-23,06:50,"ANC, LAX, PDX",Dep 06:50,,departure,
K4 891_2026-06-23,K4 891,CKS,2026-06-23,06:55,"ICN, ANC, ORD",Dep 07:19,,departure,
5Y 648_2026-06-23,5Y 648,GTI,2026-06-23,07:00,"ANC, LAX",Dep 07:08,,departure,
K4 241_2026-06-23,K4 241,CKS,2026-06-23,07:00,"ANC, MIA",Dep 07:04,,departure,
K4 255_2026-06-23,K4 255,CKS,2026-06-23,07:00,"YHM, JFK, CVG",Dep 19:12,,departure,
RH 331_2026-06-23,RH 331,HKC,2026-06-23,07:00,BKK,Dep 23:48,,departure,
CK 264_2026-06-23,CK 264,CKK,2026-06-23,07:00,CKG,Dep 06:44,,departure,
F5 7618_2026-06-23,F5 7618,ATG,2026-06-23,07:00,"DWC, TLV",Dep 09:22,,departure,
F5 7623_2026-06-23,F5 7623,ATG,2026-06-23,07:00,DWC,Cancelled,,departure,
CC 3571_2026-06-23,CC 3571,ABD,2026-06-23,07:00,"CMB, JNB",Dep 07:09,,departure,
TK 6673_2026-06-23,TK 6673,THY,2026-06-23,07:15,"CIT, IST",Cancelled,,departure,
SR 815_2026-06-23,SR 815,XKY,2026-06-23,07:15,CRK,Dep 07:26,,departure,
RH 394_2026-06-23,RH 394,HKC,2026-06-23,07:35,"ALA, ATH",Dep 15:26,,departure,
CI 6842_2026-06-23,CI 6842,CAL,2026-06-23,07:35,TPE,Dep 08:34,,departure,
5C 850_2026-06-23,5C 850,ICL,2026-06-23,07:40,"DWC, TLV",Cancelled,,departure,
5C 852_2026-06-23,5C 852,ICL,2026-06-23,07:40,TLV,Dep 11:19,,departure,
QR 8407_2026-06-23,QR 8407,QTR,2026-06-23,07:40,DOH,Dep 07:19,,departure,
O3 152_2026-06-23,O3 152,CSS,2026-06-23,07:55,EHU,Dep 08:09,,departure,
5Y 8050_2026-06-23,5Y 8050,GTI,2026-06-23,08:25,"ANC, MIA",Dep 09:03,,departure,
3S 503_2026-06-23,3S 503,BOX,2026-06-23,08:30,LEJ,Dep 09:09,,departure,
RH 371_2026-06-23,RH 371,HKC,2026-06-23,08:40,SIN,Dep 17:15,,departure,
ET 3035_2026-06-23,ET 3035,ETH,2026-06-23,09:30,ADD,Cancelled,,departure,
CV 3649_2026-06-23,CV 3649,CLX,2026-06-23,09:30,"GYD, BUD, LUX",Dep 10:12,,departure,
CC 4600_2026-06-23,CC 4600,ABD,2026-06-23,09:30,"CMB, JNB",Cancelled,,departure,
O3 268_2026-06-23,O3 268,CSS,2026-06-23,09:55,NGB,Dep 09:30,,departure,
F5 7621_2026-06-23,F5 7621,ATG,2026-06-23,10:00,"DWC, TLV",Cancelled,,departure,
CV 9522_2026-06-23,CV 9522,CLX,2026-06-23,10:00,"NQZ, LUX",Dep 11:05,,departure,
5X 067_2026-06-23,5X 067,UPS,2026-06-23,10:15,"ICN, ANC, SDF",Dep 10:54,,departure,
3S 709_2026-06-23,3S 709,BOX,2026-06-23,10:25,"BAH, LEJ",Dep 10:33,,departure,
TK 6267_2026-06-23,TK 6267,THY,2026-06-23,10:30,IST,Dep 10:35,,departure,
5Y 654_2026-06-23,5Y 654,GTI,2026-06-23,11:15,"ANC, MIA",Dep 11:35,,departure,
MP 9412_2026-06-23,MP 9412,MPH,2026-06-23,11:15,"ALA, AMS",Dep 11:18,,departure,
5X 003_2026-06-23,5X 003,UPS,2026-06-23,11:25,"CGN, PHL",Dep 11:33,,departure,
SV 963_2026-06-23,SV 963,SVA,2026-06-23,11:30,RUH,Dep 23:09,,departure,
T8 4704_2026-06-23,T8 4704,TVR,2026-06-23,12:00,SHJ,Dep 12:13,,departure,
QY 671_2026-06-23,QY 671,BCS,2026-06-23,12:20,"ALA, LEJ",Cancelled,,departure,
T8 4726_2026-06-23,T8 4726,TVR,2026-06-23,12:30,DMM,Dep 12:21,,departure,
2U 8011_2026-06-23,2U 8011,FKH,2026-06-23,12:30,"NQZ, RIX",Cancelled,,departure,
RH 6651_2026-06-23,RH 6651,HKC,2026-06-23,12:30,DAC,Dep 17:22,,departure,
EK 9837_2026-06-23,EK 9837,UAE,2026-06-23,12:45,DWC,Dep 14:11,,departure,
EK 9283_2026-06-23,EK 9283,UAE,2026-06-23,12:55,DWC,Cancelled,,departure,
CX 2045_2026-06-23,CX 2045,CPA,2026-06-23,13:10,DEL,Dep 13:25,,departure,
CX 049_2026-06-23,CX 049,CPA,2026-06-23,13:15,DAC,Dep 13:16,,departure,
KJ 968_2026-06-23,KJ 968,AIH,2026-06-23,13:30,ICN,Dep 14:48,,departure,
CX 3298_2026-06-23,CX 3298,CPA,2026-06-23,13:50,"ANC, JFK",Dep 14:33,,departure,
EK 9783_2026-06-23,EK 9783,UAE,2026-06-23,14:00,DWC,Cancelled,,departure,
EK 9839_2026-06-23,EK 9839,UAE,2026-06-23,14:15,DWC,Dep 18:04,,departure,
WW 862_2026-06-23,WW 862,KXP,2026-06-23,14:40,KUL,Dep 22:33,,departure,
TC 503_2026-06-23,TC 503,ATC,2026-06-23,14:55,MCT,Cancelled,,departure,
CX 3032_2026-06-23,CX 3032,CPA,2026-06-23,15:10,ICN,Dep 15:32,,departure,
5X 001_2026-06-23,5X 001,UPS,2026-06-23,15:40,"CGN, PHL",Dep 15:43,,departure,
MH 6105_2026-06-23,MH 6105,MAS,2026-06-23,15:45,KUL,Dep 13:01 (24/06/2026),,departure,
RH 317_2026-06-23,RH 317,HKC,2026-06-23,15:55,HAN,Dep 09:47 (24/06/2026),,departure,
5X 061_2026-06-23,5X 061,UPS,2026-06-23,16:05,"TPE, ANC, SDF",Dep 16:01,,departure,
P9 881_2026-06-23,P9 881,MGE,2026-06-23,16:10,GUM,Dep 21:44 (24/06/2026),,departure,
5X 166_2026-06-23,5X 166,UPS,2026-06-23,16:10,"SIN, SDF",Dep 16:10,,departure,
3S 519_2026-06-23,3S 519,BOX,2026-06-23,17:10,LEJ,Dep 17:07,,departure,
KE 9314_2026-06-23,KE 9314,KAL,2026-06-23,17:10,ICN,Dep 16:35,,departure,
CT 122_2026-06-23,CT 122,AAE,2026-06-23,17:10,"KGF, LGG",Delayed,,departure,
EK 9863_2026-06-23,EK 9863,UAE,2026-06-23,17:10,DWC,Dep 16:20,,departure,
FX 9128_2026-06-23,FX 9128,FDX,2026-06-23,17:50,KIX,Dep 17:38,,departure,
GH 1022_2026-06-23,GH 1022,IGT,2026-06-23,18:00,"NVI, TBS",Dep 17:59,,departure,
7L 247_2026-06-23,7L 247,AZG,2026-06-23,18:15,GYD,Cancelled,,departure,
CX 2026_2026-06-23,CX 2026,CPA,2026-06-23,18:15,TPE,Dep 19:54,,departure,
C8 736_2026-06-23,C8 736,ICV,2026-06-23,18:20,"ASB, MXP",Dep 18:13,,departure,
LH 8461_2026-06-23,LH 8461,GEC,2026-06-23,18:25,"IST, FRA",Dep 18:16,,departure,
EK 9847_2026-06-23,EK 9847,UAE,2026-06-23,18:25,DWC,Dep 18:33,,departure,
7L 572_2026-06-23,7L 572,AZG,2026-06-23,18:35,GYD,Cancelled,,departure,
5X 063_2026-06-23,5X 063,UPS,2026-06-23,19:05,"ANC, SDF",Dep 19:04,,departure,
CI 5838_2026-06-23,CI 5838,CAL,2026-06-23,19:20,TPE,Dep 22:53,,departure,
AK 8542_2026-06-23,AK 8542,AXM,2026-06-23,19:45,KUL,Dep 19:28,,departure,
TH 641_2026-06-23,TH 641,RMY,2026-06-23,19:45,KUL,Dep 18:03 (24/06/2026),,departure,
5X 059_2026-06-23,5X 059,UPS,2026-06-23,19:45,"ANC, ONT",Dep 19:40,,departure,
TK 6314_2026-06-23,TK 6314,THY,2026-06-23,19:50,"CIT, IST",Dep 20:02,,departure,
FX 5991_2026-06-23,FX 5991,FDX,2026-06-23,19:50,"KIX, OAK",Dep 19:54,,departure,
EK 9785_2026-06-23,EK 9785,UAE,2026-06-23,20:00,DWC,Dep 20:13,,departure,
EY 934_2026-06-23,EY 934,ETD,2026-06-23,20:20,AUH,Dep 20:03,,departure,
SQ 7354_2026-06-23,SQ 7354,SIA,2026-06-23,20:20,"MAA, BRU",Dep 20:09,,departure,
ET 3229_2026-06-23,ET 3229,ETH,2026-06-23,20:45,ADD,Dep 22:21,,departure,
CX 2033_2026-06-23,CX 2033,CPA,2026-06-23,20:55,MAA,Dep 21:15,,departure,
CX 3260_2026-06-23,CX 3260,CPA,2026-06-23,21:00,CKG,Dep 11:16 (24/06/2026),,departure,
EK 9005_2026-06-23,EK 9005,UAE,2026-06-23,21:20,DWC,Cancelled,,departure,
CP 126_2026-06-23,CP 126,LSI,2026-06-23,21:25,MXP,Dep 21:25,,departure,
SV 983_2026-06-23,SV 983,SVA,2026-06-23,21:30,RUH,Cancelled,,departure,
D0 009_2026-06-23,D0 009,DHK,2026-06-23,21:40,"CVG, EMA",Dep 22:02,,departure,
AK 8535_2026-06-23,AK 8535,AXM,2026-06-23,21:55,KUL,Cancelled,,departure,
7L 648_2026-06-23,7L 648,AZG,2026-06-23,21:55,GYD,Cancelled,,departure,
WW 109_2026-06-23,WW 109,KXP,2026-06-23,22:00,KUL,Cancelled,,departure,
CX 3238_2026-06-23,CX 3238,CPA,2026-06-23,22:20,"XMN, PVG",Dep 22:24,,departure,
EK 9833_2026-06-23,EK 9833,UAE,2026-06-23,22:20,DWC,Cancelled,,departure,
7L 148_2026-06-23,7L 148,AZG,2026-06-23,22:30,GYD,Cancelled,,departure,
CX 050_2026-06-23,CX 050,CPA,2026-06-23,23:05,PVG,Dep 23:29,,departure,
SR 813_2026-06-23,SR 813,XKY,2026-06-23,23:15,MNL,Dep 23:21,,departure,
ET 3447_2026-06-23,ET 3447,ETH,2026-06-23,23:30,ADD,Cancelled,,departure,
TH 651_2026-06-23,TH 651,RMY,2026-06-23,23:40,KUL,Dep 01:08 (24/06/2026),,departure,
QR 8421_2026-06-23,QR 8421,QTR,2026-06-23,23:40,DOH,Dep 23:42,,departure,
ET 3785_2026-06-24,ET 3785,ETH,2026-06-24,00:00,"MCT, MAD",Cancelled,,departure,
ET 3791_2026-06-24,ET 3791,ETH,2026-06-24,00:00,LGG,Cancelled,,departure,
RH 4568_2026-06-24,RH 4568,HKC,2026-06-24,00:15,TPE,Dep 07:51,,departure,
TK 6241_2026-06-24,TK 6241,THY,2026-06-24,00:30,IST,Dep 03:36,,departure,
QR 8441_2026-06-24,QR 8441,QTR,2026-06-24,00:40,DOH,Dep 00:45,,departure,
CX 006_2026-06-24,CX 006,CPA,2026-06-24,00:50,NRT,Dep 01:00,,departure,
HE 1710_2026-06-24,HE 1710,HGO,2026-06-24,01:00,GYD,Dep 18:29,,departure,
RH 9491_2026-06-24,RH 9491,HKC,2026-06-24,01:00,"ALA, IST",Cancelled,,departure,
QR 8429_2026-06-24,QR 8429,QTR,2026-06-24,01:00,DOH,Dep 01:24,,departure,
KZ 202_2026-06-24,KZ 202,NCA,2026-06-24,01:25,NRT,Dep 01:32,,departure,
CX 096_2026-06-24,CX 096,CPA,2026-06-24,01:30,"ANC, NLU",Dep 01:24,,departure,
EK 9833_2026-06-24,EK 9833,UAE,2026-06-24,01:30,DWC,Dep 01:38,,departure,
2G 102_2026-06-24,2G 102,HUA,2026-06-24,01:45,"ALA, BUD",Cancelled,,departure,
ET 3793_2026-06-24,ET 3793,ETH,2026-06-24,02:00,"BUD, ADD",Dep 04:01,,departure,
QR 8439_2026-06-24,QR 8439,QTR,2026-06-24,02:00,DOH,Dep 02:04,,departure,
NH 8512_2026-06-24,NH 8512,ANA,2026-06-24,02:25,NRT,Dep 02:15,,departure,
KJ 974_2026-06-24,KJ 974,AIH,2026-06-24,02:40,ICN,Dep 02:37,,departure,
EK 9881_2026-06-24,EK 9881,UAE,2026-06-24,02:55,DWC,Cancelled,,departure,
CI 5826_2026-06-24,CI 5826,CAL,2026-06-24,03:00,TPE,Dep 03:29,,departure,
7L 148_2026-06-24,7L 148,AZG,2026-06-24,03:00,GYD,Dep 05:15,,departure,
KE 314_2026-06-24,KE 314,KAL,2026-06-24,03:10,ICN,Dep 03:06,,departure,
LD 204_2026-06-24,LD 204,AHK,2026-06-24,03:15,KIX,Dep 03:13,,departure,
LD 128_2026-06-24,LD 128,AHK,2026-06-24,03:20,ICN,Dep 03:27,,departure,
BR 6538_2026-06-24,BR 6538,EVA,2026-06-24,03:20,TPE,Dep 02:40,,departure,
LD 208_2026-06-24,LD 208,AHK,2026-06-24,03:25,NRT,Dep 03:52,,departure,
LD 327_2026-06-24,LD 327,AHK,2026-06-24,03:25,SIN,Dep 03:40,,departure,
LD 768_2026-06-24,LD 768,AHK,2026-06-24,03:25,PEK,Dep 03:23,,departure,
LD 216_2026-06-24,LD 216,AHK,2026-06-24,03:30,NGO,Dep 03:40,,departure,
8K 526_2026-06-24,8K 526,KMI,2026-06-24,03:30,BKK,Dep 03:30,,departure,
LD 457_2026-06-24,LD 457,AHK,2026-06-24,03:35,"MNL, CEB",Dep 03:35,,departure,
LD 782_2026-06-24,LD 782,AHK,2026-06-24,03:40,PVG,Dep 03:42,,departure,
LD 831_2026-06-24,LD 831,AHK,2026-06-24,03:40,BKK,Dep 03:50,,departure,
LD 561_2026-06-24,LD 561,AHK,2026-06-24,03:45,SGN,Dep 03:52,,departure,
TH 3508_2026-06-24,TH 3508,RMY,2026-06-24,03:45,KUL,Dep 03:50,,departure,
3S 738_2026-06-24,3S 738,BOX,2026-06-24,04:00,LAX,Dep 04:15,,departure,
ET 3707_2026-06-24,ET 3707,ETH,2026-06-24,04:00,"BUD, ADD",Cancelled,,departure,
3Y 6011_2026-06-24,3Y 6011,MYU,2026-06-24,04:00,CGK,Dep 04:35,,departure,
7L 1148_2026-06-24,7L 1148,AZG,2026-06-24,04:00,GYD,Dep 03:50,,departure,
HJ 022_2026-06-24,HJ 022,TMN,2026-06-24,04:00,SYD,Dep 04:06,,departure,
LD 720_2026-06-24,LD 720,AHK,2026-06-24,04:05,CTU,Dep 04:01,,departure,
TH 3091_2026-06-24,TH 3091,RMY,2026-06-24,04:15,PEN,Dep 04:35,,departure,
LD 680_2026-06-24,LD 680,AHK,2026-06-24,04:20,TPE,Dep 04:10,,departure,
CX 2090_2026-06-24,CX 2090,CPA,2026-06-24,04:25,"ANC, DFW, LAX",Dep 04:20,,departure,
TK 6347_2026-06-24,TK 6347,THY,2026-06-24,05:20,"CIT, IST",Dep 04:48,,departure,
EK 9831_2026-06-24,EK 9831,UAE,2026-06-24,05:30,DWC,Dep 05:15,,departure,
3S 713_2026-06-24,3S 713,BOX,2026-06-24,05:35,"DXB, LEJ",Dep 06:00,,departure,
3S 735_2026-06-24,3S 735,BOX,2026-06-24,05:40,"BLR, LEJ",Dep 05:37,,departure,
ES 728_2026-06-24,ES 728,DHX,2026-06-24,05:40,BAH,Dep 05:58,,departure,
QR 8411_2026-06-24,QR 8411,QTR,2026-06-24,05:45,DOH,Dep 07:52,,departure,
FX 5023_2026-06-24,FX 5023,FDX,2026-06-24,06:00,"IST, CDG, LGG, MEM",Dep 06:28,,departure,
MB 480_2026-06-24,MB 480,MNB,2026-06-24,06:00,"SHJ, IST",Dep 09:51,,departure,
HE 891_2026-06-24,HE 891,HGO,2026-06-24,06:00,RUH,Dep 05:40,,departure,
HE 893_2026-06-24,HE 893,HGO,2026-06-24,06:00,SHJ,Cancelled,,departure,
Y9 2562_2026-06-24,Y9 2562,SGA,2026-06-24,06:15,"DAC, DOH",Dep 11:39,,departure,
K4 253_2026-06-24,K4 253,CKS,2026-06-24,06:40,"YHM, JFK, CVG",Dep 07:13,,departure,
D0 591_2026-06-24,D0 591,DHK,2026-06-24,06:40,"DEL, EMA",Dep 06:46,,departure,
CP 166_2026-06-24,CP 166,LSI,2026-06-24,06:45,"GYD, MXP",Dep 06:35,,departure,
K4 243_2026-06-24,K4 243,CKS,2026-06-24,07:00,"ANC, MIA, CVG",Dep 07:21,,departure,
RH 331_2026-06-24,RH 331,HKC,2026-06-24,07:00,BKK,Dep 10:13,,departure,
K4 567_2026-06-24,K4 567,CKS,2026-06-24,07:00,"ICN, ANC, DFW",Dep 10:00,,departure,
N8 552_2026-06-24,N8 552,NCR,2026-06-24,07:00,DWC,Dep 08:58,,departure,
CK 264_2026-06-24,CK 264,CKK,2026-06-24,07:00,CKG,Cancelled,,departure,
F5 7621_2026-06-24,F5 7621,ATG,2026-06-24,07:00,"DWC, TLV",Dep 07:03,,departure,
EK 9799_2026-06-24,EK 9799,UAE,2026-06-24,07:00,DWC,Dep 06:58,,departure,
K4 531_2026-06-24,K4 531,CKS,2026-06-24,07:10,"ICN, ANC, LAX",Dep 19:27,,departure,
ET 3767_2026-06-24,ET 3767,ETH,2026-06-24,07:10,LGG,Cancelled,,departure,
SR 815_2026-06-24,SR 815,XKY,2026-06-24,07:15,CRK,Dep 19:36,,departure,
K4 563_2026-06-24,K4 563,CKS,2026-06-24,07:30,"ICN, ANC, LAX",Dep 14:37,,departure,
K4 288_2026-06-24,K4 288,CKS,2026-06-24,08:15,"LEJ, CVG",Dep 07:56,,departure,
CX 2075_2026-06-24,CX 2075,CPA,2026-06-24,08:15,SIN,Dep 08:58,,departure,
RH 701_2026-06-24,RH 701,HKC,2026-06-24,08:25,SYD,Dep 08:43,,departure,
3S 515_2026-06-24,3S 515,BOX,2026-06-24,08:30,LEJ,Dep 08:50,,departure,
RH 371_2026-06-24,RH 371,HKC,2026-06-24,08:40,SIN,Dep 17:58,,departure,
EK 9861_2026-06-24,EK 9861,UAE,2026-06-24,08:40,DWC,Dep 10:10,,departure,
5Y 8030_2026-06-24,5Y 8030,GTI,2026-06-24,08:50,"ANC, MIA",Dep 07:08 (25/06/2026),,departure,
KJ 952_2026-06-24,KJ 952,AIH,2026-06-24,09:20,ICN,Dep 09:30,,departure,
RH 9487_2026-06-24,RH 9487,HKC,2026-06-24,09:20,"ALA, IST",Dep 08:09 (25/06/2026),,departure,
2C 573_2026-06-24,2C 573,CMA,2026-06-24,09:30,"NVI, CDG",Dep 09:31,,departure,
K4 702_2026-06-24,K4 702,CKS,2026-06-24,09:30,"DWC, TLV",Dep 10:24,,departure,
CV 515_2026-06-24,CV 515,CLX,2026-06-24,09:50,"GYD, BUD, LUX",Dep 10:00,,departure,
QY 675_2026-06-24,QY 675,BCS,2026-06-24,09:50,"ALA, LEJ",Dep 10:20,,departure,
O3 268_2026-06-24,O3 268,CSS,2026-06-24,09:55,NGB,Dep 09:17,,departure,
QY 517_2026-06-24,QY 517,BCS,2026-06-24,10:00,"ALA, LEJ",Dep 10:27,,departure,
N8 502_2026-06-24,N8 502,NCR,2026-06-24,10:15,NRT,Dep 11:09,,departure,
5X 067_2026-06-24,5X 067,UPS,2026-06-24,10:15,"ANC, SDF",Dep 10:06,,departure,
3S 523_2026-06-24,3S 523,BOX,2026-06-24,10:25,"BAH, LEJ",Dep 11:09,,departure,
CX 3174_2026-06-24,CX 3174,CPA,2026-06-24,10:25,"ANC, MIA, ATL",Dep 10:49,,departure,
CX 3241_2026-06-24,CX 3241,CPA,2026-06-24,10:45,CGK,Dep 11:03,,departure,
3S 507_2026-06-24,3S 507,BOX,2026-06-24,10:55,"BAH, LEJ",Cancelled,,departure,
QR 8403_2026-06-24,QR 8403,QTR,2026-06-24,11:15,DOH,Dep 11:08,,departure,
5X 003_2026-06-24,5X 003,UPS,2026-06-24,11:25,"CGN, PHL",Dep 13:10,,departure,
T8 4704_2026-06-24,T8 4704,TVR,2026-06-24,12:00,DMM,Dep 14:46,,departure,
T8 4726_2026-06-24,T8 4726,TVR,2026-06-24,12:00,DMM,Dep 12:09,,departure,
3V 400_2026-06-24,3V 400,TAY,2026-06-24,12:25,"ALA, LGG",Dep 07:30 (25/06/2026),,departure,
5Y 8131_2026-06-24,5Y 8131,GTI,2026-06-24,12:40,"DEL, ANC",Dep 13:08,,departure,
CV 261_2026-06-24,CV 261,CLX,2026-06-24,13:00,"ANC, MIA, JFK, LUX",Dep 14:30,,departure,
SV 985_2026-06-24,SV 985,SVA,2026-06-24,13:00,RUH,Dep 13:26,,departure,
TK 6237_2026-06-24,TK 6237,THY,2026-06-24,13:15,IST,Dep 16:22,,departure,
KJ 970_2026-06-24,KJ 970,AIH,2026-06-24,13:15,ICN,Dep 14:46,,departure,
CX 3294_2026-06-24,CX 3294,CPA,2026-06-24,13:30,"ANC, JFK",Dep 13:44,,departure,
EK 9859_2026-06-24,EK 9859,UAE,2026-06-24,14:00,DWC,Dep 11:43,,departure,
CX 2086_2026-06-24,CX 2086,CPA,2026-06-24,14:25,"ANC, MIA",Dep 17:57,,departure,
K4 551_2026-06-24,K4 551,CKS,2026-06-24,14:40,"NRT, ANC, ORD",Dep 14:58,,departure,
WW 862_2026-06-24,WW 862,KXP,2026-06-24,14:45,KUL,Cancelled,,departure,
EK 9781_2026-06-24,EK 9781,UAE,2026-06-24,14:45,DWC,Dep 15:08,,departure,
EY 9726_2026-06-24,EY 9726,ETD,2026-06-24,14:50,AUH,Dep 15:03,,departure,
QR 8465_2026-06-24,QR 8465,QTR,2026-06-24,14:50,DOH,Dep 15:03,,departure,
CX 045_2026-06-24,CX 045,CPA,2026-06-24,15:20,BOM,Dep 15:47,,departure,
KZ 206_2026-06-24,KZ 206,NCA,2026-06-24,15:30,NRT,Cancelled,,departure,
K4 270_2026-06-24,K4 270,CKS,2026-06-24,15:55,"DWC, LGG",Dep 17:38,,departure,
RH 317_2026-06-24,RH 317,HKC,2026-06-24,15:55,HAN,Dep 05:48 (25/06/2026),,departure,
5X 061_2026-06-24,5X 061,UPS,2026-06-24,16:05,"TPE, ANC, SDF",Dep 16:00,,departure,
P9 881_2026-06-24,P9 881,MGE,2026-06-24,16:10,GUM,Cancelled,,departure,
5X 166_2026-06-24,5X 166,UPS,2026-06-24,16:10,"SIN, SDF",Dep 16:10,,departure,
ET 3629_2026-06-24,ET 3629,ETH,2026-06-24,16:15,ADD,Dep 15:51,,departure,
CX 3037_2026-06-24,CX 3037,CPA,2026-06-24,16:15,HAN,Dep 16:13,,departure,
3S 519_2026-06-24,3S 519,BOX,2026-06-24,17:00,LEJ,Dep 17:01,,departure,
EY 932_2026-06-24,EY 932,ETD,2026-06-24,17:20,AUH,Dep 17:29,,departure,
7L 923_2026-06-24,7L 923,AZG,2026-06-24,17:20,GYD,Cancelled,,departure,
5C 850_2026-06-24,5C 850,ICL,2026-06-24,17:25,"DWC, TLV",Dep 17:43,,departure,
SV 975_2026-06-24,SV 975,SVA,2026-06-24,17:30,JED,Cancelled,,departure,
KE 8314_2026-06-24,KE 8314,KAL,2026-06-24,17:30,ICN,Dep 16:51,,departure,
SQ 7988_2026-06-24,SQ 7988,SIA,2026-06-24,17:35,"ANC, LAX",Dep 18:43,,departure,
RH 9457_2026-06-24,RH 9457,HKC,2026-06-24,18:10,DEL,Dep 20:48,,departure,
7L 628_2026-06-24,7L 628,AZG,2026-06-24,18:15,GYD,Cancelled,,departure,
7L 648_2026-06-24,7L 648,AZG,2026-06-24,18:15,GYD,Dep 19:59,,departure,
7L 1923_2026-06-24,7L 1923,AZG,2026-06-24,18:20,GYD,Cancelled,,departure,
LH 8461_2026-06-24,LH 8461,GEC,2026-06-24,18:25,"IST, FRA",Dep 18:55,,departure,
7L 624_2026-06-24,7L 624,AZG,2026-06-24,18:25,GYD,Cancelled,,departure,
5Y 825_2026-06-24,5Y 825,GTI,2026-06-24,18:35,"ANC, MIA",Dep 21:39,,departure,
CX 3349_2026-06-24,CX 3349,CPA,2026-06-24,18:40,BKK,Dep 18:25,,departure,
2U 8021_2026-06-24,2U 8021,FKH,2026-06-24,18:50,"NQZ, RIX",Cancelled,,departure,
5X 063_2026-06-24,5X 063,UPS,2026-06-24,19:05,"ANC, SDF",Dep 19:13,,departure,
CI 6844_2026-06-24,CI 6844,CAL,2026-06-24,19:20,TPE,Dep 19:50,,departure,
CV 245_2026-06-24,CV 245,CLX,2026-06-24,19:25,"ANC, NLU, GDL, LAX",Dep 19:01,,departure,
SQ 7861_2026-06-24,SQ 7861,SIA,2026-06-24,19:30,SIN,Dep 19:29,,departure,
WW 866_2026-06-24,WW 866,KXP,2026-06-24,19:35,HKG,Cancelled,,departure,
MH 6103_2026-06-24,MH 6103,MAS,2026-06-24,19:40,KUL,Dep 16:33 (25/06/2026),,departure,
AK 8546_2026-06-24,AK 8546,AXM,2026-06-24,19:45,KUL,Dep 19:41,,departure,
TH 641_2026-06-24,TH 641,RMY,2026-06-24,19:45,KUL,Dep 20:17 (25/06/2026),,departure,
FX 5991_2026-06-24,FX 5991,FDX,2026-06-24,19:50,"KIX, OAK",Dep 20:03,,departure,
5X 059_2026-06-24,5X 059,UPS,2026-06-24,19:50,"ANC, ONT",Dep 19:48,,departure,
CX 017_2026-06-24,CX 017,CPA,2026-06-24,20:00,MAA,Dep 20:54,,departure,
CX 090_2026-06-24,CX 090,CPA,2026-06-24,20:50,"ANC, ORD",Dep 20:41,,departure,
QR 8479_2026-06-24,QR 8479,QTR,2026-06-24,21:00,DOH,Dep 21:05,,departure,
CI 5834_2026-06-24,CI 5834,CAL,2026-06-24,21:20,TPE,Dep 20:40,,departure,
RH 351_2026-06-24,RH 351,HKC,2026-06-24,21:20,MNL,Dep 21:55,,departure,
5Y 8522_2026-06-24,5Y 8522,GTI,2026-06-24,21:40,HAN,Cancelled,,departure,
D0 007_2026-06-24,D0 007,DHK,2026-06-24,21:40,"CVG, LEJ, EMA",Dep 21:50,,departure,
AK 8535_2026-06-24,AK 8535,AXM,2026-06-24,21:55,KUL,Dep 06:10 (26/06/2026),,departure,
TK 6239_2026-06-24,TK 6239,THY,2026-06-24,22:30,"CIT, IST",Dep 01:30 (25/06/2026),,departure,
CX 037_2026-06-24,CX 037,CPA,2026-06-24,23:20,"DEL, CDG",Dep 23:27,,departure,
BR 6530_2026-06-24,BR 6530,EVA,2026-06-24,23:35,TPE,Dep 23:31,,departure,
TH 651_2026-06-24,TH 651,RMY,2026-06-24,23:40,KUL,Dep 23:46,,departure,
QF 7526_2026-06-24,QF 7526,QFA,2026-06-24,23:55,SYD,Dep 23:36,,departure,
CX 050_2026-06-24,CX 050,CPA,2026-06-24,23:55,PVG,Dep 03:04 (25/06/2026),,departure,
CX 2062_2026-06-24,CX 2062,CPA,2026-06-24,23:55,CTU,Dep 00:18 (25/06/2026),,departure,
SV 963_2026-06-25,SV 963,SVA,2026-06-25,00:00,RUH,Dep 23:59 (24/06/2026),,departure,
MB 305_2026-06-25,MB 305,MNB,2026-06-25,00:10,"NVI, IST",Dep 00:06,,departure,
RH 4568_2026-06-25,RH 4568,HKC,2026-06-25,00:15,TPE,Dep 14:32,,departure,
CX 006_2026-06-25,CX 006,CPA,2026-06-25,00:50,NRT,Dep 01:49,,departure,
MS 510_2026-06-25,MS 510,MSR,2026-06-25,01:00,BKK,Dep 01:10,,departure,
CX 086_2026-06-25,CX 086,CPA,2026-06-25,01:30,"ANC, NLU",Dep 02:00,,departure,
CX 3170_2026-06-25,CX 3170,CPA,2026-06-25,01:50,"ANC, MIA, IAH",Dep 01:55,,departure,
TK 6265_2026-06-25,TK 6265,THY,2026-06-25,02:05,IST,Dep 01:47,,departure,
KZ 202_2026-06-25,KZ 202,NCA,2026-06-25,02:25,NRT,Dep 03:00,,departure,
NH 8512_2026-06-25,NH 8512,ANA,2026-06-25,02:25,NRT,Dep 02:17,,departure,
MB 482_2026-06-25,MB 482,MNB,2026-06-25,02:40,SHJ,Dep 06:16,,departure,
KJ 972_2026-06-25,KJ 972,AIH,2026-06-25,02:40,ICN,Dep 02:53,,departure,
CI 5836_2026-06-25,CI 5836,CAL,2026-06-25,03:00,TPE,Dep 04:29,,departure,
CX 3254_2026-06-25,CX 3254,CPA,2026-06-25,03:10,PVG,Dep 08:26,,departure,
KE 314_2026-06-25,KE 314,KAL,2026-06-25,03:10,ICN,Dep 02:45,,departure,
LD 204_2026-06-25,LD 204,AHK,2026-06-25,03:15,KIX,Dep 03:20,,departure,
LD 128_2026-06-25,LD 128,AHK,2026-06-25,03:20,ICN,Dep 03:15,,departure,
BR 6536_2026-06-25,BR 6536,EVA,2026-06-25,03:20,TPE,Dep 04:07,,departure,
LD 208_2026-06-25,LD 208,AHK,2026-06-25,03:25,NRT,Dep 03:49,,departure,
LD 327_2026-06-25,LD 327,AHK,2026-06-25,03:25,SIN,Dep 03:30,,departure,
LD 768_2026-06-25,LD 768,AHK,2026-06-25,03:25,PEK,Dep 03:21,,departure,
LD 216_2026-06-25,LD 216,AHK,2026-06-25,03:30,NGO,Dep 03:39,,departure,
8K 526_2026-06-25,8K 526,KMI,2026-06-25,03:30,BKK,Dep 03:30,,departure,
LD 457_2026-06-25,LD 457,AHK,2026-06-25,03:35,"MNL, CEB",Dep 03:31,,departure,
LD 782_2026-06-25,LD 782,AHK,2026-06-25,03:40,PVG,Dep 03:41,,departure,
LD 831_2026-06-25,LD 831,AHK,2026-06-25,03:40,BKK,Dep 03:41,,departure,
LD 561_2026-06-25,LD 561,AHK,2026-06-25,03:45,SGN,Dep 03:48,,departure,
TH 3508_2026-06-25,TH 3508,RMY,2026-06-25,03:45,KUL,Dep 03:48,,departure,
3S 502_2026-06-25,3S 502,BOX,2026-06-25,04:00,LAX,Dep 04:07,,departure,
3Y 6011_2026-06-25,3Y 6011,MYU,2026-06-25,04:00,"BKI, CGK",Dep 04:07,,departure,
HJ 022_2026-06-25,HJ 022,TMN,2026-06-25,04:00,SYD,Dep 04:24,,departure,
LD 720_2026-06-25,LD 720,AHK,2026-06-25,04:05,CTU,Dep 04:03,,departure,
TH 3091_2026-06-25,TH 3091,RMY,2026-06-25,04:15,PEN,Dep 05:10,,departure,
LD 680_2026-06-25,LD 680,AHK,2026-06-25,04:20,TPE,Dep 04:23,,departure,
K4 915_2026-06-25,K4 915,CKS,2026-06-25,05:00,"ANC, YYZ",Dep 06:04,,departure,
3S 715_2026-06-25,3S 715,BOX,2026-06-25,05:35,"DXB, LEJ",Dep 06:03,,departure,
3S 733_2026-06-25,3S 733,BOX,2026-06-25,05:40,"BLR, LEJ",Dep 06:13,,departure,
ES 720_2026-06-25,ES 720,DHX,2026-06-25,05:40,BAH,Dep 05:55,,departure,
EK 9835_2026-06-25,EK 9835,UAE,2026-06-25,05:45,DWC,Dep 07:09,,departure,
SV 981_2026-06-25,SV 981,SVA,2026-06-25,06:10,RUH,Cancelled,,departure,
FX 5025_2026-06-25,FX 5025,FDX,2026-06-25,06:20,"IST, CDG, LGG, MEM",Dep 07:43,,departure,
ET 3707_2026-06-25,ET 3707,ETH,2026-06-25,06:30,"BUD, ADD",Dep 04:06,,departure,
K4 255_2026-06-25,K4 255,CKS,2026-06-25,06:40,"YHM, JFK, CVG",Dep 06:47,,departure,
D0 593_2026-06-25,D0 593,DHK,2026-06-25,06:40,"DEL, EMA",Dep 06:39,,departure,
3S 505_2026-06-25,3S 505,BOX,2026-06-25,06:50,LEJ,Dep 06:58,,departure,
CV 3119_2026-06-25,CV 3119,CLX,2026-06-25,06:50,"ASB, LUX",Dep 07:22,,departure,
K4 241_2026-06-25,K4 241,CKS,2026-06-25,07:00,"ANC, MIA, CVG",Dep 07:11,,departure,
RH 331_2026-06-25,RH 331,HKC,2026-06-25,07:00,BKK,Dep 08:03,,departure,
K4 531_2026-06-25,K4 531,CKS,2026-06-25,07:00,"ICN, ANC, DFW",Cancelled,,departure,
CK 264_2026-06-25,CK 264,CKK,2026-06-25,07:00,CKG,Dep 06:53,,departure,
CC 4600_2026-06-25,CC 4600,ABD,2026-06-25,07:00,"CMB, JNB",Dep 07:40,,departure,
CT 124_2026-06-25,CT 124,AAE,2026-06-25,07:00,KGF,Dep 07:05 (26/06/2026),,departure,
RH 392_2026-06-25,RH 392,HKC,2026-06-25,07:05,"CIT, BUD",Dep 06:05 (26/06/2026),,departure,
5Y 8523_2026-06-25,5Y 8523,GTI,2026-06-25,07:30,"ANC, ORD",Dep 07:31,,departure,
HE 896_2026-06-25,HE 896,HGO,2026-06-25,07:30,SHJ,Dep 10:48 (26/06/2026),,departure,
SR 815_2026-06-25,SR 815,XKY,2026-06-25,07:30,CRK,Cancelled,,departure,
QR 8471_2026-06-25,QR 8471,QTR,2026-06-25,07:40,DOH,Dep 07:58,,departure,
K4 531D_2026-06-25,K4 531D,CKS,2026-06-25,08:25,"ICN, ANC, ANC",Dep 08:40,,departure,
3S 503_2026-06-25,3S 503,BOX,2026-06-25,08:30,LEJ,Dep 08:40,,departure,
RH 371D_2026-06-25,RH 371D,HKC,2026-06-25,08:40,SIN,Dep 18:10 (26/06/2026),,departure,
QR 8417_2026-06-25,QR 8417,QTR,2026-06-25,08:45,DOH,Dep 09:04,,departure,
CC 4800_2026-06-25,CC 4800,ABD,2026-06-25,09:20,CMB,Dep 17:46 (26/06/2026),,departure,
RH 394_2026-06-25,RH 394,HKC,2026-06-25,09:30,"ALA, ATH",Cancelled,,departure,
RH 962_2026-06-25,RH 962,HKC,2026-06-25,09:55,KIX,Dep 10:31,,departure,
O3 268_2026-06-25,O3 268,CSS,2026-06-25,09:55,NGB,Dep 09:09,,departure,
CX 043_2026-06-25,CX 043,CPA,2026-06-25,10:10,DEL,Dep 10:47,,departure,
3S 709_2026-06-25,3S 709,BOX,2026-06-25,10:25,"BAH, LEJ",Dep 10:16,,departure,
5X 067_2026-06-25,5X 067,UPS,2026-06-25,10:25,"ICN, ANC, SDF",Dep 10:32,,departure,
CV 7624_2026-06-25,CV 7624,CLX,2026-06-25,10:30,"NQZ, LUX",Dep 18:50,,departure,
CI 5832_2026-06-25,CI 5832,CAL,2026-06-25,11:15,TPE,Cancelled,,departure,
QR 8427_2026-06-25,QR 8427,QTR,2026-06-25,11:15,DOH,Dep 11:24,,departure,
MP 9432_2026-06-25,MP 9432,MPH,2026-06-25,11:15,"ALA, AMS",Dep 11:15,,departure,
5X 003_2026-06-25,5X 003,UPS,2026-06-25,11:25,"CGN, PHL",Dep 11:13,,departure,
5Y 8030_2026-06-25,5Y 8030,GTI,2026-06-25,11:25,"ANC, MIA",Cancelled,,departure,
T8 4704_2026-06-25,T8 4704,TVR,2026-06-25,12:00,SHJ,Dep 12:05,,departure,
2G 102_2026-06-25,2G 102,HUA,2026-06-25,12:15,"ALA, BUD",Cancelled,,departure,
QY 671_2026-06-25,QY 671,BCS,2026-06-25,12:20,"ALA, LEJ",Dep 12:25,,departure,
EK 9825_2026-06-25,EK 9825,UAE,2026-06-25,12:25,DWC,Dep 12:54,,departure,
3S 517_2026-06-25,3S 517,BOX,2026-06-25,12:40,LEJ,Dep 12:32,,departure,
F5 7623_2026-06-25,F5 7623,ATG,2026-06-25,13:00,"DWC, TLV",Dep 14:40,,departure,
EY 926_2026-06-25,EY 926,ETD,2026-06-25,13:15,AUH,Dep 13:21,,departure,
RH 9457_2026-06-25,RH 9457,HKC,2026-06-25,13:20,DEL,Dep 14:18,,departure,
KJ 968_2026-06-25,KJ 968,AIH,2026-06-25,13:30,ICN,Dep 13:55,,departure,
CX 3298_2026-06-25,CX 3298,CPA,2026-06-25,13:50,"ANC, JFK",Dep 16:58,,departure,
EK 9837_2026-06-25,EK 9837,UAE,2026-06-25,14:00,DWC,Dep 13:59,,departure,
3S 509_2026-06-25,3S 509,BOX,2026-06-25,14:15,LEJ,Dep 14:06,,departure,
EY 948_2026-06-25,EY 948,ETD,2026-06-25,14:25,AUH,Dep 15:14,,departure,
ET 3685_2026-06-25,ET 3685,ETH,2026-06-25,14:40,ADD,Dep 15:16,,departure,
SQ 7952_2026-06-25,SQ 7952,SIA,2026-06-25,14:45,"ANC, DFW",Dep 14:55,,departure,
WW 862_2026-06-25,WW 862,KXP,2026-06-25,14:45,KUL,Dep 23:22,,departure,
EK 9841_2026-06-25,EK 9841,UAE,2026-06-25,14:55,DWC,Dep 15:06,,departure,
CX 3032_2026-06-25,CX 3032,CPA,2026-06-25,15:10,ICN,Dep 15:08,,departure,
EK 9941_2026-06-25,EK 9941,UAE,2026-06-25,15:35,DWC,Cancelled,,departure,
RH 317_2026-06-25,RH 317,HKC,2026-06-25,15:55,HAN,Cancelled,,departure,
5Y 638_2026-06-25,5Y 638,GTI,2026-06-25,16:00,"ANC, LAX",Dep 18:02,,departure,
CX 3243_2026-06-25,CX 3243,CPA,2026-06-25,16:05,HAN,Dep 16:30,,departure,
5X 061_2026-06-25,5X 061,UPS,2026-06-25,16:05,"TPE, ANC, SDF",Dep 16:17,,departure,
P9 881_2026-06-25,P9 881,MGE,2026-06-25,16:10,GUM,Dep 03:59 (26/06/2026),,departure,
5X 166_2026-06-25,5X 166,UPS,2026-06-25,16:10,"SIN, SDF",Dep 16:25,,departure,
3S 519_2026-06-25,3S 519,BOX,2026-06-25,17:00,LEJ,Dep 17:35,,departure,
KE 9314_2026-06-25,KE 9314,KAL,2026-06-25,17:05,ICN,Dep 16:46,,departure,
5Y 654_2026-06-25,5Y 654,GTI,2026-06-25,17:25,"ICN, ANC, ORD",Dep 17:10,,departure,
MH 6119_2026-06-25,MH 6119,MAS,2026-06-25,18:10,KUL,Dep 11:55 (26/06/2026),,departure,
LH 8461_2026-06-25,LH 8461,GEC,2026-06-25,18:25,"IST, FRA",Dep 18:14,,departure,
CX 2047_2026-06-25,CX 2047,CPA,2026-06-25,18:30,MAA,Dep 18:30,,departure,
CV 287_2026-06-25,CV 287,CLX,2026-06-25,18:55,"ANC, DFW, MIA, LUX",Dep 20:21,,departure,
5X 063_2026-06-25,5X 063,UPS,2026-06-25,19:05,"ANC, SDF",Dep 19:58,,departure,
CI 5838_2026-06-25,CI 5838,CAL,2026-06-25,19:20,TPE,Dep 22:10,,departure,
SV 3021_2026-06-25,SV 3021,SVA,2026-06-25,19:30,"HSA, LGG, FRA",Dep 19:28,,departure,
TH 641_2026-06-25,TH 641,RMY,2026-06-25,19:30,KUL,Cancelled,,departure,
CP 138_2026-06-25,CP 138,LSI,2026-06-25,19:35,"GYD, MXP",Dep 19:32,,departure,
AK 8542_2026-06-25,AK 8542,AXM,2026-06-25,19:45,KUL,Cancelled,,departure,
FX 5991_2026-06-25,FX 5991,FDX,2026-06-25,19:50,"KIX, OAK",Dep 19:56,,departure,
5X 059_2026-06-25,5X 059,UPS,2026-06-25,19:50,"ANC, ONT",Dep 19:42,,departure,
C8 782_2026-06-25,C8 782,ICV,2026-06-25,20:00,"ASB, MXP",Dep 20:12,,departure,
HE 1710_2026-06-25,HE 1710,HGO,2026-06-25,20:00,GYD,Dep 09:40 (26/06/2026),,departure,
F5 7625_2026-06-25,F5 7625,ATG,2026-06-25,20:20,DWC,Cancelled,,departure,
CX 056_2026-06-25,CX 056,CPA,2026-06-25,20:25,PVG,Dep 21:18 (26/06/2026),,departure,
7L 147_2026-06-25,7L 147,AZG,2026-06-25,20:25,GYD,Cancelled,,departure,
CX 054_2026-06-25,CX 054,CPA,2026-06-25,20:45,"CGO, PVG",Dep 20:50,,departure,
RH 351_2026-06-25,RH 351,HKC,2026-06-25,21:20,MNL,Dep 22:00,,departure,
7L 692_2026-06-25,7L 692,AZG,2026-06-25,21:20,GYD,Cancelled,,departure,
QR 8413_2026-06-25,QR 8413,QTR,2026-06-25,21:30,DOH,Dep 22:01,,departure,
D0 009_2026-06-25,D0 009,DHK,2026-06-25,21:40,"CVG, EMA",Dep 22:19,,departure,
EK 9785_2026-06-25,EK 9785,UAE,2026-06-25,22:20,DWC,Dep 01:56 (26/06/2026),,departure,
MB 430_2026-06-25,MB 430,MNB,2026-06-25,23:10,"NVI, IST",Dep 02:13 (26/06/2026),,departure,
